"externalModuleName","numberOfExternalCallerModules","numberOfExternalCallerElements","numberOfExternalDeclarationCalls","numberOfExternalDeclarationCallsWeighted","allModules","allInternalElements","exampleStories","Source Cypher File: External_Dependencies/External_module_usage_overall_for_Typescript.cypher"
"node",22,28,272,404,137,627,"<reactRouterVitePlugin> of module <vite> imports <Environment.name> from external module <node>,<reactRouterVitePlugin> of module <vite> imports <RunnableDevEnvironment.runner> from external module <node>,<reactRouterVitePlugin> of module <vite> imports <EnvironmentOptions.resolve> from external module <node>,<reactRouterVitePlugin> of module <vite> imports <Plugin> from external module <node>",""
"@types/process",17,20,42,50,137,627,"<reactRouterVitePlugin> of module <vite> imports <global.NodeJS.ProcessEnv.IS_RR_BUILD_REQUEST> from external module <process>,<reactRouterVitePlugin> of module <vite> imports <global.NodeJS.Process.exit> from external module <process>,<reactRouterVitePlugin> of module <vite> imports <global.NodeJS.Process.cwd> from external module <process>,<reactRouterVitePlugin> of module <vite> imports <global.NodeJS.ProcessEnv.REACT_ROUTER_ROOT> from external module <process>",""
"dist",17,26,98,245,137,627,"<relative> of module <routes> imports <resolve> from external module <dist>,<relative> of module <routes> imports <resolve> from external module <dist>,<reactRouterRSCVitePlugin> of module <plugin> imports <path.dirname> from external module <dist>,<reactRouterRSCVitePlugin> of module <plugin> imports <resolve> from external module <dist>",""
"@types/path",13,19,52,106,137,627,"<reactRouterVitePlugin> of module <vite> imports <path.PlatformPath.dirname> from external module <path>,<reactRouterVitePlugin> of module <vite> imports <path.PlatformPath.basename> from external module <path>,<reactRouterVitePlugin> of module <vite> imports <path.PlatformPath.join> from external module <path>,<reactRouterVitePlugin> of module <vite> imports <path.PlatformPath.relative> from external module <path>",""
"@types/globals",8,9,11,15,137,627,"<reactRouterVitePlugin> of module <vite> imports <global.NodeRequire.resolve> from external module <globals>,<reactRouterVitePlugin> of module <plugin> imports <global.NodeRequire.resolve> from external module <globals>,<reactRouterRSCVitePlugin> of module <plugin> imports <global.NodeRequire.resolve> from external module <globals>,<reactRouterRSCVitePlugin> of module <vite> imports <global.NodeRequire.resolve> from external module <globals>",""
"node:fs",8,10,23,38,137,627,"<reactRouterVitePlugin> of module <vite> imports <readdirSync> from external module <node:fs>,<reactRouterVitePlugin> of module <vite> imports <existsSync> from external module <node:fs>,<reactRouterVitePlugin> of module <vite> imports <rmSync> from external module <node:fs>,<reactRouterVitePlugin> of module <plugin> imports <readdirSync> from external module <node:fs>",""
"picocolors",8,9,12,35,137,627,"<reactRouterVitePlugin> of module <vite> imports <picocolors> from external module <picocolors>,<reactRouterVitePlugin> of module <plugin> imports <picocolors> from external module <picocolors>,<reactRouterRSCVitePlugin> of module <plugin> imports <picocolors> from external module <picocolors>,<reactRouterRSCVitePlugin> of module <vite> imports <picocolors> from external module <picocolors>",""
"promises",8,12,34,56,137,627,"<reactRouterVitePlugin> of module <vite> imports <rename> from external module <promises>,<reactRouterVitePlugin> of module <vite> imports <rm> from external module <promises>,<reactRouterVitePlugin> of module <vite> imports <mkdir> from external module <promises>,<reactRouterVitePlugin> of module <vite> imports <cp> from external module <promises>",""
"@types/react",7,24,91,354,137,627,"<AwaitContextProvider> of module <react-router> imports <React.Context.Provider> from external module <react>,<AwaitContextProvider> of module <react-router> imports <React.createElement> from external module <react>,<AwaitContextProvider> of module <react-router> imports <React.FunctionComponentElement> from external module <react>,<AwaitContextProvider> of module <react-router> imports <React.ProviderProps> from external module <react>",""
"@types/babel__generator",6,7,12,14,137,627,"<reactRouterVitePlugin> of module <vite> imports <GeneratorResult.code> from external module <babel__generator>,<reactRouterVitePlugin> of module <vite> imports <GeneratorResult> from external module <babel__generator>,<reactRouterVitePlugin> of module <plugin> imports <GeneratorResult.code> from external module <babel__generator>,<reactRouterVitePlugin> of module <plugin> imports <GeneratorResult> from external module <babel__generator>",""
"@types/buffer",6,4,12,13,137,627,"<reactRouterVitePlugin> of module <vite> imports <global.Buffer.toString> from external module <buffer>,<reactRouterVitePlugin> of module <plugin> imports <global.Buffer.toString> from external module <buffer>,<createFileSessionStorage> of module <react-router-node> imports <global.BufferConstructor.from> from external module <buffer>,<createFileSessionStorage> of module <react-router-node> imports <global.Buffer.toString> from external module <buffer>",""
"http",6,5,10,10,137,627,"<reactRouterVitePlugin> of module <vite> imports <ServerResponse.setHeader> from external module <http>,<reactRouterVitePlugin> of module <vite> imports <ServerResponse.end> from external module <http>,<reactRouterVitePlugin> of module <plugin> imports <ServerResponse.setHeader> from external module <http>,<reactRouterVitePlugin> of module <plugin> imports <ServerResponse.end> from external module <http>",""
"node:path",6,10,10,25,137,627,"<stop> of module <profiler> imports <node:path> from external module <node:path>,<isSegmentSeparator> of module <flatRoutes> imports <node:path> from external module <node:path>,<flatRoutesUniversal> of module <flatRoutes> imports <node:path> from external module <node:path>,<flatRoutes> of module <flatRoutes> imports <node:path> from external module <node:path>",""
"readline",6,6,10,32,137,627,"<ConfirmPrompt> of module <prompts-confirm> imports <Key> from external module <readline>,<MultiSelectPrompt> of module <prompts-multi-select> imports <Key> from external module <readline>,<Prompt> of module <prompts-prompt-base> imports <Key> from external module <readline>,<Prompt> of module <prompts-prompt-base> imports <Interface.close> from external module <readline>",""
"sisteransi",6,6,27,28,137,627,"<ConfirmPrompt> of module <prompts-confirm> imports <cursor.hide> from external module <sisteransi>,<ConfirmPrompt> of module <prompts-confirm> imports <erase.line> from external module <sisteransi>,<ConfirmPrompt> of module <prompts-confirm> imports <erase> from external module <sisteransi>,<ConfirmPrompt> of module <prompts-confirm> imports <cursor.to> from external module <sisteransi>",""
"@babel/lib",5,6,64,142,137,627,"<transpile> of module <useJavascript> imports <lib> from external module <lib>,<transpile> of module <useJavascript> imports <lib> from external module <lib>,<removeExports> of module <remove-exports> imports <Expression.type> from external module <lib>,<removeExports> of module <remove-exports> imports <VariableDeclaration.declarations> from external module <lib>",""
"@types/pick",5,5,9,9,137,627,"<layout> of module <routes> imports <pick> from external module <pick>,<layout> of module <routes> imports <pick> from external module <pick>,<index> of module <routes> imports <pick> from external module <pick>,<index> of module <routes> imports <pick> from external module <pick>",""
"@types/babel__core",4,3,14,15,137,627,"<reactRouterVitePlugin> of module <vite> imports <transformAsync> from external module <babel__core>,<reactRouterVitePlugin> of module <vite> imports <BabelFileResult.map> from external module <babel__core>,<reactRouterVitePlugin> of module <vite> imports <BabelFileResult.code> from external module <babel__core>,<reactRouterVitePlugin> of module <plugin> imports <transformAsync> from external module <babel__core>",""
"fs",4,4,11,17,137,627,"<reactRouterVitePlugin> of module <vite> imports <Dirent.path> from external module <fs>,<reactRouterVitePlugin> of module <vite> imports <Dirent.isFile> from external module <fs>,<reactRouterVitePlugin> of module <vite> imports <Dirent.name> from external module <fs>,<reactRouterVitePlugin> of module <plugin> imports <Dirent.path> from external module <fs>",""
"lexer",4,3,5,5,137,627,"<reactRouterVitePlugin> of module <vite> imports <init> from external module <lexer>,<reactRouterVitePlugin> of module <plugin> imports <init> from external module <lexer>,<reactRouterRSCVitePlugin> of module <plugin> imports <init> from external module <lexer>,<reactRouterRSCVitePlugin> of module <vite> imports <init> from external module <lexer>",""
"@cloudflare/workers-types",3,5,52,68,137,627,"<createPagesFunctionHandler> of module <react-router-cloudflare> imports <Response.status> from external module <workers-types>,<createPagesFunctionHandler> of module <react-router-cloudflare> imports <EventContext.request> from external module <workers-types>,<createPagesFunctionHandler> of module <react-router-cloudflare> imports <Headers.delete> from external module <workers-types>,<createPagesFunctionHandler> of module <react-router-cloudflare> imports <Request.headers> from external module <workers-types>",""
"@types/babel__traverse",3,3,17,49,137,627,"<removeExports> of module <remove-exports> imports <NodePath.node> from external module <babel__traverse>,<removeExports> of module <remove-exports> imports <NodePath.isProgram> from external module <babel__traverse>,<removeExports> of module <remove-exports> imports <NodePath.remove> from external module <babel__traverse>,<removeExports> of module <remove-exports> imports <NodePath.parentPath> from external module <babel__traverse>",""
"node:process",3,7,7,18,137,627,"<Context> of module <create-react-router> imports <node:process> from external module <node:process>,<Prompt> of module <prompts-prompt-base> imports <node:process> from external module <node:process>,<PromptOptions> of module <prompts-prompt-base> imports <node:process> from external module <node:process>,<setStderr> of module <utils> imports <node:process> from external module <node:process>",""
"node:url",3,2,4,4,137,627,"<reactRouterVitePlugin> of module <vite> imports <.pathToFileURL> from external module <node:url>,<reactRouterVitePlugin> of module <plugin> imports <.pathToFileURL> from external module <node:url>,<copyTemplate> of module <copy-template> imports <.fileURLToPath> from external module <node:url>,<copyTemplate> of module <copy-template> imports <node:url> from external module <node:url>",""
"rollup",3,3,18,28,137,627,"<reactRouterVitePlugin> of module <vite> imports <PluginContext.environment> from external module <rollup>,<reactRouterVitePlugin> of module <vite> imports <PluginContext.resolve> from external module <rollup>,<reactRouterVitePlugin> of module <vite> imports <ResolvedId.id> from external module <rollup>,<reactRouterVitePlugin> of module <plugin> imports <PluginContext.environment> from external module <rollup>",""
"@architect/functions",2,1,4,4,137,627,"<createArcTableSessionStorage> of module <react-router-architect> imports <tables> from external module <functions>,<createArcTableSessionStorage> of module <react-router-architect> imports <functions> from external module <functions>,<createArcTableSessionStorage> of module <arcTableSessionStorage> imports <tables> from external module <functions>,<createArcTableSessionStorage> of module <arcTableSessionStorage> imports <functions> from external module <functions>",""
"@architect/tables",2,1,6,10,137,627,"<createArcTableSessionStorage> of module <react-router-architect> imports <ArcTable.get> from external module <tables>,<createArcTableSessionStorage> of module <react-router-architect> imports <ArcTable.put> from external module <tables>,<createArcTableSessionStorage> of module <react-router-architect> imports <ArcTable.delete> from external module <tables>,<createArcTableSessionStorage> of module <arcTableSessionStorage> imports <ArcTable.get> from external module <tables>",""
"@babel/babel-parser",2,2,3,5,137,627,"<removeExports> of module <remove-exports> imports <ParseResult> from external module <babel-parser>,<decorateComponentExportsWithProps> of module <with-props> imports <ParseResult> from external module <babel-parser>,<decorateComponentExportsWithProps> of module <with-props> imports <ParseResult.program> from external module <babel-parser>",""
"@mjackson/node-fetch-server",2,2,4,20,137,627,"<RequestListenerOptions> of module <react-router-node> imports <ClientAddress> from external module <node-fetch-server>,<RequestListenerOptions> of module <server> imports <ClientAddress> from external module <node-fetch-server>,<createRequestListener> of module <server> imports <createRequestListener> from external module <node-fetch-server>,<createRequestListener> of module <react-router-node> imports <createRequestListener> from external module <node-fetch-server>",""
"@types/api-gateway-proxy",2,5,23,30,137,627,"<RequestHandler> of module <react-router-architect> imports <APIGatewayProxyEventV2> from external module <api-gateway-proxy>,<RequestHandler> of module <react-router-architect> imports <APIGatewayEventRequestContextV2> from external module <api-gateway-proxy>,<RequestHandler> of module <react-router-architect> imports <APIGatewayProxyResultV2> from external module <api-gateway-proxy>,<RequestHandler> of module <server> imports <APIGatewayProxyEventV2> from external module <api-gateway-proxy>",""
"@types/express",2,4,25,29,137,627,"<GetLoadContextFunction> of module <server> imports <e.Response> from external module <express>,<GetLoadContextFunction> of module <server> imports <e.Request> from external module <express>,<GetLoadContextFunction> of module <react-router-express> imports <e.Response> from external module <express>,<GetLoadContextFunction> of module <react-router-express> imports <e.Request> from external module <express>",""
"@types/express-serve-static-core",2,3,5,5,137,627,"<GetLoadContextFunction> of module <server> imports <ParamsDictionary> from external module <express-serve-static-core>,<GetLoadContextFunction> of module <react-router-express> imports <ParamsDictionary> from external module <express-serve-static-core>,<RequestHandler> of module <server> imports <ParamsDictionary> from external module <express-serve-static-core>,<RequestHandler> of module <react-router-express> imports <ParamsDictionary> from external module <express-serve-static-core>",""
"@types/handler",2,1,4,4,137,627,"<RequestHandler> of module <react-router-architect> imports <Callback> from external module <handler>,<RequestHandler> of module <react-router-architect> imports <Context> from external module <handler>,<RequestHandler> of module <server> imports <Callback> from external module <handler>,<RequestHandler> of module <server> imports <Context> from external module <handler>",""
"@types/jsesc",2,1,2,4,137,627,"<reactRouterVitePlugin> of module <vite> imports <jsesc> from external module <jsesc>,<reactRouterVitePlugin> of module <plugin> imports <jsesc> from external module <jsesc>",""
"@types/qs",2,3,5,5,137,627,"<GetLoadContextFunction> of module <server> imports <QueryString.ParsedQs> from external module <qs>,<GetLoadContextFunction> of module <react-router-express> imports <QueryString.ParsedQs> from external module <qs>,<RequestHandler> of module <server> imports <QueryString.ParsedQs> from external module <qs>,<RequestHandler> of module <react-router-express> imports <QueryString.ParsedQs> from external module <qs>",""
"@types/stream",2,3,18,20,137,627,"<createReadableStreamFromReadable> of module <react-router-node> imports <Stream.Readable> from external module <stream>,<createReadableStreamFromReadable> of module <stream> imports <Stream.Readable> from external module <stream>,<writeAsyncIterableToWritable> of module <stream> imports <Stream.Writable> from external module <stream>,<writeAsyncIterableToWritable> of module <stream> imports <Stream.Writable.write> from external module <stream>",""
"async_hooks",2,3,6,6,137,627,"<replace> of module <server> imports <AsyncLocalStorage.getStore> from external module <async_hooks>,<replace> of module <react-router> imports <AsyncLocalStorage.getStore> from external module <async_hooks>,<redirect> of module <react-router> imports <AsyncLocalStorage.getStore> from external module <async_hooks>,<redirect> of module <server> imports <AsyncLocalStorage.getStore> from external module <async_hooks>",""
"cli",2,1,2,4,137,627,"<cloudflareDevProxyVitePlugin> of module <cloudflare> imports <GetPlatformProxyOptions> from external module <cli>,<cloudflareDevProxyVitePlugin> of module <cloudflare-dev-proxy> imports <GetPlatformProxyOptions> from external module <cli>",""
"crypto",2,1,4,4,137,627,"<reactRouterVitePlugin> of module <vite> imports <Hash.update> from external module <crypto>,<reactRouterVitePlugin> of module <vite> imports <Hash.digest> from external module <crypto>,<reactRouterVitePlugin> of module <plugin> imports <Hash.update> from external module <crypto>,<reactRouterVitePlugin> of module <plugin> imports <Hash.digest> from external module <crypto>",""
"esm",2,2,6,6,137,627,"<createConfigLoader> of module <config> imports <FSWatcher.unwatch> from external module <esm>,<createConfigLoader> of module <config> imports <FSWatcher.on> from external module <esm>,<createConfigLoader> of module <config> imports <FSWatcher.add> from external module <esm>,<createConfigLoader> of module <config> imports <_default.watch> from external module <esm>",""
"module-runner",2,1,2,2,137,627,"<reactRouterVitePlugin> of module <vite> imports <ModuleRunner.import> from external module <module-runner>,<reactRouterVitePlugin> of module <plugin> imports <ModuleRunner.import> from external module <module-runner>",""
"node:crypto",2,1,2,2,137,627,"<reactRouterVitePlugin> of module <vite> imports <createHash> from external module <node:crypto>,<reactRouterVitePlugin> of module <plugin> imports <createHash> from external module <node:crypto>",""
"url",2,1,2,2,137,627,"<reactRouterVitePlugin> of module <vite> imports <URL.href> from external module <url>,<reactRouterVitePlugin> of module <plugin> imports <URL.href> from external module <url>",""
"@types/APIGatewayProxyEventHeaders.""content-type",1,1,1,1,137,627,"<createReactRouterRequest> of module <server> imports <APIGatewayProxyEventHeaders.""content-type""> from external module <APIGatewayProxyEventHeaders.""content-type>",""
"@types/APIGatewayProxyEventHeaders.""x-forwarded-host",1,1,1,1,137,627,"<createReactRouterRequest> of module <server> imports <APIGatewayProxyEventHeaders.""x-forwarded-host""> from external module <APIGatewayProxyEventHeaders.""x-forwarded-host>",""
"@types/events",1,1,1,1,137,627,"<Prompt> of module <prompts-prompt-base> imports <EventEmitter> from external module <events>",""
"@types/isEqual",1,1,1,2,137,627,"<createConfigLoader> of module <config> imports <isEqual> from external module <isEqual>",""
"@types/kebabCase",1,1,1,1,137,627,"<getEnvironmentOptionsResolvers> of module <plugin> imports <kebabCase> from external module <kebabCase>",""
"@types/semver",1,1,2,2,137,627,"<run> of module <run> imports <semver> from external module <semver>,<run> of module <run> imports <major> from external module <semver>",""
"@types/timers",1,1,1,1,137,627,"<SelectPrompt> of module <prompts-select> imports <global.NodeJS.Timeout> from external module <timers>",""
"arg",1,1,2,3,137,627,"<run> of module <run> imports <arg> from external module <arg>,<run> of module <run> imports <arg.Result._> from external module <arg>",""
"arg.Result.""--no-typescript",1,1,1,1,137,627,"<run> of module <run> imports <arg.Result.""--no-typescript""> from external module <arg.Result.""--no-typescript>",""
"chalk",1,1,2,156,137,627,"<color> of module <utils> imports <chalk.Chalk> from external module <chalk>,<color> of module <utils> imports <chalk> from external module <chalk>",""
"exit-hook",1,1,1,1,137,627,"<dev> of module <commands> imports <exit-hook> from external module <exit-hook>",""
"inspector",1,3,5,7,137,627,"<stop> of module <profiler> imports <Session.post> from external module <inspector>,<getSession> of module <profiler> imports <Session> from external module <inspector>,<start> of module <profiler> imports <.Session> from external module <inspector>,<start> of module <profiler> imports <Session.connect> from external module <inspector>",""
"node:child_process",1,1,1,1,137,627,"<resolveEntryFiles> of module <config> imports <execSync> from external module <node:child_process>",""
"node:readline",1,1,3,4,137,627,"<Prompt> of module <prompts-prompt-base> imports <node:readline> from external module <node:readline>,<Prompt> of module <prompts-prompt-base> imports <.createInterface> from external module <node:readline>,<Prompt> of module <prompts-prompt-base> imports <.emitKeypressEvents> from external module <node:readline>",""
"prettier",1,1,2,2,137,627,"<transpile> of module <useJavascript> imports <format> from external module <prettier>,<transpile> of module <useJavascript> imports <prettier> from external module <prettier>",""
"server",1,2,4,4,137,627,"<Context> of module <vite-node> imports <ViteNodeServer> from external module <server>,<createContext> of module <vite-node> imports <ViteNodeServer.resolveId> from external module <server>,<createContext> of module <vite-node> imports <ViteNodeServer.getSourceMap> from external module <server>,<createContext> of module <vite-node> imports <ViteNodeServer.fetchModule> from external module <server>",""
