"codeUnitName","shortCodeUnitName","propertyName","propertyValue","Source Cypher File: Dependencies_Projection/Dependencies_8_Stream_Mutated.cypher"
"org.axonframework.config","config","embeddingsNode2Vec","0.35630482,-0.15225466,-0.105081104,-0.17618409,-0.08629797,0.057870276,-0.36335585,0.20495465,0.24756981,0.3599309,0.15052693,-0.30355445,0.092887126,-0.2284769,0.072515704,-0.45869154,0.2403907,-0.05864275,0.11165086,-0.2800798,-0.06200841,0.067136884,0.38242173,0.23412944,0.286124,-0.42440426,-0.260872,-0.18557979,0.20423298,0.27918682,-0.023700012,-0.24943206",""
"org.axonframework.eventsourcing","eventsourcing","embeddingsNode2Vec","0.42356256,-0.08726191,0.0124749,-0.071382076,-0.2262099,0.04661702,-0.23214765,0.19092798,0.33579504,0.17436908,0.2810736,-0.19887963,0.09264598,0.0038522256,0.31943738,-0.47090414,0.0046611913,-0.08028304,-0.06927472,-0.59231603,-0.0082132565,0.024359422,0.4473506,0.42516834,0.3936162,-0.42919132,-0.16089088,-0.08317987,0.10987055,-0.09207735,0.07055966,-0.19216013",""
"org.axonframework.eventsourcing.conflictresolution","conflictresolution","embeddingsNode2Vec","0.46924186,0.047002062,-0.016219223,-0.16251111,-0.11569486,0.08970415,-0.082591034,0.078692816,0.3922545,0.41039467,0.09575321,-0.27248767,0.3575911,-0.0804561,0.28486848,-0.5508503,0.039601218,-0.09346093,0.12918174,-0.29612908,-0.12724222,0.008825074,0.36577907,0.38054544,0.50612295,-0.30608466,-0.3462739,0.045131937,0.08296364,0.10096445,0.17136356,-0.12729435",""
"org.axonframework.eventsourcing.eventstore","eventstore","embeddingsNode2Vec","0.31444666,0.12742846,0.16450995,-0.13028373,0.16687891,0.018703397,-0.4365935,0.22180839,0.1270979,0.21926723,-0.008388778,-0.59124655,-0.14440334,-0.32559636,0.1778332,-0.40464774,0.07760817,-0.06454416,0.030224998,-0.31548747,0.25032315,0.15233792,0.29028583,0.28919455,0.14634115,-0.5392543,-0.44999787,-0.25612906,-0.13647832,0.18427323,-0.20285973,-0.087741174",""
"org.axonframework.eventsourcing.eventstore.inmemory","inmemory","embeddingsNode2Vec","0.49195242,-0.014015561,-0.09156076,-0.119261816,-0.0130667,0.13239487,-0.55958265,0.16813989,0.0761196,0.26609188,0.41591302,-0.42017728,0.032624226,-0.32167584,-0.015468782,-0.27185023,0.37992394,0.057699993,0.5028012,-0.12902208,0.088741876,-0.03938848,0.22308633,0.20873,0.49661183,-0.25869244,-0.3105976,-0.31925887,-0.11138748,0.27639297,-0.34367865,0.025135495",""
"org.axonframework.eventsourcing.eventstore.jdbc","jdbc","embeddingsNode2Vec","0.5391801,0.13031647,0.29913762,-0.21681474,0.13878754,-0.22292885,-0.3324847,0.37792408,-0.084197804,0.6101871,-0.18607476,-0.44216275,-0.12933578,-0.62312245,0.054843467,-0.28441456,-0.06883562,-0.17688455,-0.21404174,-0.29826015,0.26557744,0.16618015,0.2630174,0.59610045,0.04503724,-0.5036554,-0.5936889,-0.12158996,-0.3954445,-0.015749041,-0.09139153,-0.24283771",""
"org.axonframework.eventsourcing.eventstore.jdbc.statements","statements","embeddingsNode2Vec","0.6237026,0.18466169,0.15047699,-0.3109743,0.06089113,-0.1027019,-0.39377102,0.38786072,-0.047932994,0.7163803,-0.32689488,-0.4914994,-0.03905533,-0.42409933,0.012851598,-0.25835443,-0.049433377,-0.20888959,-0.2698792,-0.31662476,0.48398918,0.11500078,0.27758133,0.5437276,0.062105957,-0.53617036,-0.74700314,-0.1323898,-0.43751955,0.08433725,0.08452037,-0.31534293",""
"org.axonframework.eventsourcing.eventstore.jpa","jpa","embeddingsNode2Vec","0.3771628,-0.12315186,-0.14577638,0.030960213,0.1605307,-0.07494921,-0.5175024,0.13240512,-0.060184523,0.3109593,-0.0007466891,-0.45337272,-0.0751914,-0.26020238,0.094427064,-0.3545505,0.27253735,-0.021056646,0.19488451,-0.26079503,0.05620146,0.08613756,0.26621002,0.17911495,0.29529235,-0.55956596,-0.41590124,-0.31179252,-0.13630824,0.15003882,-0.274506,-0.19386947",""
"org.axonframework.eventsourcing.eventstore.legacyjpa","legacyjpa","embeddingsNode2Vec","0.3217329,-0.23480527,0.11010646,-0.08423841,0.22051275,-0.06740437,-0.6599479,0.20386952,-0.15326889,0.2909336,0.110087104,-0.24806483,-0.46903238,-0.18201156,0.19854917,-0.38219923,0.15425986,0.16126707,-0.066750064,-0.47540244,0.27316597,0.11102755,0.47802305,0.34986502,0.3085662,-0.6881107,-0.3820837,-0.29524723,-0.13614103,0.080389604,-0.45354337,-0.07433135",""
"org.axonframework.eventsourcing.snapshotting","snapshotting","embeddingsNode2Vec","0.41807088,0.04622935,-0.11107059,0.007744505,0.1319932,0.05375627,-0.45478702,0.068523854,-0.055901207,0.17338973,0.22483091,-0.22654136,-0.04398864,-0.27589384,0.19883102,-0.48226818,0.22832689,0.009246277,0.17535298,-0.34158745,-0.03103576,0.023140578,0.2643527,0.25858703,0.39084193,-0.554764,-0.42134425,-0.34164956,0.023925453,0.12265162,-0.2425761,-0.18997812",""
"org.axonframework.axonserver.connector","connector","embeddingsNode2Vec","-0.12966485,-0.12077493,0.043469056,-0.007406789,-0.19446051,-0.12956552,-0.283787,0.4448501,0.3425164,0.030736893,-0.08728455,-0.48889804,0.19040285,-0.61834913,0.21802494,-0.37889352,-0.022986019,-0.10373174,0.54807097,-0.14064303,0.0025755954,-0.10937443,0.5143358,0.022016346,0.4253933,-0.45656562,-0.2958406,-0.34237665,-0.005435221,-0.18082139,-0.2551874,-0.18761434",""
"org.axonframework.axonserver.connector.util","util","embeddingsNode2Vec","-0.05557896,-0.13501933,0.22959422,0.12684421,0.117230326,0.04110814,-0.20591131,0.49449265,0.6395597,-0.13597257,0.291166,-0.23871988,0.29353985,-0.6784348,0.22082992,-0.48320934,0.0022645683,-0.10320923,0.5358686,-0.23025161,-0.054483328,-0.10377,0.5393692,0.05036237,0.27665466,-0.23302805,-0.30329812,-0.25000572,-0.018519102,-0.28405878,-0.05116291,-0.32767698",""
"org.axonframework.axonserver.connector.heartbeat","heartbeat","embeddingsNode2Vec","-0.30915612,-0.016122142,0.020994559,0.081662335,-0.018233076,-0.06082903,-0.49303815,0.56700975,0.54657614,-0.21253894,0.06370149,-0.6477546,0.25093845,-0.87180007,0.21385622,-0.37599972,-0.060516022,-0.33333978,0.655456,-0.038309872,-0.032986436,-0.13006476,0.44898054,-0.10659585,0.3353284,-0.29277548,-0.17723216,-0.43626106,-0.12259973,-0.35680175,-0.121160634,-0.29978976",""
"org.axonframework.axonserver.connector.heartbeat.source","source","embeddingsNode2Vec","0.34075952,-0.03281741,0.04299191,0.028323898,0.11364032,-0.031073494,-0.26703742,0.16467354,0.2510711,0.16949955,0.07261223,-0.30858693,0.11884179,-0.42375353,0.18442273,-0.46334198,0.050314464,-0.039657082,0.2781074,-0.22369099,-0.046180196,-0.048378393,0.3414821,0.17408474,0.21580909,-0.44360322,-0.31396174,-0.16128495,0.040154133,-0.07212033,-0.076182,-0.24957316",""
"org.axonframework.axonserver.connector.heartbeat.connection.checker","checker","embeddingsNode2Vec","-0.18355805,0.001526172,0.011349658,0.17730635,0.0415209,-0.04098727,-0.38542563,0.42705116,0.4400841,-0.09313684,0.05363096,-0.5813517,0.24536829,-0.67221373,0.20252898,-0.36646178,0.012959508,-0.35394526,0.45726195,-0.17520103,-0.12506062,0.008701079,0.38635677,-0.041587535,0.24662213,-0.44683984,-0.23161621,-0.42874765,0.0059042205,-0.20723861,-0.0077261557,-0.31718522",""
"org.axonframework.axonserver.connector.query","query","embeddingsNode2Vec","0.18725625,-0.11327058,0.2378815,0.12076722,0.063097164,0.048938617,-0.30387998,0.49364802,0.5581684,0.103160515,0.012720801,-0.3460797,0.26263657,-0.77320594,0.17333335,-0.29609036,0.048670962,-0.1965389,0.43247274,-0.1825252,-0.060678717,-0.1141134,0.44618726,-0.042814106,0.18357193,-0.232797,-0.3826981,-0.31882983,-0.09168218,-0.18731296,0.047983747,0.014448644",""
"org.axonframework.axonserver.connector.query.subscription","subscription","embeddingsNode2Vec","0.12335666,-0.017573254,0.22842237,0.25182945,-0.050261814,0.028014595,-0.39064422,0.5823,0.56180525,0.07495585,0.065325506,-0.3799768,0.36625677,-0.806962,0.16667564,-0.22095665,-0.014391926,-0.28390765,0.47339785,-0.23198923,-0.08130439,-0.11037904,0.4264612,0.22223994,0.10835336,-0.31671268,-0.21187966,-0.33578032,-0.02147083,-0.12800573,0.06217893,-0.0344198",""
"org.axonframework.axonserver.connector.processor","processor","embeddingsNode2Vec","0.15655316,-0.006103856,0.08252118,-0.09931893,0.14718185,0.04726323,-0.5558369,0.37587228,0.33310428,0.09985372,0.013443746,-0.39713183,0.077951476,-0.5286953,0.15910959,-0.35503995,0.079427965,0.010193025,0.4813925,-0.053782262,0.052677255,-0.1158134,0.3831104,0.058732472,0.35871658,-0.2978912,-0.34369558,-0.1441923,-0.03504274,0.1650842,-0.4190026,-0.11518988",""
"org.axonframework.axonserver.connector.command","command","embeddingsNode2Vec","-0.050332744,-0.29814583,-0.28311208,0.043498337,0.028368244,-0.15398458,-0.38017577,0.5817397,0.3237762,0.05449513,0.110840484,-0.3666183,0.32659775,-0.57331747,0.23590684,-0.41120997,0.043169785,-0.33716077,0.4264301,-0.0892539,-0.34289253,-0.12208459,0.49041203,0.12998605,0.17436996,-0.08892916,-0.20618415,-0.16083881,-0.25810796,-0.17125325,-0.008220826,-0.33409575",""
"org.axonframework.axonserver.connector.event.util","util","embeddingsNode2Vec","-0.088959545,-0.10886089,0.20635523,-0.075197674,0.107762545,-0.03065351,-0.42652157,0.31481197,0.49925026,0.056731593,-0.014671504,-0.5537645,0.14557524,-0.56136113,0.30952153,-0.48603287,-0.005573982,-0.17946734,0.4040223,-0.176635,0.012821277,0.023376113,0.42257777,-0.0051660715,0.2901424,-0.27914867,-0.17059673,-0.15006433,-0.018959137,-0.08141013,-0.22683582,-0.14911644",""
"org.axonframework.axonserver.connector.event.axon","axon","embeddingsNode2Vec","0.03780433,0.05195557,0.0711776,-0.22017492,-0.018108396,0.013043283,-0.40476564,0.32693172,0.21729074,0.21937914,-0.009003813,-0.62653536,0.050741274,-0.39583454,0.18017808,-0.43691567,0.03412877,-0.17591316,0.2910546,-0.12694143,0.01996928,0.0092247585,0.39427218,-0.031353965,0.42535275,-0.41443402,-0.28031436,-0.19257173,-0.0040757125,0.04051888,-0.30055782,-0.17122865",""
"org.axonframework.actuator","actuator","embeddingsNode2Vec","0.23218262,-0.25373894,0.18864965,0.06270154,0.18509516,-0.1938645,-0.47345737,0.19064756,0.3276659,0.08726406,-0.06193411,-0.59256756,-0.16739933,-0.41147393,0.12349702,-0.46737263,0.035777297,-0.0596883,0.29475075,-0.28225496,-0.0010743949,0.07786237,0.44612163,0.06832942,0.1123037,-0.5871845,-0.15796942,-0.26236287,0.036023162,-0.13553253,-0.26123133,-0.2221161",""
"org.axonframework.actuator.axonserver","axonserver","embeddingsNode2Vec","0.052759536,-0.24719764,0.2929871,0.24579905,0.26057914,-0.22416025,-0.5462111,0.3243152,0.39970824,-0.0034964944,-0.31361595,-0.6521706,-0.2284555,-0.4176964,0.12375414,-0.37520075,-0.09257994,-0.084316105,0.21540761,-0.32721105,0.025326874,0.08237082,0.5563239,-0.031865083,0.0016299523,-0.7742116,-0.16680363,-0.3408822,0.072873615,-0.14639218,-0.23476206,-0.30853564",""
"org.axonframework.springboot","springboot","embeddingsNode2Vec","0.5583705,-0.31271392,0.06344006,0.16186588,0.25200024,-0.3959126,-0.25009736,0.08414536,0.35542673,0.041884247,-0.06682978,-0.6392755,-0.20158054,-0.19356835,-0.13020173,-0.56699634,-0.101641074,0.008985245,0.35535213,-0.19234683,-0.07613729,-0.043526087,0.39101952,-0.20837979,-0.070142955,-0.6997329,0.053420633,0.01003329,0.1473528,-0.36496928,-0.23279433,-0.61052203",""
"org.axonframework.springboot.util","util","embeddingsNode2Vec","0.3728522,-0.33642522,0.12892073,0.22161278,0.50986224,-0.31793684,-0.54483503,0.20113651,0.2246679,0.0082563665,-0.07830032,-0.44602153,-0.48636803,-0.35269192,0.17090404,-0.6805275,-0.18523927,0.10768082,0.2469942,-0.28210288,0.116119735,-0.11718786,0.37098822,0.15478604,-0.23529136,-0.70944196,-0.034659475,0.036244974,-0.0063217306,-0.29107833,-0.22454318,-0.5466723",""
"org.axonframework.springboot.util.legacyjpa","legacyjpa","embeddingsNode2Vec","0.31680745,-0.48090538,0.15784879,0.27033597,0.36317056,-0.068859234,-0.47877577,0.4259842,0.16163445,0.0946769,0.32165205,-0.4967693,-0.36633462,-0.49883255,0.24444231,-0.436821,-0.010122805,-0.0042969054,0.40804002,-0.19958135,0.100712284,0.013542281,0.34200063,0.07963717,-0.11457889,-0.33975163,-0.18265589,-0.087114714,-0.20783666,-0.084019884,-0.40153408,-0.1512344",""
"org.axonframework.springboot.util.jpa","jpa","embeddingsNode2Vec","0.25217435,-0.11759601,0.13385014,0.013014579,0.039848685,-0.09552219,-0.30233318,0.12988915,0.3126447,0.1746232,-0.0505874,-0.43055308,0.0575323,-0.3292505,0.21355352,-0.46037295,0.035973586,-0.048674896,0.17063847,-0.33343184,-0.067099795,0.01769762,0.37408358,0.15228945,0.2114841,-0.5099474,-0.19513908,-0.1938342,0.1691712,-0.12247326,0.026018478,-0.22261152",""
"org.axonframework.springboot.service.connection","connection","embeddingsNode2Vec","0.31913117,-0.15127377,-0.14791553,0.736103,0.44117516,-0.0613597,-0.7214194,0.18071909,0.35704163,0.08891484,-0.7251795,-0.414868,0.21460882,-0.40632328,0.52368563,-0.4822916,-0.13948104,-0.06895671,0.29192266,-0.5627252,-0.47551847,-0.10550878,0.366054,0.18365309,-0.04576315,-1.2404209,-0.6088899,-0.6187299,0.13322803,-0.11293881,0.5323816,-0.6900783",""
"org.axonframework.springboot.autoconfig","autoconfig","embeddingsNode2Vec","0.37352479,0.007959823,0.30954266,0.16069406,0.2891173,-0.17072515,-0.22172107,0.020342838,0.46686772,0.18785588,0.036919,-0.6471802,-0.0401438,-0.19664384,-0.06826653,-0.4773257,-0.088286035,-0.04086541,0.3016592,-0.25157017,0.13552749,-0.073949605,0.3322904,-3.4764787e-05,0.051277332,-0.55220246,-0.14345057,-0.14627457,0.12001687,-0.15833557,-0.31848595,-0.4398802",""
"org.axonframework.springboot.autoconfig.legacyjpa","legacyjpa","embeddingsNode2Vec","0.5306162,-0.62218463,0.08012475,0.20113698,0.44819748,-0.2711778,-0.4214531,0.38934994,0.07249867,0.082532905,0.19736451,-0.11610424,-0.5561229,-0.3385621,0.4692567,-0.66093796,-0.12769668,0.21172239,0.16232945,-0.39778814,0.1744397,-0.15902117,0.5092748,0.42935917,-0.17522892,-0.31087235,-0.12642935,0.2807895,-0.36133048,-0.27727216,-0.5231679,-0.09192833",""
"org.axonframework.modelling.command","command","embeddingsNode2Vec","0.5730395,-0.041160457,-0.034651745,0.034134854,-0.16141148,0.0010809122,-0.05089569,0.122765996,0.26270208,0.26774132,0.035525024,-0.28040385,0.42580616,-0.17882942,0.60730875,-0.65601605,0.18847175,-0.22583242,0.064990684,-0.2887205,0.016108474,-0.10389557,0.3735084,0.30093566,0.47679135,-0.36733252,-0.10123829,0.30038273,0.15118822,-0.02651666,0.14961194,0.18725444",""
"org.axonframework.modelling.command.inspection","inspection","embeddingsNode2Vec","0.5582412,-0.13563026,0.06020685,-0.2801411,-0.19644682,-0.053383745,-0.17757133,0.082086466,0.23157786,0.20625043,0.056511533,-0.1546461,0.34515244,-0.20451336,0.43860707,-0.5051628,-0.024017826,-0.061161295,0.09547594,-0.341997,-0.013525127,0.08580785,0.41444954,0.5370832,0.527811,-0.33841324,-0.281412,0.07467272,0.06360619,0.029630007,0.07706787,-0.012197659",""
"org.axonframework.modelling.command.legacyjpa","legacyjpa","embeddingsNode2Vec","0.3456713,0.11094657,0.1624351,-0.11707164,-0.27728865,0.012384621,-0.13516784,0.39142916,0.41359186,0.21759064,0.22924213,-0.11520268,0.15887159,-0.32152572,0.743149,-0.89924943,-0.13644655,-0.13241693,-0.014331396,-0.37433526,0.07692361,-0.18649276,0.2936639,0.6991531,0.4587738,-0.16827707,-0.16928662,0.30149895,0.12998082,0.09661246,0.105506375,0.12044825",""
"org.axonframework.modelling.saga","saga","embeddingsNode2Vec","0.7956358,-0.41241878,0.05641646,-0.20757242,-0.12802066,-0.244337,-0.16130671,-0.0045491196,0.20889357,0.48441157,0.38937762,-0.34544533,0.045839153,-0.47747624,-0.09731858,-0.46356425,0.296051,0.2362736,0.24433751,-0.3361133,-0.2339868,-0.3450112,0.45986304,0.229597,0.32545376,-0.13309325,-0.05379559,-0.03869656,0.19103675,-0.52672476,-0.13464527,0.044129297",""
"org.axonframework.modelling.saga.metamodel","metamodel","embeddingsNode2Vec","0.95411605,-0.44129908,0.18532655,-0.3203002,-0.1285182,-0.04056632,-0.17699917,-0.103617206,0.28557903,0.69078994,0.32708558,-0.14166404,0.12682301,-0.43771604,-0.14792824,-0.52662015,0.4746154,0.30870482,0.37624902,-0.23202258,-0.2396997,-0.33487725,0.38273686,0.38311973,0.32733616,-0.06075588,-0.065988265,0.002148162,0.29732463,-0.28245607,0.10248088,-0.00079588627",""
"org.axonframework.modelling.saga.repository","repository","embeddingsNode2Vec","0.77830625,-0.39744982,0.055838406,-0.24072117,-0.24389976,-0.088555634,-0.11417838,-0.02776079,0.25938872,0.66917235,0.40969983,-0.42007583,0.036938243,-0.4026417,-0.23901267,-0.43722615,0.44965684,0.27169052,0.38221186,-0.13865007,-0.17388523,-0.3163452,0.41578367,0.1451156,0.40068865,-0.11967985,0.084223315,0.052544314,0.3095791,-0.29901776,-0.046842173,0.0027341675",""
"org.axonframework.modelling.saga.repository.inmemory","inmemory","embeddingsNode2Vec","0.8918054,-0.14384335,0.035721213,-0.43603435,-0.20238622,-0.23774444,-0.4712686,-0.22614145,0.31312957,0.16203251,0.36269578,-0.24162525,0.19206457,-0.63734686,-0.24992232,-0.4494951,0.68447816,0.04967321,0.51088715,-0.29586977,-0.19402248,-0.16021769,0.21420965,0.3337371,0.38088378,-0.016720595,0.34345442,-0.23142846,0.15727812,-0.5567559,-0.2509684,-0.040574647",""
"org.axonframework.modelling.saga.repository.jdbc","jdbc","embeddingsNode2Vec","0.9723555,-0.6256766,0.21274714,-0.03733933,0.13338616,-0.019643718,-0.064095475,0.12700565,0.3993031,0.8072714,0.060766403,-0.5101613,0.13590977,-0.3091566,-0.18331322,-0.2838402,0.13677368,0.28529346,0.5263532,-0.09004148,0.04824422,-0.33372188,0.380593,0.12432062,-0.06279724,-0.17666887,-0.39207873,0.03854171,-0.14696236,-0.36673367,-0.030953404,-0.29388353",""
"org.axonframework.modelling.saga.repository.legacyjpa","legacyjpa","embeddingsNode2Vec","0.6395055,-0.7436962,0.33440444,-0.30341345,0.08255737,-0.10042069,-0.47735962,0.27763635,0.48258924,0.45929536,0.40615043,-0.3061749,-0.41658217,-0.47490785,0.10475054,-0.61929023,0.20228642,0.31056187,0.2928585,-0.21598682,0.09912067,-0.45538482,0.34835705,0.39003864,-0.09152412,0.13632157,0.295212,0.32102123,0.03596555,-0.55408454,-0.023055935,-0.12810183",""
"org.axonframework.modelling.saga.repository.jpa","jpa","embeddingsNode2Vec","0.70332503,-0.7211532,0.34123558,-0.25565076,0.10956918,0.08712603,0.056431863,0.075251095,0.30880025,0.6577205,0.41219097,-0.6178054,-0.112517014,-0.36269438,-0.031422496,-0.3952155,0.103421494,0.31779283,0.31569865,-0.13862245,0.06054833,-0.32728675,0.31175035,0.118276924,-0.035786442,-0.0006240653,-0.21329866,0.09437816,-0.037568785,-0.7030634,0.021325516,-0.27274433",""
"org.axonframework.test","test","embeddingsNode2Vec","0.85088485,0.1092239,-0.36625168,-0.5840446,-0.15921634,-0.1626853,-0.47280297,-0.26779103,0.356964,-0.08205999,0.34814522,-0.43956524,0.23729111,0.031976506,0.0683622,-0.5617496,0.21542256,-0.41963023,0.20329086,-0.5075056,0.04784618,0.20859025,0.26441786,0.4795329,0.5223561,-0.0015609865,0.04404865,-0.08220565,-0.24967308,-0.37011042,-0.34306118,-0.40417883",""
"org.axonframework.test.aggregate","aggregate","embeddingsNode2Vec","0.6976419,0.13979365,-0.221706,-0.23080446,-0.018250315,-0.11195609,-0.34538218,-0.04144798,0.2428663,-0.087279715,0.09003024,-0.29505756,0.35666808,-0.23457985,0.32363075,-0.5908881,0.33472374,-0.42032966,0.14730126,-0.4253419,0.021776572,0.21321115,0.19868219,0.5128868,0.43082884,-0.2181697,0.20418662,0.07069609,-0.1981853,-0.15097949,-0.059482586,-0.2240418",""
"org.axonframework.test.matchers","matchers","embeddingsNode2Vec","0.9238509,0.20062809,-0.36235654,-0.24344973,-0.07212958,-0.24302474,-0.32809144,-0.17245996,0.124062784,-0.046481594,0.26194653,-0.25233507,0.39255586,-0.26278538,0.12058386,-0.59968966,0.31845853,-0.58168536,0.17074034,-0.4426578,-0.14508039,0.24526846,0.18352427,0.72928166,0.31385008,-0.0770612,0.022475304,0.043263678,-0.2340113,-0.28781235,-0.21497296,-0.2587903",""
"org.axonframework.test.saga","saga","embeddingsNode2Vec","0.75120384,0.067771874,-0.26342842,-0.47872508,-0.17957127,-0.37062,-0.3389457,-0.30835587,0.27254662,-0.044925842,0.36611223,-0.4529519,0.24201103,-0.2476223,-0.06442042,-0.6585964,0.3953347,-0.24930549,0.26830125,-0.430732,-0.22180536,0.15852737,0.16615888,0.53413767,0.40322572,-0.06341579,0.27737454,-0.1763973,-0.02210278,-0.4564521,-0.14209466,-0.40882286",""
"org.axonframework.test.server","server","embeddingsNode2Vec","0.10360025,-0.09012221,-0.07079196,0.7440877,0.43479547,-0.078395136,-0.79757625,0.34078526,0.3686914,0.046268877,-0.78121674,-0.5250564,0.18310267,-0.5563418,0.6881454,-0.5703206,-0.20186232,-0.1587265,0.2621853,-0.57495403,-0.4320635,0.030122094,0.41251156,0.16062877,0.01265159,-1.4197543,-0.6715455,-0.67444104,0.18032722,0.028159449,0.59846234,-0.70884216",""
"org.axonframework.test.utils","utils","embeddingsNode2Vec","0.48585528,0.010231352,-0.349686,-0.44270128,-0.1951261,-0.3889244,-0.3096557,-0.13816872,0.07231052,0.16361879,0.25765103,-0.24578549,0.24131612,-0.58180594,0.055130318,-0.8097378,0.5336209,-0.28875583,0.2292725,-0.18451506,-0.35704935,0.028383873,0.21021049,0.45420754,0.43499067,-0.056340832,0.27492473,-0.029994458,0.01356273,-0.29942927,0.074192114,-0.2176264",""
"org.axonframework.test.deadline","deadline","embeddingsNode2Vec","0.88723814,0.18248114,-0.21742256,-0.36793378,-0.118108705,-0.18535618,-0.27582857,-0.26515457,0.39299577,-0.14102378,0.3665899,-0.5067386,0.2519571,-0.083930954,0.18231238,-0.65384966,0.18850955,-0.43061918,0.32286614,-0.5048551,-0.04818579,0.26411277,0.10893406,0.6384749,0.38303387,0.06622165,0.25345737,0.07129555,-0.2776292,-0.37338284,-0.2542894,-0.29398188",""
"org.axonframework.test.eventscheduler","eventscheduler","embeddingsNode2Vec","0.79193324,0.15396172,-0.16757524,-0.43249336,-0.028624294,-0.1940699,-0.6325483,-0.3674601,0.2767375,-0.12295178,0.23743542,-0.4322811,0.19475982,-0.37532493,-0.047436494,-0.57640207,0.50625193,-0.2413467,0.5412893,-0.28362215,-0.0906726,0.1726947,0.040833812,0.43271127,0.3825339,-0.06398181,0.23271711,-0.23888585,-0.17684099,-0.27107963,-0.37396067,-0.1590249",""
"org.axonframework.tracing.opentelemetry","opentelemetry","embeddingsNode2Vec","0.13482253,-0.12105664,0.1104269,0.19371343,-0.23153315,-0.054131936,-0.16434537,0.33928135,0.15405947,0.31769422,0.118438035,-0.39959756,0.24772027,-0.5676816,0.21507527,-0.26961747,0.23373154,-0.2581841,0.063842334,-0.36787415,-0.12633562,-0.010461305,0.44917107,0.20529528,0.24711172,-0.42577985,-0.14132649,-0.2651328,0.2484453,-0.16744563,0.044751972,-0.024263246",""
"org.axonframework.disruptor.commandhandling","commandhandling","embeddingsNode2Vec","0.19281897,-0.2731334,-0.2841528,-0.33411378,-0.18716003,-0.005094655,-0.12706886,0.24565265,0.20916216,0.351589,0.121102475,-0.30430162,0.117893904,-0.22926974,0.5016833,-0.7388266,0.061097387,-0.15354234,0.028983148,-0.39511392,-0.1699871,-0.09426904,0.5187616,0.35461333,0.44337994,-0.20828292,-0.07310167,0.14396605,0.13471659,-0.041991,0.11163299,-0.11360247",""
"org.axonframework.commandhandling","commandhandling","embeddingsNode2Vec","0.015774302,-0.10634562,-0.40223202,-0.38054815,0.06131889,-0.2632114,-0.11882304,0.022843268,0.10230173,0.076980054,0.27405834,-0.25310326,0.19527443,-0.4144676,0.3551663,-0.89146173,0.14270034,-0.31969693,0.13554235,-0.2594185,-0.30876613,0.10379989,0.5045819,0.3370864,0.40947154,-0.15088846,-0.18936665,-0.010479458,-0.044185072,-0.26575673,-0.057509743,-0.21276161",""
"org.axonframework.commandhandling.callbacks","callbacks","embeddingsNode2Vec","-0.08815406,-0.5263396,-0.58040565,-0.26983988,-0.15975417,-0.52552307,-0.17593105,0.041440316,0.10293039,0.06861553,0.43037254,-0.45978028,0.2868889,-0.18434012,0.1930844,-0.8411827,0.2507126,-0.31432012,0.21442449,-0.35824946,-0.40280196,0.08988585,0.5854391,0.24890555,0.357122,-0.23392998,0.30023748,-0.010361714,0.11929144,-0.42934778,-0.034968,-0.6057944",""
"org.axonframework.commandhandling.distributed","distributed","embeddingsNode2Vec","0.04094436,-0.20176077,-0.42794883,-0.040717606,0.1150227,-0.16395563,0.042705,0.122405775,-0.04303692,0.4323371,0.1567411,-0.38405773,0.4006184,-0.61929446,0.4685036,-0.85427994,0.27004823,-0.37071946,0.2044586,-0.012576708,-0.41412744,0.05093214,0.33331102,0.34941462,0.29849064,-0.13997404,-0.2601058,0.03655791,-0.08668526,-0.16474684,0.3923879,-0.31673124",""
"org.axonframework.commandhandling.distributed.commandfilter","commandfilter","embeddingsNode2Vec","-0.18135719,-0.072555676,-0.4611985,-0.10548566,0.13368444,-0.08686852,0.22843139,0.19900408,0.068745755,0.4061027,0.4751282,-0.21678121,0.38013825,-0.6385716,0.69984025,-1.2413567,0.053473856,-0.3057538,0.12180062,0.09142088,-0.62359315,-0.09259351,0.35754478,0.3269651,0.47026226,-0.06773927,-0.3492206,0.23258255,0.11160335,-0.16831289,0.5712721,-0.53815186",""
"org.axonframework.commandhandling.gateway","gateway","embeddingsNode2Vec","0.20192795,-0.25643697,-0.29418603,-0.17395581,-0.096110135,-0.50225735,-0.0035069122,-0.058947753,0.048572596,0.06524012,0.24476784,-0.40044886,0.26575682,-0.26493832,0.23408295,-0.95019543,0.23637703,-0.23225701,0.24269715,-0.18483172,-0.31310165,-0.011140775,0.3907274,0.27976945,0.4243011,-0.39929608,0.22728196,0.14446057,0.121219605,-0.42072988,-0.041091155,-0.4193005",""
"org.axonframework.common","common","embeddingsNode2Vec","0.22103295,0.023674235,-0.064539336,0.034685485,0.08692479,0.08809505,-0.37429595,0.26664266,0.3487211,0.40392527,0.28470033,-0.33690268,0.12019425,-0.25140333,0.22210237,-0.6969161,0.2252805,-0.16880304,0.12518547,-0.25228992,0.018362276,-0.05219729,0.2703081,0.26906824,0.124215834,-0.20060132,-0.08392387,0.11862743,0.17938232,0.27638435,-0.0111036915,-0.4510798",""
"org.axonframework.common.annotation","annotation","embeddingsNode2Vec","0.32422283,-0.22355288,0.11844953,-0.26425105,-0.10202621,-0.14020588,-0.1718281,-0.023242403,0.32233408,0.34360385,0.101803705,-0.03459096,0.3310145,-0.13612968,0.40120783,-0.73604804,0.19774154,-0.098910525,0.05511899,-0.40293,-0.30361477,0.11179915,0.4848967,0.4917367,0.44538677,-0.23868625,-0.1268718,0.025956905,0.23581243,0.0034600731,0.17687862,-0.036954753",""
"org.axonframework.common.caching","caching","embeddingsNode2Vec","0.4497102,-0.2088818,0.035589222,-0.0918599,-0.20270494,0.018976966,-0.18034346,0.20858715,0.21175997,0.38135707,0.3613922,-0.3626214,0.065185905,-0.32640225,0.22805253,-0.45508838,0.21258849,-0.09402647,0.1760657,-0.31016815,-0.061421946,-0.094311714,0.36154777,0.3047897,0.39089945,-0.11100799,-0.12185584,-0.0014031366,0.08238324,-0.050846834,-0.10965565,0.12541378",""
"org.axonframework.common.digest","digest","embeddingsNode2Vec","0.13653336,-0.074224725,-0.16530871,-0.052322585,-0.037277006,-0.10683931,-0.22077428,0.120584376,0.15676008,0.18436038,0.09804545,-0.41669413,0.19957158,-0.25442854,0.28351495,-0.54853797,0.103726216,-0.2882486,0.09270317,-0.28920558,-0.21217568,0.14653587,0.38683596,0.25764373,0.37600937,-0.37267315,-0.18772143,-0.14218754,0.01762577,-0.0106578665,0.08031398,-0.17755188",""
"org.axonframework.common.io","io","embeddingsNode2Vec","0.41744274,-0.059933443,0.12526472,-0.15350376,0.31540564,0.04518218,-0.40658,0.15048084,-0.05753059,0.20119683,0.22042876,-0.51583326,-0.32897153,-0.31907552,0.15252084,-0.47080898,0.046746437,0.13014932,0.28210437,-0.15786424,0.15605496,0.22339754,0.18506987,0.18011615,0.27378455,-0.532067,-0.603554,-0.27257448,-0.22344956,0.2394342,-0.37756324,-0.10412054",""
"org.axonframework.common.jdbc","jdbc","embeddingsNode2Vec","0.8582789,-0.32476857,-0.1688546,0.13410151,0.2502315,0.112975076,-0.14471102,0.276981,0.35568377,0.7463395,0.18890291,-0.56892204,0.3062702,-0.15169321,-0.15495874,-0.2250131,-0.0053724316,-0.09457151,0.4386435,-0.055166986,-0.036635574,-0.112470925,0.25168934,0.14061537,-0.10440333,-0.29585594,-0.56061214,0.1737419,-0.24426304,0.003952086,0.15752059,-0.6376501",""
"org.axonframework.common.jpa","jpa","embeddingsNode2Vec","0.540704,-0.5995753,0.0041365633,0.034909904,0.14333864,-0.015437271,-0.3355959,0.26996326,0.14756855,0.2963037,0.39953724,-0.54263985,-0.12543635,-0.18167812,0.21279472,-0.37307367,0.12540525,-0.15925835,0.29075605,-0.25785804,-0.11453065,0.11546671,0.2790994,0.21970743,-0.023104448,-0.005185658,-0.15711778,0.085943595,-0.2359905,-0.07325522,-0.33271247,-0.10651717",""
"org.axonframework.common.legacyjpa","legacyjpa","embeddingsNode2Vec","0.5683432,-0.640382,0.1257257,0.22511744,0.28662625,-0.1117244,-0.4207421,0.5513184,0.022324229,0.13004851,0.58131826,-0.15392889,-0.501585,-0.48760387,0.5907475,-0.6796058,-0.029695747,0.017536977,0.25525048,-0.22889978,0.08850972,-0.07378555,0.31836018,0.47781482,-0.092190236,-0.005082476,-0.10887568,0.32585046,-0.2797278,0.04963694,-0.49973345,0.1539835",""
"org.axonframework.common.lock","lock","embeddingsNode2Vec","0.44503045,-0.15874769,-0.18961936,-0.2113222,-0.44194776,-0.03838154,0.071633115,0.22573188,0.1636529,0.51645166,0.39617515,-0.32906836,0.31133884,-0.24547108,0.21581571,-0.6141171,0.22483923,-0.12233198,0.13815883,-0.28349477,-0.13204719,-0.23894583,0.44058535,0.5015572,0.4936324,-0.08248114,-0.10301,0.06708429,0.14000146,-0.022395242,0.039396018,0.0507159",""
"org.axonframework.common.property","property","embeddingsNode2Vec","0.6933985,-0.22244371,0.03401599,-0.1467783,-0.15855095,0.04452141,-0.09078923,0.14049464,0.23095006,0.5922282,0.33402938,-0.322518,0.04421847,-0.08526815,0.22980164,-0.6045701,0.1442778,0.1087268,0.14096491,-0.30257726,-0.031589903,-0.15610833,0.2715399,0.41117716,0.3557263,-0.20840025,-0.20176278,0.2067134,0.1415701,0.05723455,0.070428886,-0.03383969",""
"org.axonframework.common.stream","stream","embeddingsNode2Vec","0.57866496,0.15191576,0.039085478,-0.15498933,-0.106601395,0.1125496,-0.43082705,0.18010001,0.19475296,0.26767138,0.25809166,-0.3992176,0.091863774,-0.42079115,0.106275156,-0.3024102,0.19935524,-0.07716573,0.31420392,-0.26195878,0.19051118,0.029904801,0.20796476,0.33034042,0.40947023,-0.3069223,-0.30944374,-0.19166984,-0.070301354,0.15270734,-0.19099355,0.005052156",""
"org.axonframework.common.transaction","transaction","embeddingsNode2Vec","0.42750058,-0.23429851,0.054887082,-0.019416234,-0.012661567,-0.07301503,-0.34716797,0.2642683,0.26075813,0.31497929,0.17006464,-0.5697359,-0.05002668,-0.24077077,0.10788296,-0.40743205,0.13928096,-0.1706258,0.24886213,-0.2615053,0.014948701,0.087242134,0.3381193,0.10179941,0.16914211,-0.21748762,-0.11654472,-0.028231282,-0.026115306,0.13028552,-0.3401867,-0.0038182058",""
"org.axonframework.deadline","deadline","embeddingsNode2Vec","0.31666812,0.07706463,0.027975708,0.28720835,-0.3134134,-0.17956315,-0.12076762,0.18049127,0.034202304,0.21064204,0.5559611,-0.8816018,-0.061455384,-0.37211922,0.19276866,-0.42399672,0.339826,-0.4759459,0.03650367,-0.35497594,0.079173766,0.16777118,0.12074354,0.1414513,0.3334022,-0.4124038,0.2655156,-0.08991749,0.10224013,-0.31776956,-0.11230903,-0.17540734",""
"org.axonframework.deadline.annotation","annotation","embeddingsNode2Vec","0.37983474,-0.33797017,0.14200194,-0.43214247,-0.17837504,-0.077528894,-0.20883173,-0.041592788,0.22619319,0.28349915,0.27924117,-0.10020743,0.2358434,-0.25542873,0.31030235,-0.64421976,0.40789244,-0.112617016,0.0051730294,-0.4515518,-0.30257466,0.17905836,0.50753915,0.5417081,0.45687562,-0.11915812,-0.017527638,-0.10059776,0.2360931,-0.055012506,0.14420198,0.14438564",""
"org.axonframework.deadline.dbscheduler","dbscheduler","embeddingsNode2Vec","0.39167798,-0.0462932,0.14953661,0.24943091,-0.12674463,-0.11603412,0.007832795,0.34214827,0.09439973,-0.012883978,0.5850904,-0.76161647,-0.082172595,-0.48724404,0.15666367,-0.34219104,0.025436472,-0.38394076,0.10838548,-0.36382586,-0.068505906,0.13181499,0.17669384,0.0881738,0.13522033,-0.3155521,-0.0894973,-0.21865557,0.020675201,-0.35424352,-0.22302775,-0.059241474",""
"org.axonframework.deadline.jobrunr","jobrunr","embeddingsNode2Vec","0.15707089,-0.19273937,0.13660067,0.029077671,-0.10321024,-0.13600317,-0.043491207,0.29147756,0.071587056,0.15122645,0.6091126,-0.69549483,-0.08599951,-0.44451678,0.308143,-0.47021863,0.13639252,-0.38575277,0.03885667,-0.33539686,0.006607115,0.34254193,0.19226226,0.2480161,0.19607407,-0.19495875,-0.11173915,-0.14858977,-0.087301485,-0.15125635,-0.16903633,-0.040623043",""
"org.axonframework.deadline.quartz","quartz","embeddingsNode2Vec","0.22759533,-0.051452667,-0.030963868,0.047914814,-0.290952,-0.10656635,0.035234112,0.53541774,-0.11115579,0.26339325,0.6341324,-0.8203953,-0.07614363,-0.5037113,0.22154416,-0.39879426,0.090858705,-0.44950888,-0.14461786,-0.3539404,-0.11548898,0.08376879,0.13636918,0.3438834,0.12503026,-0.27123588,-0.04939422,-0.25269958,-0.051501755,-0.25460863,0.027473675,-0.11085806",""
"org.axonframework.eventhandling","eventhandling","embeddingsNode2Vec","0.3653761,0.14648665,0.003801116,-0.12175795,0.061149925,0.059948537,-0.19570036,0.08164949,0.13205926,0.4003071,0.4714252,-0.38464057,0.19103378,-0.17795427,0.06841435,-0.47980046,0.23698778,0.020558633,0.29875273,-0.3432228,0.046099707,0.21256796,0.2546541,0.4518089,0.28624567,-0.2366936,-0.47040504,-0.10077889,0.0067895115,0.29442474,-0.34629068,-0.17297027",""
"org.axonframework.eventhandling.deadletter","deadletter","embeddingsNode2Vec","0.32633635,-0.3592481,-0.20690474,0.16694735,0.06321075,-0.015999177,-0.3494013,0.17236762,0.16962074,0.40987977,0.036292568,-0.46199432,0.18689248,-0.06534235,0.23401476,-0.31340206,0.20622379,-0.09250695,0.2798233,-0.27967125,-0.2252789,0.12785587,0.43037635,0.1586831,0.2838944,-0.38798374,-0.3072286,-0.14368555,0.030618161,0.29878417,-0.14543182,-0.0061006476",""
"org.axonframework.eventhandling.async","async","embeddingsNode2Vec","0.52699596,0.028229076,-0.12944134,0.019001778,-0.014740801,0.04614774,-0.29089087,0.18519194,0.16448316,0.28436935,0.24109527,-0.53051317,0.05154709,-0.16633496,0.11488882,-0.40070692,0.11187838,-0.1783236,0.21329777,-0.29035157,0.054831825,-9.1956594e-05,0.2157146,0.21245113,0.28446242,-0.3800371,-0.21297714,-0.13478799,-0.041895542,0.06566484,-0.13943155,-0.2068024",""
"org.axonframework.eventhandling.deadletter.jdbc","jdbc","embeddingsNode2Vec","0.6827675,-0.36214846,-0.28806835,0.24214603,0.17404908,-0.09567289,-0.0426575,0.12401575,0.16605921,0.6968673,0.045227833,-0.6355526,0.35633588,0.024551226,-0.060895637,-0.2864451,0.15197252,-0.30811292,0.32292244,-0.1669492,-0.3016291,-0.014831334,0.39839402,0.35883653,-0.03125916,-0.026653301,-0.42052963,0.048674587,-0.4779017,-0.1940383,-0.14231057,-0.29831725",""
"org.axonframework.eventhandling.deadletter.jpa","jpa","embeddingsNode2Vec","0.23217335,-0.7238868,0.20809714,0.16476332,0.16269837,-0.0517855,-0.22306225,0.3226599,0.024651494,0.29745033,0.3864377,-0.50594056,-0.12464826,-0.2632497,0.3598646,-0.39569214,0.20740618,-0.095390715,0.34562498,-0.3024524,-0.06547066,0.4589208,0.45621285,0.40069237,-0.07424136,-0.17355427,-0.1598997,0.025355505,-0.19617693,0.28485444,-0.3978514,0.2256859",""
"org.axonframework.eventhandling.deadletter.legacyjpa","legacyjpa","embeddingsNode2Vec","0.23672643,-0.8195614,0.044490095,0.08333022,0.11227514,-0.14312361,-0.6162931,0.30740398,0.18577218,0.18373893,0.1967533,-0.5613261,-0.19617175,-0.24660851,0.4127295,-0.31964895,0.07920419,-0.2980904,0.22347447,-0.25768876,-0.16894238,0.3846384,0.4417913,0.30428106,-0.043462016,-0.017599655,-0.10098738,-0.044246383,-0.14805265,0.22472082,-0.3298547,0.18970865",""
"org.axonframework.eventhandling.gateway","gateway","embeddingsNode2Vec","0.43391263,0.051215176,0.01688278,0.06924758,-0.02843789,0.036855206,-0.30109334,0.21250047,0.14553128,0.2147731,0.3376692,-0.44872752,0.05703879,-0.36481893,0.11476797,-0.3920967,0.15804113,-0.17351913,0.26326123,-0.27801916,0.025710976,0.099316455,0.20547634,0.25616652,0.25699034,-0.39338613,-0.25171018,-0.19122411,0.025009738,0.12263468,-0.17810641,-0.11866048",""
"org.axonframework.eventhandling.interceptors","interceptors","embeddingsNode2Vec","0.44212556,-0.038134795,0.0051147924,-0.26723376,-0.23878178,0.06096765,-0.34290048,0.13830541,0.20495401,0.33078992,0.24547866,-0.46303028,0.0064700814,-0.31312978,0.07584844,-0.3555534,0.25623888,-0.08768612,0.2033862,-0.30754656,0.07313528,-0.016412707,0.29567313,0.21579865,0.41961086,-0.27004394,-0.115785696,-0.23155205,0.03981594,-0.05145529,-0.1112041,-0.0063073095",""
"org.axonframework.eventhandling.pooled","pooled","embeddingsNode2Vec","0.49437246,-0.015490521,-0.15134324,-0.057883635,0.05697139,0.17643993,-0.54302514,0.22854851,0.07762572,0.14879555,0.4672326,-0.34989455,5.8672944e-05,-0.3459571,0.20789991,-0.41021013,0.12162753,-0.10970994,0.39259562,-0.16859628,-0.008378198,0.16218762,0.13599655,0.305603,0.32343352,-0.27183372,-0.37750056,-0.15657175,-0.030329572,0.42279157,-0.21088846,-0.09937663",""
"org.axonframework.eventhandling.scheduling","scheduling","embeddingsNode2Vec","0.20640534,-0.27159035,-0.17839171,-0.3146406,0.19316168,0.041401714,-0.462128,0.16198911,0.38604307,0.33134124,0.038449947,-0.7376953,0.080008484,-0.31986025,0.3443708,-0.35525355,0.015209839,-0.34038743,0.61386263,-0.06116974,0.13913259,0.18802142,0.2576634,-0.009504196,0.23195627,0.042339336,-0.26206702,-0.10371116,-0.46458322,-0.092758045,-0.3076591,-0.19620854",""
"org.axonframework.eventhandling.scheduling.dbscheduler","dbscheduler","embeddingsNode2Vec","0.26119372,-0.36644635,-0.0034575728,-0.07341891,0.111634806,-0.059810497,-0.22229116,0.15371671,0.3354155,0.27885416,0.20934287,-0.64899486,0.08304801,-0.14073397,0.18228824,-0.3366828,0.019072954,-0.1886012,0.42458078,-0.18829438,0.085058846,0.24167025,0.34222803,-0.052780982,0.21913984,-0.25335974,-0.22929224,-0.09892442,-0.22866316,-0.060753953,-0.26403004,-0.23901501",""
"org.axonframework.eventhandling.replay","replay","embeddingsNode2Vec","0.3452702,-0.31056088,-0.0257784,-0.09602258,-0.063168995,-0.12614013,-0.3041548,0.053151745,0.07796724,0.34177387,0.22977564,-0.47309768,0.15275425,-0.22711387,0.2462033,-0.41333157,0.36182725,-0.35769144,0.021450715,-0.41455445,-0.21497075,0.4096957,0.34228963,0.40807262,0.19667888,-0.3096147,-0.050870657,-0.14348622,0.07435569,0.01520514,0.06045613,-0.022591198",""
"org.axonframework.eventhandling.scheduling.java","java","embeddingsNode2Vec","0.10765023,-0.05184808,-0.22464992,-0.24796526,-0.07173846,-0.07613813,-0.36448395,0.24686807,0.21000557,0.45877293,-0.079200566,-0.5290341,0.14200126,-0.33090007,0.19983336,-0.42815393,0.0932216,-0.24536698,0.13832629,-0.12539025,-0.020797633,0.004987745,0.40859297,0.25037754,0.3396194,-0.22445804,-0.25294414,-0.08220238,-0.15758428,-0.048428614,0.022232156,-0.27645466",""
"org.axonframework.eventhandling.scheduling.jobrunr","jobrunr","embeddingsNode2Vec","0.4938033,-0.183104,0.01921034,-0.0151067665,0.18013366,0.03262659,-0.16670136,0.19198227,0.18319939,0.3302214,0.17298563,-0.6577365,-0.02292976,-0.42499927,0.21585546,-0.31980884,-0.039432816,-0.26434916,0.34618518,-0.17417762,0.120355695,0.19041732,0.16756913,0.14446615,-0.05002455,-0.17117201,-0.41706616,-0.1085627,-0.29360247,-0.101767875,-0.21973854,-0.13025391",""
"org.axonframework.eventhandling.scheduling.quartz","quartz","embeddingsNode2Vec","0.2979537,-0.47228235,-0.08553028,-0.32889384,0.17783138,0.051890872,-0.2687482,0.15101425,0.29699278,0.32851717,0.1477987,-0.6328757,-0.04627698,-0.313104,0.3178971,-0.38802338,0.033058017,-0.2784605,0.4535165,-0.094764285,0.051949527,0.26389238,0.30063227,-0.08738594,0.19525313,-0.04412457,-0.24454172,-0.077881575,-0.36187035,-0.1748983,-0.2180169,-0.14978977",""
"org.axonframework.eventhandling.tokenstore","tokenstore","embeddingsNode2Vec","1.0947002,-0.051884882,-0.22791794,0.18018715,0.31778014,0.24289772,0.1324891,0.2798724,0.07752482,0.34850353,0.7817949,-0.34118918,0.05464242,-0.22993764,0.015027741,-0.549309,-0.010123964,-0.033393394,0.6087675,-0.024213117,-0.07980422,-0.042327903,0.053259578,0.18471453,0.09063011,-0.24977066,-0.6948127,0.18094271,-0.2975926,0.16191207,-0.11334985,-0.47589755",""
"org.axonframework.eventhandling.tokenstore.inmemory","inmemory","embeddingsNode2Vec","0.7848952,0.07263118,-0.31952474,0.2036757,0.29642773,0.18139419,-0.26248145,0.26446548,0.09592097,0.2507456,0.40369654,-0.32574585,0.15363301,-0.34610257,0.22628054,-0.415724,0.015076791,-0.21629404,0.57754815,-0.056525126,0.0073580532,-0.022852857,0.030438699,0.2182233,0.1611226,-0.2152681,-0.59151906,-0.016347487,-0.3561762,0.25521567,-0.19614485,-0.29442394",""
"org.axonframework.eventhandling.tokenstore.jdbc","jdbc","embeddingsNode2Vec","1.1654296,-0.14365399,-0.234194,0.24375904,0.37977642,0.21036075,0.06349888,0.25058377,-0.032810103,0.6967758,0.4125999,-0.41819012,0.18658586,-0.18712436,0.07464147,-0.30190274,0.0025552094,-0.019454367,0.43739286,-0.10515203,-0.049558267,-0.15438026,0.094882,0.21857773,0.085449696,-0.23549977,-0.86293054,0.10695949,-0.5048622,-0.0116256615,-0.12873721,-0.46554106",""
"org.axonframework.eventhandling.tokenstore.jpa","jpa","embeddingsNode2Vec","1.1153581,0.008453983,-0.17189331,0.25284174,0.30846268,0.119212285,-0.19809407,0.35768974,-0.017023973,0.1341055,0.7306541,-0.14058462,-0.11633092,-0.53529966,0.27197093,-0.59419185,0.0076869363,-0.12097867,0.52667063,-0.09167561,0.21835838,-0.18021742,-0.100269444,0.19600753,0.092332676,-0.11224303,-0.59346986,0.10121896,-0.4137677,0.023133453,-0.3818011,-0.3590002",""
"org.axonframework.eventhandling.tokenstore.legacyjpa","legacyjpa","embeddingsNode2Vec","1.0068182,-0.27609777,-0.22827816,0.35193115,0.4602594,0.19065264,-0.34000129,0.44780362,0.014604811,0.38316628,0.70071846,-0.24125214,-0.28004423,-0.35260317,0.25398862,-0.6508459,-0.015465131,0.09569078,0.6057353,-0.02973377,0.09959651,-0.31985724,-0.022150889,0.16899788,-0.06785582,-0.21780768,-0.42875206,0.3134965,-0.2946024,0.2680252,-0.3034415,-0.32921454",""
"org.axonframework.lifecycle","lifecycle","embeddingsNode2Vec","-0.10106374,-0.2698414,-0.07589139,-0.0019593602,-0.030745858,-0.022547388,-0.44463,0.34140128,0.35134664,-0.045104273,0.08634419,-0.42590708,0.3443505,-0.5236547,0.22517402,-0.28790814,0.10677818,-0.34260786,0.47508013,-0.18267465,-0.1307161,0.14456658,0.53532064,0.24858266,0.25802618,-0.20957905,-0.22982003,-0.40219226,-0.1723068,-0.13880229,-0.16675775,-0.08309941",""
"org.axonframework.messaging","messaging","embeddingsNode2Vec","0.073429056,-0.15346415,-0.13352564,-0.07605685,-0.10840587,-0.15089789,-0.13922754,0.20558988,0.24153802,0.22347832,0.4173374,-0.44222313,0.27986336,-0.33628267,0.18194517,-0.44088158,0.07677784,-0.38172203,0.1717421,-0.26783058,-0.25206137,0.16963391,0.399086,0.3033608,0.20062056,-0.27206278,-0.1996009,-0.3229818,0.09090658,-0.10869204,0.13333626,-0.24217094",""
"org.axonframework.messaging.annotation","annotation","embeddingsNode2Vec","0.42526567,-0.29576817,0.19177173,-0.25019112,0.019149022,-0.30099916,-0.14961366,0.14827043,0.25575772,0.32973656,-0.026927117,-0.13139145,0.42497614,-0.4078517,0.31706983,-0.5357142,0.38183853,-0.1419214,0.004237603,-0.44173592,-0.28548113,0.19435953,0.5443492,0.38279197,0.36255908,-0.2499167,-0.102152154,-0.00944796,0.07593722,-0.0232289,0.18360284,-0.022984121",""
"org.axonframework.messaging.correlation","correlation","embeddingsNode2Vec","0.46074486,0.055598702,-0.035399888,0.01697436,0.0709031,-0.17832416,-0.27732775,0.022516143,0.23546009,0.11543539,0.10611564,-0.4585182,0.07847937,-0.27553222,0.076219484,-0.5353617,0.14867394,-0.16946608,0.1543442,-0.37479463,-0.060282845,0.08453933,0.24436569,0.18060741,0.25150797,-0.5344822,-0.06994583,-0.14964597,0.09804012,-0.13086428,-0.05397437,-0.3468172",""
"org.axonframework.messaging.deadletter","deadletter","embeddingsNode2Vec","0.26407704,-0.65309167,-0.11576367,0.2713239,0.12343124,-0.044694573,-0.27709663,0.38755837,0.17129761,0.42267543,0.20282355,-0.37777275,0.16009276,-0.20100069,0.38398093,-0.36706948,0.15337494,-0.37601075,0.11760557,-0.26665637,-0.46789032,0.28969166,0.56596076,0.345307,0.10694715,0.021840753,-0.23838408,0.08851516,-0.18346465,0.2732252,-0.12017168,0.10462042",""
"org.axonframework.messaging.interceptors","interceptors","embeddingsNode2Vec","0.4653091,-0.38120192,0.18056674,0.010390545,0.072405234,-0.12991521,-0.22386469,0.04514278,0.4025283,0.1985747,0.03138951,-0.4236313,0.13005541,-0.060158886,0.09310691,-0.41854736,0.032464698,-0.08045964,0.13476966,-0.4032677,-0.21152872,0.12783162,0.48234475,0.08007573,0.18450364,-0.3703062,-0.20217021,-0.13925862,0.098648995,-0.14870766,-0.0600268,-0.17568442",""
"org.axonframework.messaging.interceptors.legacyvalidation","legacyvalidation","embeddingsNode2Vec","0.22659841,-0.087087385,0.006422974,-0.081035696,-0.050038174,-0.1263496,-0.22997695,0.05986854,0.26991412,0.04180039,0.18113309,-0.43798432,0.1526479,-0.33724406,0.15678248,-0.4889094,0.1791919,-0.17033795,0.20712614,-0.35229677,-0.15289685,0.1672948,0.36065042,0.17295465,0.33238328,-0.41813484,-0.07764199,-0.262606,0.13607968,-0.17059687,-0.02578673,-0.18301696",""
"org.axonframework.messaging.responsetypes","responsetypes","embeddingsNode2Vec","0.095613,-0.22049339,0.10185228,0.24304572,0.06368854,-0.012723942,-0.21624479,0.25116518,0.30195987,-0.0014957485,0.22083329,-0.121564284,0.45101097,-0.73894244,0.18589208,-0.33896908,0.25289494,-0.23702857,0.36744374,-0.34543324,-0.29885894,0.19885622,0.48637867,0.14974591,0.14088456,-0.43338066,-0.38593358,-0.61650264,0.13741769,-0.10281907,0.002913156,0.0064130486",""
"org.axonframework.queryhandling","queryhandling","embeddingsNode2Vec","0.17306925,-0.28171566,0.09946997,0.09268296,0.007931134,0.010250223,-0.2821323,0.17359185,0.24230476,0.098670185,0.36651257,-0.20111664,0.2914874,-0.7099015,0.09007835,-0.3197883,0.105919875,-0.1286427,0.15909925,-0.32168844,-0.30810958,0.14361252,0.4320152,0.07059184,0.20177034,-0.44503978,-0.32930267,-0.45767435,0.3232077,-0.16235109,0.16285397,-0.23776373",""
"org.axonframework.messaging.unitofwork","unitofwork","embeddingsNode2Vec","0.37113813,-0.04593345,-0.07701629,-0.1427306,-0.29393104,-0.035040893,-0.251847,0.11557776,0.42247874,0.43499786,0.08206785,-0.5524673,0.32286775,-0.12052331,0.17777401,-0.34738082,0.2761593,-0.28086987,0.20112513,-0.40475187,-0.034193724,-0.04278023,0.37177643,0.23833452,0.36953005,-0.2280687,-0.06505243,-0.16507953,0.057525303,-0.088371895,-0.05459281,0.07589241",""
"org.axonframework.monitoring","monitoring","embeddingsNode2Vec","0.041336954,-0.2559343,-0.072432734,-0.16410188,0.21622808,-0.020085698,-0.2879994,0.13778673,0.20986658,0.21097997,0.25808337,-0.029060027,0.23502815,-0.53326166,0.3192533,-0.6924898,0.18898349,-0.027769282,0.28367057,-0.19408394,-0.27112222,0.07347794,0.46307063,0.15221769,0.32954317,-0.29182342,-0.43648246,-0.21168977,0.14315629,0.12180392,-0.014191838,-0.09112808",""
"org.axonframework.queryhandling.annotation","annotation","embeddingsNode2Vec","0.35378963,-0.29364395,0.33294317,-0.08501168,-0.0097282985,-0.040876117,-0.23028885,0.12699325,0.26124087,0.24932854,0.12482032,-0.009370804,0.23970523,-0.3498861,0.2466176,-0.5557779,0.17583644,-0.04225295,-0.055455152,-0.47575283,-0.27130285,0.025359394,0.4787558,0.5952885,0.15171511,-0.4223293,-0.23326854,-0.31245312,0.24551071,-0.15597811,0.3885341,-0.12889916",""
"org.axonframework.queryhandling.registration","registration","embeddingsNode2Vec","0.25678867,-0.21552159,0.036055285,0.21631919,0.14467634,-0.03646784,-0.22478572,0.109317675,0.40416992,0.11792654,0.2500031,-0.27471396,0.34346166,-0.5192681,0.094991535,-0.39337337,0.1539363,-0.13577887,0.35728037,-0.31160244,-0.31642857,0.085041866,0.40900818,0.045552768,0.101242505,-0.34871453,-0.24910109,-0.34689987,0.13506377,-0.2192359,0.012234553,-0.17821294",""
"org.axonframework.serialization","serialization","embeddingsNode2Vec","0.0340256,-0.5353409,0.054897316,-0.04446853,0.09869549,-0.023801936,-0.29373455,0.42893532,0.21276309,0.33279762,0.378176,-0.8671795,-0.08463465,-0.30074313,0.29021317,-0.5612556,-0.04081039,-0.3598625,0.24175842,-0.032189727,0.037352197,0.26560545,0.2369191,0.10167125,-0.020242136,-0.16256809,-0.002676494,0.039107457,-0.19951005,0.04476839,0.12368995,-0.35164312",""
"org.axonframework.serialization.json","json","embeddingsNode2Vec","0.27250218,-0.3983809,0.13907096,-0.023009744,0.20252587,-0.056265235,0.0016626222,0.13945737,0.08078203,0.068058886,0.46591577,-0.7311543,-0.18331638,-0.2920236,0.22183317,-0.48697132,0.05163814,-0.17440268,0.25520197,-0.21827888,0.0010387416,0.40488815,0.28833362,-0.15291542,0.16461788,-0.42747864,-0.2727379,-0.22274372,-0.16959712,-0.16263255,-0.09143303,-0.15902571",""
"org.axonframework.serialization.upcasting","upcasting","embeddingsNode2Vec","-0.2860654,-0.13495328,0.21614279,-0.33759654,-0.17252786,0.0968214,0.039849486,0.11799008,0.5914402,0.15870552,0.45931524,-1.0195651,0.079731226,0.054864693,0.5799681,-0.6871236,-0.18147278,-0.28167975,-0.019446779,-0.48038748,-0.07634301,0.7513537,0.39612737,0.07579132,0.6047886,-0.54594576,-0.29453927,-0.14992747,0.14173745,0.1958076,0.5455108,-0.17654829",""
"org.axonframework.serialization.upcasting.event","event","embeddingsNode2Vec","0.10928858,-0.17386724,0.2502718,-0.26967308,0.036176194,0.12586594,0.014885157,0.04373904,0.48478708,0.13601153,0.36595666,-0.92179435,-0.07357824,-0.03803262,0.3137813,-0.48926345,-0.1854747,-0.057569187,0.10436027,-0.32254544,-0.062111046,0.5381921,0.25545907,-0.09939167,0.4559011,-0.5201052,-0.38372084,-0.16442698,0.009166317,0.10058934,0.41773763,-0.18394268",""
"org.axonframework.serialization.converters","converters","embeddingsNode2Vec","0.4376022,-0.3192062,0.033859618,-0.024188023,0.077758566,0.084136516,-0.09726059,0.21952266,0.281895,0.40254274,0.395058,-0.52134436,0.07334817,-0.17505006,0.3128035,-0.5231766,0.06176737,-0.11590513,0.2456988,-0.21554321,-0.04861462,0.10203708,0.31354553,0.19839871,0.21144937,-0.16011372,-0.32826373,0.0844892,-0.10981988,0.062373888,0.039166767,-0.11614741",""
"org.axonframework.serialization.xml","xml","embeddingsNode2Vec","0.26593181,-0.3914231,0.15444222,-0.07697026,0.019660927,0.055653285,0.12846263,0.27918702,0.25371248,0.3395014,0.47041532,-0.86392856,-0.11060729,-0.2179961,0.13901113,-0.48142278,0.01447923,-0.11600643,0.26404405,-0.15705551,-0.021196257,0.07513616,0.37104538,-0.11695595,0.11313267,-0.2416564,-0.18305099,-0.055397775,-0.047409378,-0.3579012,-0.10668906,-0.18956503",""
"org.axonframework.tracing","tracing","embeddingsNode2Vec","0.21875694,-0.008225753,0.0530691,0.116745286,-0.27431634,-0.039431978,-0.27153465,0.2676644,0.23030384,0.14708655,0.36610165,-0.4902374,0.17097108,-0.6148931,0.21362846,-0.3898295,0.23099865,-0.3528345,0.16195944,-0.32261676,-0.15090284,-0.045493618,0.23397386,0.24223502,0.26234823,-0.3270761,0.09460558,-0.25159153,0.31471464,-0.25194782,0.15602893,-0.17690946",""
"org.axonframework.tracing.attributes","attributes","embeddingsNode2Vec","0.27232757,-0.18614131,0.081988,0.008335162,0.11056463,-0.28044206,-0.21276478,0.1095835,0.30894735,0.14728479,-0.013581858,-0.6689248,-0.09496526,-0.2937737,-0.0044961795,-0.5130084,-0.013504266,-0.030878616,0.20419586,-0.24673115,-0.061263412,-0.03378141,0.38779208,-0.041965216,0.091298126,-0.5781624,-0.036067884,-0.06309299,0.10749947,-0.39668024,-0.048018064,-0.515289",""
"org.axonframework.util","util","embeddingsNode2Vec","0.37750638,-0.21513535,-0.0121343965,-0.0063802972,0.20234129,-0.074411996,-0.18754828,0.09105973,0.15682895,0.14338973,0.29282767,-0.3313479,0.054196887,-0.2016106,0.25106958,-0.6598197,0.08944967,-0.063255355,0.2841772,-0.2128534,-0.10842607,0.18133679,0.34118536,0.23072407,0.26815084,-0.32645214,-0.25802776,-0.013305216,-0.013286409,0.0985174,-0.1816215,-0.1997202",""
