"annotationName","languageElement","numberOfAnnotatedElements","examples","Source Cypher File: Java/Annotated_code_elements.cypher"
"javax.annotation.Nonnull","Parameter",1669,"org.axonframework.springboot.autoconfig.AxonAutoConfiguration.setBeanClassLoader(0),org.axonframework.springboot.autoconfig.PersistentStreamMessageSourceRegistrar.postProcessBeanDefinitionRegistry(0),org.axonframework.springboot.autoconfig.PersistentStreamMessageSourceRegistrar.postProcessBeanFactory(0),org.axonframework.springboot.autoconfig.AxonServerAutoConfiguration.setApplicationContext(0),org.axonframework.springboot.util.DeadLetterQueueProviderConfigurerModule.configureModule(0),org.axonframework.springboot.util.DefaultEntityRegistrar.registerBeanDefinitions(1),org.axonframework.test.deadline.StubDeadlineManager.schedule(0),org.axonframework.test.deadline.StubDeadlineManager.schedule(1),org.axonframework.test.deadline.StubDeadlineManager.schedule(3)",""
"java.lang.Deprecated","Method",133,"org.axonframework.springboot.TracingProperties.isNestedHandlers,org.axonframework.springboot.TracingProperties.setNestedHandlers,org.axonframework.springboot.TracingProperties.getNestedTimeLimit,org.axonframework.springboot.TracingProperties.setNestedTimeLimit,org.axonframework.test.deadline.DeadlineManagerValidator.assertDeadlinesMetMatching,org.axonframework.test.deadline.DeadlineManagerValidator.assertDeadlinesMet,org.axonframework.test.deadline.StubDeadlineManager.getDeadlinesMet,org.axonframework.test.saga.FixtureExecutionResult.expectDeadlinesMetMatching,org.axonframework.test.saga.FixtureExecutionResult.expectDeadlinesMet",""
"org.springframework.context.annotation.Bean","Method",129,"org.axonframework.springboot.autoconfig.legacyjpa.JpaJavaxEventStoreAutoConfiguration.eventStorageEngine,org.axonframework.springboot.autoconfig.legacyjpa.JpaJavaxAutoConfiguration.entityManagerProvider,org.axonframework.springboot.autoconfig.legacyjpa.JpaJavaxAutoConfiguration.tokenStore,org.axonframework.springboot.autoconfig.legacyjpa.JpaJavaxAutoConfiguration.sagaStore,org.axonframework.springboot.autoconfig.legacyjpa.JpaJavaxAutoConfiguration.persistenceExceptionResolver,org.axonframework.springboot.autoconfig.legacyjpa.JpaJavaxAutoConfiguration.deadLetterQueueProviderConfigurerModule,org.axonframework.springboot.autoconfig.AxonServerAutoConfiguration$DefaultConnectionManagerConfiguration.platformConnectionManager,org.axonframework.springboot.autoconfig.AxonTimeoutAutoConfiguration.messageTimeoutHandlerEnhancerDefinition,org.axonframework.springboot.autoconfig.AxonTimeoutAutoConfiguration.axonTimeoutConfigurerModule",""
"org.springframework.boot.autoconfigure.condition.ConditionalOnMissingBean","Method",82,"org.axonframework.springboot.autoconfig.legacyjpa.JpaJavaxAutoConfiguration.entityManagerProvider,org.axonframework.springboot.autoconfig.legacyjpa.JpaJavaxAutoConfiguration.tokenStore,org.axonframework.springboot.autoconfig.legacyjpa.JpaJavaxAutoConfiguration.sagaStore,org.axonframework.springboot.autoconfig.legacyjpa.JpaJavaxAutoConfiguration.persistenceExceptionResolver,org.axonframework.springboot.autoconfig.legacyjpa.JpaJavaxAutoConfiguration.deadLetterQueueProviderConfigurerModule,org.axonframework.springboot.autoconfig.AxonDbSchedulerAutoConfiguration.eventScheduler,org.axonframework.springboot.autoconfig.AxonDbSchedulerAutoConfiguration.deadlineManager,org.axonframework.springboot.autoconfig.JpaAutoConfiguration.entityManagerProvider,org.axonframework.springboot.autoconfig.JpaAutoConfiguration.tokenStore",""
"java.lang.FunctionalInterface","Interface",68,"org.axonframework.test.deadline.DeadlineConsumer,org.axonframework.test.eventscheduler.EventConsumer,org.axonframework.test.matchers.FieldFilter,org.axonframework.eventsourcing.conflictresolution.ConflictExceptionSupplier,org.axonframework.eventsourcing.conflictresolution.ContextAwareConflictExceptionSupplier,org.axonframework.eventsourcing.eventstore.jdbc.statements.CreateTokenAtStatementBuilder,org.axonframework.eventsourcing.eventstore.jdbc.statements.AppendEventsStatementBuilder,org.axonframework.eventsourcing.eventstore.jdbc.statements.LastSequenceNumberForStatementBuilder,org.axonframework.eventsourcing.eventstore.jdbc.statements.CreateTailTokenStatementBuilder",""
"javax.annotation.Nullable","Parameter",62,"org.axonframework.eventsourcing.eventstore.EventStorageEngine.readEvents(0),org.axonframework.modelling.command.CreationPolicyAggregateFactory.create(0),org.axonframework.modelling.command.NoArgumentConstructorCreationPolicyAggregateFactory.create(0),org.axonframework.modelling.command.Repository.load(1),org.axonframework.modelling.command.inspection.ChildForwardingCommandMessageHandlingMember.handle(1),org.axonframework.modelling.saga.EndSagaMessageHandlerDefinition$EndSageMessageHandlingMember.handle(1),org.axonframework.commandhandling.GenericCommandResultMessage.<init>(0),org.axonframework.commandhandling.GenericCommandResultMessage.<init>(1),org.axonframework.commandhandling.MonitorAwareCallback.<init>(0)",""
"javax.annotation.Nonnull","Method",60,"org.axonframework.springboot.util.legacyjpa.ContainerManagedEntityManagerProvider.getEntityManager,org.axonframework.springboot.util.AbstractQualifiedBeanCondition.getConfigurationPhase,org.axonframework.springboot.util.jpa.ContainerManagedEntityManagerProvider.getEntityManager,org.axonframework.test.deadline.StubDeadlineManager.schedule,org.axonframework.test.deadline.StubDeadlineManager.registerDispatchInterceptor,org.axonframework.test.deadline.StubDeadlineManager.registerHandlerInterceptor,org.axonframework.test.aggregate.AggregateTestFixture$RecordingEventStore.subscribe,org.axonframework.test.aggregate.AggregateTestFixture$RecordingEventStore.registerDispatchInterceptor,org.axonframework.modelling.command.CreationPolicyAggregateFactory.create",""
"java.lang.annotation.Target","Annotation",44,"org.axonframework.springboot.util.ConditionalOnQualifiedBean,org.axonframework.springboot.util.RegisterDefaultEntities,org.axonframework.springboot.util.ConditionalOnMissingQualifiedBean,org.axonframework.eventsourcing.EventSourcingHandler,org.axonframework.config.ProcessingGroup,org.axonframework.modelling.command.AggregateMember,org.axonframework.modelling.command.AggregateRoot,org.axonframework.modelling.command.AggregateVersion,org.axonframework.modelling.command.CommandHandlerInterceptor",""
"java.lang.annotation.Retention","Annotation",44,"org.axonframework.springboot.util.ConditionalOnQualifiedBean,org.axonframework.springboot.util.RegisterDefaultEntities,org.axonframework.springboot.util.ConditionalOnMissingQualifiedBean,org.axonframework.eventsourcing.EventSourcingHandler,org.axonframework.config.ProcessingGroup,org.axonframework.modelling.command.AggregateMember,org.axonframework.modelling.command.AggregateRoot,org.axonframework.modelling.command.AggregateVersion,org.axonframework.modelling.command.CommandHandlerInterceptor",""
"java.lang.Deprecated","Class",43,"org.axonframework.springboot.autoconfig.legacyjpa.JpaJavaxEventStoreAutoConfiguration,org.axonframework.springboot.autoconfig.legacyjpa.JpaJavaxAutoConfiguration,org.axonframework.springboot.util.legacyjpa.ContainerManagedEntityManagerProvider,org.axonframework.test.server.AxonServerEEContainer,org.axonframework.test.server.AxonServerSEContainer,org.axonframework.test.utils.AutowiredResourceInjector,org.axonframework.test.aggregate.StubAggregateLifecycleRule,org.axonframework.eventsourcing.MultiStreamableMessageSource$Builder,org.axonframework.eventsourcing.MultiStreamableMessageSource",""
"javax.persistence.Basic","Field",39,"org.axonframework.modelling.saga.repository.jpa.AbstractSagaEntry.sagaType,org.axonframework.modelling.saga.repository.jpa.AbstractSagaEntry.revision,org.axonframework.modelling.saga.repository.jpa.AssociationValueEntry.sagaId,org.axonframework.modelling.saga.repository.jpa.AssociationValueEntry.associationKey,org.axonframework.modelling.saga.repository.jpa.AssociationValueEntry.associationValue,org.axonframework.modelling.saga.repository.jpa.AssociationValueEntry.sagaType,org.axonframework.modelling.saga.repository.jpa.SagaEntry.sagaType,org.axonframework.modelling.saga.repository.jpa.SagaEntry.revision,org.axonframework.eventhandling.AbstractDomainEventEntry.type",""
"jakarta.persistence.Basic","Field",33,"org.axonframework.modelling.saga.repository.jpa.AssociationValueEntry.sagaId,org.axonframework.modelling.saga.repository.jpa.AssociationValueEntry.associationKey,org.axonframework.modelling.saga.repository.jpa.AssociationValueEntry.associationValue,org.axonframework.modelling.saga.repository.jpa.AssociationValueEntry.sagaType,org.axonframework.modelling.saga.repository.jpa.SagaEntry.sagaType,org.axonframework.modelling.saga.repository.jpa.SagaEntry.revision,org.axonframework.eventhandling.AbstractDomainEventEntry.type,org.axonframework.eventhandling.AbstractEventEntry.timeStamp,org.axonframework.eventhandling.AbstractEventEntry.payloadType",""
"com.fasterxml.jackson.annotation.JsonProperty","Parameter",32,"org.axonframework.modelling.command.AggregateScopeDescriptor.<init>(0),org.axonframework.modelling.command.AggregateScopeDescriptor.<init>(1),org.axonframework.modelling.saga.SagaScopeDescriptor.<init>(0),org.axonframework.modelling.saga.SagaScopeDescriptor.<init>(1),org.axonframework.commandhandling.distributed.commandfilter.AndCommandMessageFilter.<init>(0),org.axonframework.commandhandling.distributed.commandfilter.AndCommandMessageFilter.<init>(1),org.axonframework.commandhandling.distributed.commandfilter.CommandNameFilter.<init>(0),org.axonframework.commandhandling.distributed.commandfilter.DenyCommandNameFilter.<init>(0),org.axonframework.commandhandling.distributed.commandfilter.NegateCommandMessageFilter.<init>(0)",""
"org.springframework.boot.autoconfigure.AutoConfiguration","Class",27,"org.axonframework.springboot.autoconfig.legacyjpa.JpaJavaxEventStoreAutoConfiguration,org.axonframework.springboot.autoconfig.legacyjpa.JpaJavaxAutoConfiguration,org.axonframework.springboot.autoconfig.JpaAutoConfiguration,org.axonframework.springboot.autoconfig.AxonTimeoutAutoConfiguration,org.axonframework.springboot.autoconfig.AvroSerializerAutoConfiguration,org.axonframework.springboot.autoconfig.AxonDbSchedulerAutoConfiguration,org.axonframework.springboot.autoconfig.InterceptorAutoConfiguration,org.axonframework.springboot.autoconfig.JpaEventStoreAutoConfiguration,org.axonframework.springboot.autoconfig.AxonAutoConfiguration",""
"java.lang.annotation.Documented","Annotation",24,"org.axonframework.springboot.util.ConditionalOnMissingQualifiedBean,org.axonframework.springboot.util.ConditionalOnQualifiedBean,org.axonframework.eventsourcing.EventSourcingHandler,org.axonframework.config.ProcessingGroup,org.axonframework.modelling.command.AggregateMember,org.axonframework.modelling.command.AggregateRoot,org.axonframework.modelling.command.CommandHandlerInterceptor,org.axonframework.modelling.command.CreationPolicy,org.axonframework.modelling.command.EntityId",""
"java.beans.ConstructorProperties","Constructor",21,"org.axonframework.modelling.command.AggregateScopeDescriptor.<init>,org.axonframework.modelling.saga.SagaScopeDescriptor.<init>,org.axonframework.commandhandling.distributed.commandfilter.CommandNameFilter.<init>,org.axonframework.commandhandling.distributed.commandfilter.DenyCommandNameFilter.<init>,org.axonframework.commandhandling.distributed.commandfilter.AndCommandMessageFilter.<init>,org.axonframework.commandhandling.distributed.commandfilter.NegateCommandMessageFilter.<init>,org.axonframework.commandhandling.distributed.commandfilter.OrCommandMessageFilter.<init>,org.axonframework.eventhandling.GapAwareTrackingToken.<init>,org.axonframework.eventhandling.GlobalSequenceTrackingToken.<init>",""
"org.springframework.beans.factory.annotation.Qualifier","Parameter",20,"org.axonframework.springboot.autoconfig.legacyjpa.JpaJavaxEventStoreAutoConfiguration.eventStorageEngine(2),org.axonframework.springboot.autoconfig.legacyjpa.JpaJavaxAutoConfiguration.deadLetterQueueProviderConfigurerModule(4),org.axonframework.springboot.autoconfig.AxonDbSchedulerAutoConfiguration.eventScheduler(1),org.axonframework.springboot.autoconfig.AxonDbSchedulerAutoConfiguration.deadlineManager(2),org.axonframework.springboot.autoconfig.JpaAutoConfiguration.deadLetterQueueProviderConfigurerModule(4),org.axonframework.springboot.autoconfig.JpaEventStoreAutoConfiguration.eventStorageEngine(2),org.axonframework.springboot.autoconfig.AxonAutoConfiguration.eventSerializer(0),org.axonframework.springboot.autoconfig.AxonAutoConfiguration.serializerConfigurer(0),org.axonframework.springboot.autoconfig.AxonAutoConfiguration.serializerConfigurer(1)",""
"java.lang.Deprecated","Constructor",20,"org.axonframework.eventsourcing.MultiStreamableMessageSource.<init>,org.axonframework.eventsourcing.snapshotting.RevisionSnapshotFilter.<init>,org.axonframework.modelling.command.AnnotationCommandTargetResolver.<init>,org.axonframework.modelling.command.VersionedAggregateIdentifier.<init>,org.axonframework.modelling.saga.repository.jdbc.SagaSchema.<init>,org.axonframework.commandhandling.callbacks.FailureLoggingCallback.<init>,org.axonframework.commandhandling.distributed.AbstractRoutingStrategy.<init>,org.axonframework.commandhandling.distributed.MetaDataRoutingStrategy.<init>,org.axonframework.commandhandling.distributed.AnnotationRoutingStrategy.<init>",""
"org.springframework.boot.autoconfigure.AutoConfigureAfter","Class",17,"org.axonframework.springboot.autoconfig.legacyjpa.JpaJavaxEventStoreAutoConfiguration,org.axonframework.springboot.autoconfig.legacyjpa.JpaJavaxAutoConfiguration,org.axonframework.springboot.autoconfig.JpaAutoConfiguration,org.axonframework.springboot.autoconfig.AxonDbSchedulerAutoConfiguration,org.axonframework.springboot.autoconfig.InterceptorAutoConfiguration,org.axonframework.springboot.autoconfig.JpaEventStoreAutoConfiguration,org.axonframework.springboot.autoconfig.AxonAutoConfiguration,org.axonframework.springboot.autoconfig.EventProcessingAutoConfiguration,org.axonframework.springboot.autoconfig.ObjectMapperAutoConfiguration",""
"org.springframework.boot.autoconfigure.condition.ConditionalOnBean","Method",16,"org.axonframework.springboot.autoconfig.legacyjpa.JpaJavaxAutoConfiguration.persistenceExceptionResolver,org.axonframework.springboot.autoconfig.InterceptorAutoConfiguration.commandDispatchInterceptorConfigurer,org.axonframework.springboot.autoconfig.InterceptorAutoConfiguration.eventDispatchInterceptorConfigurer,org.axonframework.springboot.autoconfig.InterceptorAutoConfiguration.queryDispatchInterceptorConfigurer,org.axonframework.springboot.autoconfig.InterceptorAutoConfiguration.commandHandlerInterceptorConfigurer,org.axonframework.springboot.autoconfig.InterceptorAutoConfiguration.queryHandlerInterceptorConfigurer,org.axonframework.springboot.autoconfig.JpaAutoConfiguration.persistenceExceptionResolver,org.axonframework.springboot.autoconfig.MetricsAutoConfiguration.globalMetricRegistry,org.axonframework.springboot.autoconfig.MetricsAutoConfiguration.metricsConfigurerModule",""
"org.springframework.boot.autoconfigure.condition.ConditionalOnProperty","Method",16,"org.axonframework.springboot.autoconfig.MetricsAutoConfiguration.metricsConfigurerModule,org.axonframework.springboot.autoconfig.AxonTracingAutoConfiguration.aggregateIdentifierSpanAttributesProvider,org.axonframework.springboot.autoconfig.AxonTracingAutoConfiguration.messageIdSpanAttributesProvider,org.axonframework.springboot.autoconfig.AxonTracingAutoConfiguration.messageNameSpanAttributesProvider,org.axonframework.springboot.autoconfig.AxonTracingAutoConfiguration.messageTypeSpanAttributesProvider,org.axonframework.springboot.autoconfig.AxonTracingAutoConfiguration.metadataSpanAttributesProvider,org.axonframework.springboot.autoconfig.AxonTracingAutoConfiguration.payloadTypeSpanAttributesProvider,org.axonframework.springboot.autoconfig.AxonServerAutoConfiguration.eventScheduler,org.axonframework.springboot.autoconfig.AxonServerAutoConfiguration.persistentStreamScheduledExecutorBuilder",""
"com.fasterxml.jackson.annotation.JsonCreator","Constructor",16,"org.axonframework.modelling.command.AggregateScopeDescriptor.<init>,org.axonframework.modelling.saga.SagaScopeDescriptor.<init>,org.axonframework.eventhandling.GapAwareTrackingToken.<init>,org.axonframework.eventhandling.GlobalSequenceTrackingToken.<init>,org.axonframework.eventhandling.MergedTrackingToken.<init>,org.axonframework.eventhandling.MultiSourceTrackingToken.<init>,org.axonframework.eventhandling.ReplayToken.<init>,org.axonframework.eventhandling.scheduling.dbscheduler.DbSchedulerScheduleToken.<init>,org.axonframework.eventhandling.scheduling.java.SimpleScheduleToken.<init>",""
"org.springframework.boot.autoconfigure.AutoConfigureBefore","Class",15,"org.axonframework.springboot.autoconfig.legacyjpa.JpaJavaxEventStoreAutoConfiguration,org.axonframework.springboot.autoconfig.legacyjpa.JpaJavaxAutoConfiguration,org.axonframework.springboot.autoconfig.AvroSerializerAutoConfiguration,org.axonframework.springboot.autoconfig.JpaEventStoreAutoConfiguration,org.axonframework.springboot.autoconfig.AxonServerAutoConfiguration,org.axonframework.springboot.autoconfig.AxonTracingAutoConfiguration,org.axonframework.springboot.autoconfig.MetricsAutoConfiguration,org.axonframework.springboot.autoconfig.ObjectMapperAutoConfiguration,org.axonframework.springboot.autoconfig.XStreamAutoConfiguration",""
"org.springframework.boot.autoconfigure.condition.ConditionalOnClass","Class",15,"org.axonframework.springboot.autoconfig.AvroSerializerAutoConfiguration,org.axonframework.springboot.autoconfig.InterceptorAutoConfiguration,org.axonframework.springboot.autoconfig.AxonServerAutoConfiguration,org.axonframework.springboot.autoconfig.MetricsAutoConfiguration,org.axonframework.springboot.autoconfig.ObjectMapperAutoConfiguration,org.axonframework.springboot.autoconfig.AxonServerAutoConfiguration$ConnectionDetailsConnectionManagerConfiguration,org.axonframework.springboot.autoconfig.SecurityAutoConfiguration,org.axonframework.springboot.autoconfig.XStreamAutoConfiguration,org.axonframework.springboot.autoconfig.CBORMapperAutoConfiguration",""
"org.springframework.boot.context.properties.EnableConfigurationProperties","Class",12,"org.axonframework.springboot.autoconfig.legacyjpa.JpaJavaxAutoConfiguration,org.axonframework.springboot.autoconfig.JpaAutoConfiguration,org.axonframework.springboot.autoconfig.AxonTimeoutAutoConfiguration,org.axonframework.springboot.autoconfig.AxonAutoConfiguration,org.axonframework.springboot.autoconfig.AxonServerAutoConfiguration,org.axonframework.springboot.autoconfig.AxonTracingAutoConfiguration,org.axonframework.springboot.autoconfig.MetricsAutoConfiguration,org.axonframework.springboot.autoconfig.ObjectMapperAutoConfiguration,org.axonframework.springboot.autoconfig.XStreamAutoConfiguration",""
"javax.persistence.Column","Field",12,"org.axonframework.modelling.saga.repository.jpa.AbstractSagaEntry.serializedSaga,org.axonframework.modelling.saga.repository.jpa.SagaEntry.serializedSaga,org.axonframework.eventhandling.AbstractEventEntry.eventIdentifier,org.axonframework.eventhandling.AbstractEventEntry.payload,org.axonframework.eventhandling.AbstractEventEntry.metaData,org.axonframework.eventhandling.deadletter.jpa.DeadLetterEntry.causeMessage,org.axonframework.eventhandling.deadletter.jpa.DeadLetterEntry.diagnostics,org.axonframework.eventhandling.deadletter.jpa.DeadLetterEventEntry.payload,org.axonframework.eventhandling.deadletter.jpa.DeadLetterEventEntry.metaData",""
"org.axonframework.common.Priority","Class",11,"org.axonframework.test.FixtureResourceParameterResolverFactory,org.axonframework.config.ConfigurationParameterResolverFactory,org.axonframework.commandhandling.CurrentUnitOfWorkParameterResolverFactory,org.axonframework.eventhandling.SequenceNumberParameterResolverFactory,org.axonframework.eventhandling.TimestampParameterResolverFactory,org.axonframework.messaging.annotation.AggregateTypeParameterResolverFactory,org.axonframework.messaging.annotation.SimpleResourceParameterResolverFactory,org.axonframework.messaging.annotation.InterceptorChainParameterResolverFactory,org.axonframework.messaging.annotation.DefaultParameterResolverFactory",""
"jakarta.persistence.Column","Field",11,"org.axonframework.modelling.saga.repository.jpa.SagaEntry.serializedSaga,org.axonframework.eventhandling.AbstractEventEntry.eventIdentifier,org.axonframework.eventhandling.AbstractEventEntry.payload,org.axonframework.eventhandling.AbstractEventEntry.metaData,org.axonframework.eventhandling.deadletter.jpa.DeadLetterEntry.causeMessage,org.axonframework.eventhandling.deadletter.jpa.DeadLetterEntry.diagnostics,org.axonframework.eventhandling.deadletter.jpa.DeadLetterEventEntry.eventIdentifier,org.axonframework.eventhandling.deadletter.jpa.DeadLetterEventEntry.payload,org.axonframework.eventhandling.deadletter.jpa.DeadLetterEventEntry.metaData",""
"org.springframework.boot.autoconfigure.condition.ConditionalOnProperty","Class",10,"org.axonframework.springboot.autoconfig.AxonTimeoutAutoConfiguration,org.axonframework.springboot.autoconfig.XStreamAutoConfiguration$XStreamConfiguredCondition$EventsXStreamCondition,org.axonframework.springboot.autoconfig.XStreamAutoConfiguration$XStreamConfiguredCondition$GeneralDefaultCondition,org.axonframework.springboot.autoconfig.XStreamAutoConfiguration$XStreamConfiguredCondition$MessagesXStreamCondition,org.axonframework.springboot.autoconfig.AvroSerializerAutoConfiguration$AvroConfiguredCondition$EventsAvroCondition,org.axonframework.springboot.autoconfig.XStreamAutoConfiguration$XStreamConfiguredCondition$GeneralXStreamCondition,org.axonframework.springboot.autoconfig.AxonServerAutoConfiguration,org.axonframework.springboot.autoconfig.AvroSerializerAutoConfiguration$AvroConfiguredCondition$MessagesAvroCondition,org.axonframework.springboot.autoconfig.AxonServerBusAutoConfiguration",""
"javax.persistence.Id","Field",10,"org.axonframework.eventsourcing.eventstore.AbstractSnapshotEventEntry.aggregateIdentifier,org.axonframework.eventsourcing.eventstore.AbstractSnapshotEventEntry.sequenceNumber,org.axonframework.eventsourcing.eventstore.AbstractSnapshotEventEntry.type,org.axonframework.modelling.saga.repository.jpa.AbstractSagaEntry.sagaId,org.axonframework.modelling.saga.repository.jpa.AssociationValueEntry.id,org.axonframework.modelling.saga.repository.jpa.SagaEntry.sagaId,org.axonframework.eventhandling.AbstractSequencedDomainEventEntry.globalIndex,org.axonframework.eventhandling.deadletter.jpa.DeadLetterEntry.deadLetterId,org.axonframework.eventhandling.tokenstore.jpa.TokenEntry.processorName",""
"javax.persistence.Lob","Field",10,"org.axonframework.modelling.saga.repository.jpa.AbstractSagaEntry.serializedSaga,org.axonframework.modelling.saga.repository.jpa.SagaEntry.serializedSaga,org.axonframework.eventhandling.AbstractEventEntry.payload,org.axonframework.eventhandling.AbstractEventEntry.metaData,org.axonframework.eventhandling.deadletter.jpa.DeadLetterEntry.diagnostics,org.axonframework.eventhandling.deadletter.jpa.DeadLetterEventEntry.payload,org.axonframework.eventhandling.deadletter.jpa.DeadLetterEventEntry.metaData,org.axonframework.eventhandling.deadletter.jpa.DeadLetterEventEntry.token,org.axonframework.eventhandling.tokenstore.AbstractTokenEntry.token",""
"org.springframework.boot.context.properties.ConfigurationProperties","Class",9,"org.axonframework.springboot.DistributedCommandBusProperties,org.axonframework.springboot.TokenStoreProperties,org.axonframework.springboot.SerializerProperties,org.axonframework.springboot.TagsConfigurationProperties,org.axonframework.springboot.TimeoutProperties,org.axonframework.springboot.MetricsProperties,org.axonframework.springboot.EventProcessorProperties,org.axonframework.springboot.TracingProperties,org.axonframework.axonserver.connector.AxonServerConfiguration",""
"java.lang.SafeVarargs","Constructor",9,"org.axonframework.test.matchers.SequenceMatcher.<init>,org.axonframework.test.matchers.ExactSequenceMatcher.<init>,org.axonframework.test.matchers.ListWithAllOfMatcher.<init>,org.axonframework.test.matchers.ListWithAnyOfMatcher.<init>,org.axonframework.test.matchers.ListMatcher.<init>,org.axonframework.commandhandling.gateway.NonTransientExceptionClassesPredicate.<init>,org.axonframework.messaging.unitofwork.BatchingUnitOfWork.<init>,org.axonframework.monitoring.MultiMessageMonitor.<init>,org.axonframework.serialization.upcasting.GenericUpcasterChain.<init>",""
"jakarta.persistence.Id","Field",9,"org.axonframework.eventsourcing.eventstore.AbstractSnapshotEventEntry.aggregateIdentifier,org.axonframework.eventsourcing.eventstore.AbstractSnapshotEventEntry.sequenceNumber,org.axonframework.eventsourcing.eventstore.AbstractSnapshotEventEntry.type,org.axonframework.modelling.saga.repository.jpa.AssociationValueEntry.id,org.axonframework.modelling.saga.repository.jpa.SagaEntry.sagaId,org.axonframework.eventhandling.AbstractSequencedDomainEventEntry.globalIndex,org.axonframework.eventhandling.deadletter.jpa.DeadLetterEntry.deadLetterId,org.axonframework.eventhandling.tokenstore.jpa.TokenEntry.processorName,org.axonframework.eventhandling.tokenstore.jpa.TokenEntry.segment",""
"org.axonframework.messaging.annotation.HasHandlerAttributes","Annotation",9,"org.axonframework.modelling.command.CreationPolicy,org.axonframework.modelling.saga.EndSaga,org.axonframework.modelling.saga.StartSaga,org.axonframework.eventhandling.AllowReplay,org.axonframework.lifecycle.ShutdownHandler,org.axonframework.lifecycle.StartHandler,org.axonframework.messaging.annotation.MessageHandler,org.axonframework.messaging.annotation.MessageHandlerTimeout,org.axonframework.messaging.interceptors.ResultHandler",""
"com.fasterxml.jackson.annotation.JsonGetter","Method",9,"org.axonframework.commandhandling.distributed.commandfilter.AndCommandMessageFilter.getFirst,org.axonframework.commandhandling.distributed.commandfilter.AndCommandMessageFilter.getSecond,org.axonframework.commandhandling.distributed.commandfilter.CommandNameFilter.getCommandNames,org.axonframework.commandhandling.distributed.commandfilter.DenyCommandNameFilter.getCommandNames,org.axonframework.commandhandling.distributed.commandfilter.NegateCommandMessageFilter.getFilter,org.axonframework.commandhandling.distributed.commandfilter.OrCommandMessageFilter.getFirst,org.axonframework.commandhandling.distributed.commandfilter.OrCommandMessageFilter.getSecond,org.axonframework.eventhandling.MergedTrackingToken.lowerSegmentToken,org.axonframework.eventhandling.MergedTrackingToken.upperSegmentToken",""
"java.lang.Deprecated","Field",9,"org.axonframework.deadline.quartz.DeadlineJob$DeadlineJobDataBinder.SERIALIZED_DEADLINE_MESSAGE,org.axonframework.deadline.quartz.DeadlineJob$DeadlineJobDataBinder.SERIALIZED_DEADLINE_MESSAGE_CLASS_NAME,org.axonframework.eventhandling.scheduling.quartz.QuartzEventScheduler$DirectEventJobDataBinder.EVENT_KEY,org.axonframework.axonserver.connector.AxonServerConfiguration.initialNrOfPermits,org.axonframework.axonserver.connector.AxonServerConfiguration.eventCipher,org.axonframework.axonserver.connector.AxonServerConfiguration.suppressDownloadMessage,org.axonframework.axonserver.connector.AxonServerConfiguration.disableEventBlacklisting,org.axonframework.axonserver.connector.AxonServerConfiguration.maxGrpcBufferedMessages,org.axonframework.axonserver.connector.AxonServerConfiguration$FlowControlConfiguration.initialNrOfPermits",""
"org.springframework.boot.context.properties.NestedConfigurationProperty","Field",8,"org.axonframework.springboot.TimeoutProperties$MessageHandlerTimeoutProperties.events,org.axonframework.springboot.TimeoutProperties$MessageHandlerTimeoutProperties.commands,org.axonframework.springboot.TimeoutProperties$MessageHandlerTimeoutProperties.queries,org.axonframework.springboot.TimeoutProperties$MessageHandlerTimeoutProperties.deadlines,org.axonframework.springboot.TimeoutProperties$TransactionTimeoutProperties.commandBus,org.axonframework.springboot.TimeoutProperties$TransactionTimeoutProperties.queryBus,org.axonframework.springboot.TimeoutProperties$TransactionTimeoutProperties.deadline,org.axonframework.springboot.TimeoutProperties$TransactionTimeoutProperties.eventProcessors",""
"org.springframework.context.annotation.Conditional","Method",8,"org.axonframework.springboot.autoconfig.AvroSerializerAutoConfiguration.defaultAxonSchemaStore,org.axonframework.springboot.autoconfig.AvroSerializerAutoConfiguration.collectAvroSchemasFromClassPath,org.axonframework.springboot.autoconfig.AvroSerializerAutoConfiguration.specificRecordBaseClasspathAvroSchemaLoader,org.axonframework.springboot.autoconfig.UpdateCheckerAutoConfiguration.usagePropertyProvider,org.axonframework.springboot.autoconfig.UpdateCheckerAutoConfiguration.updateCheckerHttpClient,org.axonframework.springboot.autoconfig.UpdateCheckerAutoConfiguration.updateCheckerReporter,org.axonframework.springboot.autoconfig.UpdateCheckerAutoConfiguration.updateChecker,org.axonframework.springboot.autoconfig.XStreamAutoConfiguration.defaultAxonXStream",""
"jakarta.persistence.Lob","Field",8,"org.axonframework.modelling.saga.repository.jpa.SagaEntry.serializedSaga,org.axonframework.eventhandling.AbstractEventEntry.payload,org.axonframework.eventhandling.AbstractEventEntry.metaData,org.axonframework.eventhandling.deadletter.jpa.DeadLetterEntry.diagnostics,org.axonframework.eventhandling.deadletter.jpa.DeadLetterEventEntry.payload,org.axonframework.eventhandling.deadletter.jpa.DeadLetterEventEntry.metaData,org.axonframework.eventhandling.deadletter.jpa.DeadLetterEventEntry.token,org.axonframework.eventhandling.tokenstore.jpa.TokenEntry.token",""
"org.springframework.boot.autoconfigure.condition.ConditionalOnBean","Class",7,"org.axonframework.springboot.autoconfig.legacyjpa.JpaJavaxEventStoreAutoConfiguration,org.axonframework.springboot.autoconfig.legacyjpa.JpaJavaxAutoConfiguration,org.axonframework.springboot.autoconfig.JpaAutoConfiguration,org.axonframework.springboot.autoconfig.AxonDbSchedulerAutoConfiguration,org.axonframework.springboot.autoconfig.JpaEventStoreAutoConfiguration,org.axonframework.springboot.autoconfig.JdbcAutoConfiguration,org.axonframework.springboot.autoconfig.AxonJobRunrAutoConfiguration",""
"org.springframework.beans.factory.annotation.Qualifier","Method",7,"org.axonframework.springboot.autoconfig.AxonDbSchedulerAutoConfiguration.dbSchedulerEventDataTask,org.axonframework.springboot.autoconfig.AxonDbSchedulerAutoConfiguration.dbSchedulerDeadlineDetailsTask,org.axonframework.springboot.autoconfig.AxonAutoConfiguration.messageSerializer,org.axonframework.springboot.autoconfig.AxonAutoConfiguration.eventSerializer,org.axonframework.springboot.autoconfig.AxonAutoConfiguration.eventStore,org.axonframework.springboot.autoconfig.AxonAutoConfiguration.commandBus,org.axonframework.springboot.autoconfig.AxonAutoConfiguration.queryBus",""
"org.axonframework.springboot.util.ConditionalOnMissingQualifiedBean","Method",7,"org.axonframework.springboot.autoconfig.AxonDbSchedulerAutoConfiguration.dbSchedulerEventDataTask,org.axonframework.springboot.autoconfig.AxonDbSchedulerAutoConfiguration.dbSchedulerDeadlineDetailsTask,org.axonframework.springboot.autoconfig.AxonAutoConfiguration.serializer,org.axonframework.springboot.autoconfig.AxonAutoConfiguration.messageSerializer,org.axonframework.springboot.autoconfig.AxonAutoConfiguration.eventSerializer,org.axonframework.springboot.autoconfig.AxonServerAutoConfiguration.persistentStreamScheduledExecutorBuilder,org.axonframework.springboot.autoconfig.AxonServerBusAutoConfiguration.axonServerCommandBus",""
"java.lang.Deprecated","Interface",7,"org.axonframework.modelling.command.inspection.CommandHandlerInterceptorHandlingMember,org.axonframework.common.legacyjpa.EntityManagerProvider,org.axonframework.eventhandling.deadletter.legacyjpa.DeadLetterJpaConverter,org.axonframework.axonserver.connector.InstructionResultPublisher,org.axonframework.axonserver.connector.Publisher,org.axonframework.axonserver.connector.heartbeat.HeartbeatSource,org.axonframework.axonserver.connector.heartbeat.ConnectionSanityChecker",""
"java.lang.SafeVarargs","Method",6,"org.axonframework.test.aggregate.AggregateTestFixture.withSubtypes,org.axonframework.test.matchers.Matchers.listWithAllOf,org.axonframework.test.matchers.Matchers.listWithAnyOf,org.axonframework.test.matchers.Matchers.sequenceOf,org.axonframework.test.matchers.Matchers.exactSequenceOf,org.axonframework.config.AggregateConfigurer.withSubtypes",""
"javax.persistence.MappedSuperclass","Class",6,"org.axonframework.eventsourcing.eventstore.AbstractSnapshotEventEntry,org.axonframework.modelling.saga.repository.jpa.AbstractSagaEntry,org.axonframework.eventhandling.AbstractDomainEventEntry,org.axonframework.eventhandling.AbstractSequencedDomainEventEntry,org.axonframework.eventhandling.AbstractEventEntry,org.axonframework.eventhandling.tokenstore.AbstractTokenEntry",""
"javax.persistence.Entity","Class",6,"org.axonframework.eventsourcing.eventstore.jpa.DomainEventEntry,org.axonframework.eventsourcing.eventstore.jpa.SnapshotEventEntry,org.axonframework.modelling.saga.repository.jpa.SagaEntry,org.axonframework.modelling.saga.repository.jpa.AssociationValueEntry,org.axonframework.eventhandling.deadletter.jpa.DeadLetterEntry,org.axonframework.eventhandling.tokenstore.jpa.TokenEntry",""
"jakarta.persistence.Entity","Class",6,"org.axonframework.eventsourcing.eventstore.jpa.DomainEventEntry,org.axonframework.eventsourcing.eventstore.jpa.SnapshotEventEntry,org.axonframework.modelling.saga.repository.jpa.SagaEntry,org.axonframework.modelling.saga.repository.jpa.AssociationValueEntry,org.axonframework.eventhandling.deadletter.jpa.DeadLetterEntry,org.axonframework.eventhandling.tokenstore.jpa.TokenEntry",""
"org.axonframework.messaging.annotation.MessageHandler","Annotation",6,"org.axonframework.commandhandling.CommandHandler,org.axonframework.deadline.annotation.DeadlineHandler,org.axonframework.eventhandling.EventHandler,org.axonframework.eventhandling.ResetHandler,org.axonframework.messaging.interceptors.MessageHandlerInterceptor,org.axonframework.queryhandling.QueryHandler",""
"org.axonframework.springboot.util.RegisterDefaultEntities","Class",4,"org.axonframework.springboot.autoconfig.legacyjpa.JpaJavaxEventStoreAutoConfiguration,org.axonframework.springboot.autoconfig.legacyjpa.JpaJavaxAutoConfiguration,org.axonframework.springboot.autoconfig.JpaAutoConfiguration,org.axonframework.springboot.autoconfig.JpaEventStoreAutoConfiguration",""
"org.springframework.boot.autoconfigure.condition.ConditionalOnMissingBean","Class",4,"org.axonframework.springboot.autoconfig.legacyjpa.JpaJavaxEventStoreAutoConfiguration,org.axonframework.springboot.autoconfig.JpaEventStoreAutoConfiguration,org.axonframework.springboot.autoconfig.AvroSerializerAutoConfiguration$OnMissingDefaultSchemaStoreCondition$SchemaStoreIsMissingCondition,org.axonframework.springboot.autoconfig.MetricsAutoConfiguration",""
"org.springframework.context.annotation.Primary","Method",4,"org.axonframework.springboot.autoconfig.AxonAutoConfiguration.serializer,org.axonframework.springboot.autoconfig.AxonServerBusAutoConfiguration.axonServerCommandBus,org.axonframework.springboot.autoconfig.InfraConfiguration.handlerDefinition,org.axonframework.springboot.autoconfig.InfraConfiguration.parameterResolverFactory",""
"jakarta.persistence.MappedSuperclass","Class",4,"org.axonframework.eventsourcing.eventstore.AbstractSnapshotEventEntry,org.axonframework.eventhandling.AbstractDomainEventEntry,org.axonframework.eventhandling.AbstractSequencedDomainEventEntry,org.axonframework.eventhandling.AbstractEventEntry",""
"com.fasterxml.jackson.annotation.JsonTypeInfo","Field",4,"org.axonframework.eventhandling.MultiSourceTrackingToken.trackingTokens,org.axonframework.eventhandling.ReplayToken.tokenAtReset,org.axonframework.eventhandling.ReplayToken.currentToken,org.axonframework.eventhandling.ReplayToken.context",""
"org.springframework.context.annotation.Role","Method",3,"org.axonframework.springboot.autoconfig.InfraConfiguration.messageHandlerLookup,org.axonframework.springboot.autoconfig.InfraConfiguration.springAggregateLookup,org.axonframework.springboot.autoconfig.InfraConfiguration.springSagaLookup",""
"org.springframework.core.annotation.Order","Class",3,"org.axonframework.springboot.util.OnQualifiedBeanCondition,org.axonframework.springboot.util.OnMissingQualifiedBeanCondition,org.axonframework.springboot.util.DefaultEntityRegistrar",""
"javax.persistence.Table","Class",3,"org.axonframework.eventsourcing.eventstore.jpa.DomainEventEntry,org.axonframework.modelling.saga.repository.jpa.AssociationValueEntry,org.axonframework.eventhandling.deadletter.jpa.DeadLetterEntry",""
"jakarta.persistence.Table","Class",3,"org.axonframework.eventsourcing.eventstore.jpa.DomainEventEntry,org.axonframework.modelling.saga.repository.jpa.AssociationValueEntry,org.axonframework.eventhandling.deadletter.jpa.DeadLetterEntry",""
"java.lang.annotation.Inherited","Annotation",3,"org.axonframework.config.ProcessingGroup,org.axonframework.common.Priority,org.axonframework.serialization.Revision",""
"com.fasterxml.jackson.annotation.JsonIgnore","Method",3,"org.axonframework.eventhandling.MergedTrackingToken.isLowerSegmentAdvanced,org.axonframework.eventhandling.MergedTrackingToken.isUpperSegmentAdvanced,org.axonframework.eventhandling.scheduling.dbscheduler.DbSchedulerScheduleToken.getTaskName",""
"org.springframework.context.annotation.Lazy","Method",2,"org.axonframework.springboot.autoconfig.legacyjpa.JpaJavaxAutoConfiguration.sagaStore,org.axonframework.springboot.autoconfig.JpaAutoConfiguration.sagaStore",""
"org.springframework.context.annotation.Configuration","Class",2,"org.axonframework.springboot.autoconfig.AxonServerAutoConfiguration$DefaultConnectionManagerConfiguration,org.axonframework.springboot.autoconfig.AxonServerAutoConfiguration$ConnectionDetailsConnectionManagerConfiguration",""
"org.springframework.boot.autoconfigure.condition.ConditionalOnExpression","Method",2,"org.axonframework.springboot.autoconfig.ObjectMapperAutoConfiguration.defaultAxonObjectMapper,org.axonframework.springboot.autoconfig.CBORMapperAutoConfiguration.defaultAxonCborMapper",""
"org.springframework.boot.autoconfigure.condition.ConditionalOnClass","Method",2,"org.axonframework.springboot.autoconfig.InfraConfiguration.correlationDataProvidersConfigurer,org.axonframework.springboot.autoconfig.InfraConfiguration.eventUpcastersConfigurer",""
"org.springframework.context.annotation.Conditional","Annotation",2,"org.axonframework.springboot.util.ConditionalOnMissingQualifiedBean,org.axonframework.springboot.util.ConditionalOnQualifiedBean",""
"org.axonframework.eventhandling.EventHandler","Annotation",2,"org.axonframework.eventsourcing.EventSourcingHandler,org.axonframework.modelling.saga.SagaEventHandler",""
"jakarta.persistence.IdClass","Class",2,"org.axonframework.eventsourcing.eventstore.AbstractSnapshotEventEntry,org.axonframework.eventhandling.tokenstore.jpa.TokenEntry",""
"javax.persistence.IdClass","Class",2,"org.axonframework.eventsourcing.eventstore.AbstractSnapshotEventEntry,org.axonframework.eventhandling.tokenstore.jpa.TokenEntry",""
"javax.annotation.Nullable","Method",2,"org.axonframework.config.AxonIQConsoleModule.consoleClientVersion,org.axonframework.eventhandling.ReplayToken.context",""
"org.axonframework.messaging.interceptors.MessageHandlerInterceptor","Annotation",2,"org.axonframework.modelling.command.CommandHandlerInterceptor,org.axonframework.messaging.interceptors.ExceptionHandler",""
"jakarta.persistence.GeneratedValue","Field",2,"org.axonframework.modelling.saga.repository.jpa.AssociationValueEntry.id,org.axonframework.eventhandling.AbstractSequencedDomainEventEntry.globalIndex",""
"javax.persistence.GeneratedValue","Field",2,"org.axonframework.modelling.saga.repository.jpa.AssociationValueEntry.id,org.axonframework.eventhandling.AbstractSequencedDomainEventEntry.globalIndex",""
"com.fasterxml.jackson.annotation.JsonTypeInfo","Interface",2,"org.axonframework.commandhandling.distributed.CommandMessageFilter,org.axonframework.eventhandling.scheduling.ScheduleToken",""
"com.fasterxml.jackson.annotation.JsonTypeInfo","Method",2,"org.axonframework.eventhandling.MergedTrackingToken.lowerSegmentToken,org.axonframework.eventhandling.MergedTrackingToken.upperSegmentToken",""
"org.springframework.boot.autoconfigure.condition.ConditionalOnMissingClass","Class",1,"org.axonframework.springboot.autoconfig.AxonServerAutoConfiguration$DefaultConnectionManagerConfiguration",""
"org.springframework.lang.Nullable","Parameter",1,"org.axonframework.springboot.autoconfig.AxonServerAutoConfiguration.clientName(0)",""
"org.springframework.beans.factory.annotation.Autowired","Method",1,"org.axonframework.springboot.autoconfig.AxonAutoConfiguration.configureEventHandling",""
"org.springframework.boot.autoconfigure.condition.ConditionalOnMissingClass","Method",1,"org.axonframework.springboot.autoconfig.AxonServerAutoConfiguration.processorInfoConfiguration",""
"org.axonframework.springboot.util.ConditionalOnQualifiedBean","Method",1,"org.axonframework.springboot.autoconfig.AxonServerAutoConfiguration.backwardsCompatiblePersistentStreamScheduledExecutorBuilder",""
"org.jetbrains.annotations.NotNull","Parameter",1,"org.axonframework.springboot.autoconfig.AxonTimeoutAutoConfiguration$AxonTimeoutConfigurerModule.configureModule(0)",""
"javax.persistence.PersistenceContext","Method",1,"org.axonframework.springboot.util.legacyjpa.ContainerManagedEntityManagerProvider.setEntityManager",""
"org.springframework.context.annotation.Import","Annotation",1,"org.axonframework.springboot.util.RegisterDefaultEntities",""
"jakarta.persistence.PersistenceContext","Method",1,"org.axonframework.springboot.util.jpa.ContainerManagedEntityManagerProvider.setEntityManager",""
"javax.annotation.PreDestroy","Method",1,"org.axonframework.eventsourcing.eventstore.legacyjpa.EmbeddedEventStore.shutDown",""
"jakarta.annotation.Nonnull","Parameter",1,"org.axonframework.config.UpdateCheckerConfigurerModule.configureModule(0)",""
"org.axonframework.modelling.command.EntityId","Annotation",1,"org.axonframework.modelling.command.AggregateIdentifier",""
"org.axonframework.commandhandling.RoutingKey","Annotation",1,"org.axonframework.modelling.command.TargetAggregateIdentifier",""
"org.axonframework.eventhandling.AllowReplay","Annotation",1,"org.axonframework.eventhandling.DisallowReplay",""
"javax.persistence.Embedded","Field",1,"org.axonframework.eventhandling.deadletter.jpa.DeadLetterEntry.message",""
"jakarta.persistence.Embedded","Field",1,"org.axonframework.eventhandling.deadletter.jpa.DeadLetterEntry.message",""
"jakarta.persistence.Embeddable","Class",1,"org.axonframework.eventhandling.deadletter.jpa.DeadLetterEventEntry",""
"javax.persistence.Embeddable","Class",1,"org.axonframework.eventhandling.deadletter.jpa.DeadLetterEventEntry",""
"org.axonframework.messaging.interceptors.ResultHandler","Annotation",1,"org.axonframework.messaging.interceptors.ExceptionHandler",""
"org.springframework.boot.context.properties.ConfigurationProperties","Method",1,"org.axonframework.axonserver.connector.AxonServerConfiguration.getEventStoreConfiguration",""
