"moduleName","modulePath","fullQualifiedModuleName","numberOfModuleElements","languageElement","numberOfElements","Source Cypher File: domains/overview/queries/overview/Number_of_elements_per_module_for_Typescript.cypher"
"react-router","index.ts","/home/runner/work/code-graph-analysis-examples/code-graph-analysis-examples/temp/react-router-7.18.1/source/react-router-7.18.1/packages/react-router/index.ts",170,"Interface",48,""
"react-router","index.ts","/home/runner/work/code-graph-analysis-examples/code-graph-analysis-examples/temp/react-router-7.18.1/source/react-router-7.18.1/packages/react-router/index.ts",170,"TypeAlias",64,""
"react-router","index.ts","/home/runner/work/code-graph-analysis-examples/code-graph-analysis-examples/temp/react-router-7.18.1/source/react-router-7.18.1/packages/react-router/index.ts",170,"Class",3,""
"react-router","index.ts","/home/runner/work/code-graph-analysis-examples/code-graph-analysis-examples/temp/react-router-7.18.1/source/react-router-7.18.1/packages/react-router/index.ts",170,"Variable",19,""
"react-router","index.ts","/home/runner/work/code-graph-analysis-examples/code-graph-analysis-examples/temp/react-router-7.18.1/source/react-router-7.18.1/packages/react-router/index.ts",170,"Function",21,""
"react-router","index.ts","/home/runner/work/code-graph-analysis-examples/code-graph-analysis-examples/temp/react-router-7.18.1/source/react-router-7.18.1/packages/react-router/index.ts",170,"Enum",2,""
"utils","lib/router/utils.ts","/home/runner/work/code-graph-analysis-examples/code-graph-analysis-examples/temp/react-router-7.18.1/source/react-router-7.18.1/packages/react-router/lib/router/utils.ts",91,"TypeAlias",29,""
"utils","lib/router/utils.ts","/home/runner/work/code-graph-analysis-examples/code-graph-analysis-examples/temp/react-router-7.18.1/source/react-router-7.18.1/packages/react-router/lib/router/utils.ts",91,"Variable",12,""
"utils","lib/router/utils.ts","/home/runner/work/code-graph-analysis-examples/code-graph-analysis-examples/temp/react-router-7.18.1/source/react-router-7.18.1/packages/react-router/lib/router/utils.ts",91,"Enum",1,""
"utils","lib/router/utils.ts","/home/runner/work/code-graph-analysis-examples/code-graph-analysis-examples/temp/react-router-7.18.1/source/react-router-7.18.1/packages/react-router/lib/router/utils.ts",91,"Interface",24,""
"utils","lib/router/utils.ts","/home/runner/work/code-graph-analysis-examples/code-graph-analysis-examples/temp/react-router-7.18.1/source/react-router-7.18.1/packages/react-router/lib/router/utils.ts",91,"Function",22,""
"utils","lib/router/utils.ts","/home/runner/work/code-graph-analysis-examples/code-graph-analysis-examples/temp/react-router-7.18.1/source/react-router-7.18.1/packages/react-router/lib/router/utils.ts",91,"Class",3,""
"react-router","index-react-server.ts","/home/runner/work/code-graph-analysis-examples/code-graph-analysis-examples/temp/react-router-7.18.1/source/react-router-7.18.1/packages/react-router/index-react-server.ts",40,"Interface",4,""
"react-router","index-react-server.ts","/home/runner/work/code-graph-analysis-examples/code-graph-analysis-examples/temp/react-router-7.18.1/source/react-router-7.18.1/packages/react-router/index-react-server.ts",40,"Function",10,""
"react-router","index-react-server.ts","/home/runner/work/code-graph-analysis-examples/code-graph-analysis-examples/temp/react-router-7.18.1/source/react-router-7.18.1/packages/react-router/index-react-server.ts",40,"TypeAlias",15,""
"react-router","index-react-server.ts","/home/runner/work/code-graph-analysis-examples/code-graph-analysis-examples/temp/react-router-7.18.1/source/react-router-7.18.1/packages/react-router/index-react-server.ts",40,"Variable",6,""
"react-router","index-react-server.ts","/home/runner/work/code-graph-analysis-examples/code-graph-analysis-examples/temp/react-router-7.18.1/source/react-router-7.18.1/packages/react-router/index-react-server.ts",40,"Class",1,""
"router","lib/router/router.ts","/home/runner/work/code-graph-analysis-examples/code-graph-analysis-examples/temp/react-router-7.18.1/source/react-router-7.18.1/packages/react-router/lib/router/router.ts",35,"TypeAlias",11,""
"router","lib/router/router.ts","/home/runner/work/code-graph-analysis-examples/code-graph-analysis-examples/temp/react-router-7.18.1/source/react-router-7.18.1/packages/react-router/lib/router/router.ts",35,"Variable",5,""
"router","lib/router/router.ts","/home/runner/work/code-graph-analysis-examples/code-graph-analysis-examples/temp/react-router-7.18.1/source/react-router-7.18.1/packages/react-router/lib/router/router.ts",35,"Interface",10,""
"router","lib/router/router.ts","/home/runner/work/code-graph-analysis-examples/code-graph-analysis-examples/temp/react-router-7.18.1/source/react-router-7.18.1/packages/react-router/lib/router/router.ts",35,"Function",9,""
"utils","utils.ts","/home/runner/work/code-graph-analysis-examples/code-graph-analysis-examples/temp/react-router-7.18.1/source/react-router-7.18.1/packages/create-react-router/utils.ts",28,"Function",24,""
"utils","utils.ts","/home/runner/work/code-graph-analysis-examples/code-graph-analysis-examples/temp/react-router-7.18.1/source/react-router-7.18.1/packages/create-react-router/utils.ts",28,"Variable",4,""
"history","lib/router/history.ts","/home/runner/work/code-graph-analysis-examples/code-graph-analysis-examples/temp/react-router-7.18.1/source/react-router-7.18.1/packages/react-router/lib/router/history.ts",25,"TypeAlias",6,""
"history","lib/router/history.ts","/home/runner/work/code-graph-analysis-examples/code-graph-analysis-examples/temp/react-router-7.18.1/source/react-router-7.18.1/packages/react-router/lib/router/history.ts",25,"Interface",9,""
"history","lib/router/history.ts","/home/runner/work/code-graph-analysis-examples/code-graph-analysis-examples/temp/react-router-7.18.1/source/react-router-7.18.1/packages/react-router/lib/router/history.ts",25,"Function",9,""
"history","lib/router/history.ts","/home/runner/work/code-graph-analysis-examples/code-graph-analysis-examples/temp/react-router-7.18.1/source/react-router-7.18.1/packages/react-router/lib/router/history.ts",25,"Enum",1,""
"utils","vendor/turbo-stream-v2/utils.ts","/home/runner/work/code-graph-analysis-examples/code-graph-analysis-examples/temp/react-router-7.18.1/source/react-router-7.18.1/packages/react-router/vendor/turbo-stream-v2/utils.ts",24,"TypeAlias",2,""
"utils","vendor/turbo-stream-v2/utils.ts","/home/runner/work/code-graph-analysis-examples/code-graph-analysis-examples/temp/react-router-7.18.1/source/react-router-7.18.1/packages/react-router/vendor/turbo-stream-v2/utils.ts",24,"Variable",18,""
"utils","vendor/turbo-stream-v2/utils.ts","/home/runner/work/code-graph-analysis-examples/code-graph-analysis-examples/temp/react-router-7.18.1/source/react-router-7.18.1/packages/react-router/vendor/turbo-stream-v2/utils.ts",24,"Function",1,""
"utils","vendor/turbo-stream-v2/utils.ts","/home/runner/work/code-graph-analysis-examples/code-graph-analysis-examples/temp/react-router-7.18.1/source/react-router-7.18.1/packages/react-router/vendor/turbo-stream-v2/utils.ts",24,"Class",1,""
"utils","vendor/turbo-stream-v2/utils.ts","/home/runner/work/code-graph-analysis-examples/code-graph-analysis-examples/temp/react-router-7.18.1/source/react-router-7.18.1/packages/react-router/vendor/turbo-stream-v2/utils.ts",24,"Interface",2,""
"server","lib/rsc/server.rsc.ts","/home/runner/work/code-graph-analysis-examples/code-graph-analysis-examples/temp/react-router-7.18.1/source/react-router-7.18.1/packages/react-router/lib/rsc/server.rsc.ts",23,"TypeAlias",15,""
"server","lib/rsc/server.rsc.ts","/home/runner/work/code-graph-analysis-examples/code-graph-analysis-examples/temp/react-router-7.18.1/source/react-router-7.18.1/packages/react-router/lib/rsc/server.rsc.ts",23,"Variable",4,""
"server","lib/rsc/server.rsc.ts","/home/runner/work/code-graph-analysis-examples/code-graph-analysis-examples/temp/react-router-7.18.1/source/react-router-7.18.1/packages/react-router/lib/rsc/server.rsc.ts",23,"Function",4,""
"routeModules","lib/dom/ssr/routeModules.ts","/home/runner/work/code-graph-analysis-examples/code-graph-analysis-examples/temp/react-router-7.18.1/source/react-router-7.18.1/packages/react-router/lib/dom/ssr/routeModules.ts",21,"Interface",8,""
"routeModules","lib/dom/ssr/routeModules.ts","/home/runner/work/code-graph-analysis-examples/code-graph-analysis-examples/temp/react-router-7.18.1/source/react-router-7.18.1/packages/react-router/lib/dom/ssr/routeModules.ts",21,"TypeAlias",12,""
"routeModules","lib/dom/ssr/routeModules.ts","/home/runner/work/code-graph-analysis-examples/code-graph-analysis-examples/temp/react-router-7.18.1/source/react-router-7.18.1/packages/react-router/lib/dom/ssr/routeModules.ts",21,"Function",1,""
"context","lib/context.ts","/home/runner/work/code-graph-analysis-examples/code-graph-analysis-examples/temp/react-router-7.18.1/source/react-router-7.18.1/packages/react-router/lib/context.ts",19,"Interface",4,""
"context","lib/context.ts","/home/runner/work/code-graph-analysis-examples/code-graph-analysis-examples/temp/react-router-7.18.1/source/react-router-7.18.1/packages/react-router/lib/context.ts",19,"Variable",12,""
"context","lib/context.ts","/home/runner/work/code-graph-analysis-examples/code-graph-analysis-examples/temp/react-router-7.18.1/source/react-router-7.18.1/packages/react-router/lib/context.ts",19,"TypeAlias",2,""
"context","lib/context.ts","/home/runner/work/code-graph-analysis-examples/code-graph-analysis-examples/temp/react-router-7.18.1/source/react-router-7.18.1/packages/react-router/lib/context.ts",19,"Function",1,""
"plugin","vite/plugin.ts","/home/runner/work/code-graph-analysis-examples/code-graph-analysis-examples/temp/react-router-7.18.1/source/react-router-7.18.1/packages/react-router-dev/vite/plugin.ts",17,"TypeAlias",4,""
"plugin","vite/plugin.ts","/home/runner/work/code-graph-analysis-examples/code-graph-analysis-examples/temp/react-router-7.18.1/source/react-router-7.18.1/packages/react-router-dev/vite/plugin.ts",17,"Function",10,""
"plugin","vite/plugin.ts","/home/runner/work/code-graph-analysis-examples/code-graph-analysis-examples/temp/react-router-7.18.1/source/react-router-7.18.1/packages/react-router-dev/vite/plugin.ts",17,"Variable",2,""
"plugin","vite/plugin.ts","/home/runner/work/code-graph-analysis-examples/code-graph-analysis-examples/temp/react-router-7.18.1/source/react-router-7.18.1/packages/react-router-dev/vite/plugin.ts",17,"Interface",1,""
"routes","config/routes.ts","/home/runner/work/code-graph-analysis-examples/code-graph-analysis-examples/temp/react-router-7.18.1/source/react-router-7.18.1/packages/react-router-dev/config/routes.ts",15,"Function",9,""
"routes","config/routes.ts","/home/runner/work/code-graph-analysis-examples/code-graph-analysis-examples/temp/react-router-7.18.1/source/react-router-7.18.1/packages/react-router-dev/config/routes.ts",15,"TypeAlias",1,""
"routes","config/routes.ts","/home/runner/work/code-graph-analysis-examples/code-graph-analysis-examples/temp/react-router-7.18.1/source/react-router-7.18.1/packages/react-router-dev/config/routes.ts",15,"Interface",3,""
"routes","config/routes.ts","/home/runner/work/code-graph-analysis-examples/code-graph-analysis-examples/temp/react-router-7.18.1/source/react-router-7.18.1/packages/react-router-dev/config/routes.ts",15,"Variable",2,""
"config","config/config.ts","/home/runner/work/code-graph-analysis-examples/code-graph-analysis-examples/temp/react-router-7.18.1/source/react-router-7.18.1/packages/react-router-dev/config/config.ts",14,"Function",6,""
"config","config/config.ts","/home/runner/work/code-graph-analysis-examples/code-graph-analysis-examples/temp/react-router-7.18.1/source/react-router-7.18.1/packages/react-router-dev/config/config.ts",14,"TypeAlias",7,""
"config","config/config.ts","/home/runner/work/code-graph-analysis-examples/code-graph-analysis-examples/temp/react-router-7.18.1/source/react-router-7.18.1/packages/react-router-dev/config/config.ts",14,"Variable",1,""
"dom","lib/dom/dom.ts","/home/runner/work/code-graph-analysis-examples/code-graph-analysis-examples/temp/react-router-7.18.1/source/react-router-7.18.1/packages/react-router/lib/dom/dom.ts",14,"Function",8,""
"dom","lib/dom/dom.ts","/home/runner/work/code-graph-analysis-examples/code-graph-analysis-examples/temp/react-router-7.18.1/source/react-router-7.18.1/packages/react-router/lib/dom/dom.ts",14,"TypeAlias",3,""
"dom","lib/dom/dom.ts","/home/runner/work/code-graph-analysis-examples/code-graph-analysis-examples/temp/react-router-7.18.1/source/react-router-7.18.1/packages/react-router/lib/dom/dom.ts",14,"Interface",2,""
"dom","lib/dom/dom.ts","/home/runner/work/code-graph-analysis-examples/code-graph-analysis-examples/temp/react-router-7.18.1/source/react-router-7.18.1/packages/react-router/lib/dom/dom.ts",14,"Variable",1,""
"flatRoutes","flatRoutes.ts","/home/runner/work/code-graph-analysis-examples/code-graph-analysis-examples/temp/react-router-7.18.1/source/react-router-7.18.1/packages/react-router-fs-routes/flatRoutes.ts",13,"Function",7,""
"flatRoutes","flatRoutes.ts","/home/runner/work/code-graph-analysis-examples/code-graph-analysis-examples/temp/react-router-7.18.1/source/react-router-7.18.1/packages/react-router-fs-routes/flatRoutes.ts",13,"Variable",6,""
"route-chunks","vite/route-chunks.ts","/home/runner/work/code-graph-analysis-examples/code-graph-analysis-examples/temp/react-router-7.18.1/source/react-router-7.18.1/packages/react-router-dev/vite/route-chunks.ts",13,"Function",9,""
"route-chunks","vite/route-chunks.ts","/home/runner/work/code-graph-analysis-examples/code-graph-analysis-examples/temp/react-router-7.18.1/source/react-router-7.18.1/packages/react-router-dev/vite/route-chunks.ts",13,"TypeAlias",2,""
"route-chunks","vite/route-chunks.ts","/home/runner/work/code-graph-analysis-examples/code-graph-analysis-examples/temp/react-router-7.18.1/source/react-router-7.18.1/packages/react-router-dev/vite/route-chunks.ts",13,"Variable",2,""
"sessions","lib/server-runtime/sessions.ts","/home/runner/work/code-graph-analysis-examples/code-graph-analysis-examples/temp/react-router-7.18.1/source/react-router-7.18.1/packages/react-router/lib/server-runtime/sessions.ts",11,"Function",2,""
"sessions","lib/server-runtime/sessions.ts","/home/runner/work/code-graph-analysis-examples/code-graph-analysis-examples/temp/react-router-7.18.1/source/react-router-7.18.1/packages/react-router/lib/server-runtime/sessions.ts",11,"TypeAlias",3,""
"sessions","lib/server-runtime/sessions.ts","/home/runner/work/code-graph-analysis-examples/code-graph-analysis-examples/temp/react-router-7.18.1/source/react-router-7.18.1/packages/react-router/lib/server-runtime/sessions.ts",11,"Interface",4,""
"sessions","lib/server-runtime/sessions.ts","/home/runner/work/code-graph-analysis-examples/code-graph-analysis-examples/temp/react-router-7.18.1/source/react-router-7.18.1/packages/react-router/lib/server-runtime/sessions.ts",11,"Variable",2,""
"instrumentation","lib/router/instrumentation.ts","/home/runner/work/code-graph-analysis-examples/code-graph-analysis-examples/temp/react-router-7.18.1/source/react-router-7.18.1/packages/react-router/lib/router/instrumentation.ts",9,"TypeAlias",6,""
"instrumentation","lib/router/instrumentation.ts","/home/runner/work/code-graph-analysis-examples/code-graph-analysis-examples/temp/react-router-7.18.1/source/react-router-7.18.1/packages/react-router/lib/router/instrumentation.ts",9,"Function",3,""
"fog-of-war","lib/dom/ssr/fog-of-war.ts","/home/runner/work/code-graph-analysis-examples/code-graph-analysis-examples/temp/react-router-7.18.1/source/react-router-7.18.1/packages/react-router/lib/dom/ssr/fog-of-war.ts",8,"Function",7,""
"fog-of-war","lib/dom/ssr/fog-of-war.ts","/home/runner/work/code-graph-analysis-examples/code-graph-analysis-examples/temp/react-router-7.18.1/source/react-router-7.18.1/packages/react-router/lib/dom/ssr/fog-of-war.ts",8,"Variable",1,""
"links","lib/dom/ssr/links.ts","/home/runner/work/code-graph-analysis-examples/code-graph-analysis-examples/temp/react-router-7.18.1/source/react-router-7.18.1/packages/react-router/lib/dom/ssr/links.ts",8,"Function",7,""
"links","lib/dom/ssr/links.ts","/home/runner/work/code-graph-analysis-examples/code-graph-analysis-examples/temp/react-router-7.18.1/source/react-router-7.18.1/packages/react-router/lib/dom/ssr/links.ts",8,"TypeAlias",1,""
"routes","routes.ts","/home/runner/work/code-graph-analysis-examples/code-graph-analysis-examples/temp/react-router-7.18.1/source/react-router-7.18.1/packages/react-router-dev/routes.ts",8,"Function",6,""
"routes","routes.ts","/home/runner/work/code-graph-analysis-examples/code-graph-analysis-examples/temp/react-router-7.18.1/source/react-router-7.18.1/packages/react-router-dev/routes.ts",8,"Interface",1,""
"routes","routes.ts","/home/runner/work/code-graph-analysis-examples/code-graph-analysis-examples/temp/react-router-7.18.1/source/react-router-7.18.1/packages/react-router-dev/routes.ts",8,"TypeAlias",1,""
"single-fetch","lib/server-runtime/single-fetch.ts","/home/runner/work/code-graph-analysis-examples/code-graph-analysis-examples/temp/react-router-7.18.1/source/react-router-7.18.1/packages/react-router/lib/server-runtime/single-fetch.ts",8,"TypeAlias",1,""
"single-fetch","lib/server-runtime/single-fetch.ts","/home/runner/work/code-graph-analysis-examples/code-graph-analysis-examples/temp/react-router-7.18.1/source/react-router-7.18.1/packages/react-router/lib/server-runtime/single-fetch.ts",8,"Function",6,""
"single-fetch","lib/server-runtime/single-fetch.ts","/home/runner/work/code-graph-analysis-examples/code-graph-analysis-examples/temp/react-router-7.18.1/source/react-router-7.18.1/packages/react-router/lib/server-runtime/single-fetch.ts",8,"Variable",1,""
"dom-export","dom-export.ts","/home/runner/work/code-graph-analysis-examples/code-graph-analysis-examples/temp/react-router-7.18.1/source/react-router-7.18.1/packages/react-router/dom-export.ts",7,"TypeAlias",6,""
"dom-export","dom-export.ts","/home/runner/work/code-graph-analysis-examples/code-graph-analysis-examples/temp/react-router-7.18.1/source/react-router-7.18.1/packages/react-router/dom-export.ts",7,"Function",1,""
"react-router-node","index.ts","/home/runner/work/code-graph-analysis-examples/code-graph-analysis-examples/temp/react-router-7.18.1/source/react-router-7.18.1/packages/react-router-node/index.ts",7,"Interface",1,""
"react-router-node","index.ts","/home/runner/work/code-graph-analysis-examples/code-graph-analysis-examples/temp/react-router-7.18.1/source/react-router-7.18.1/packages/react-router-node/index.ts",7,"Function",5,""
"react-router-node","index.ts","/home/runner/work/code-graph-analysis-examples/code-graph-analysis-examples/temp/react-router-7.18.1/source/react-router-7.18.1/packages/react-router-node/index.ts",7,"Variable",1,""
"route-data","lib/types/route-data.ts","/home/runner/work/code-graph-analysis-examples/code-graph-analysis-examples/temp/react-router-7.18.1/source/react-router-7.18.1/packages/react-router/lib/types/route-data.ts",7,"TypeAlias",7,""
"cookies","lib/server-runtime/cookies.ts","/home/runner/work/code-graph-analysis-examples/code-graph-analysis-examples/temp/react-router-7.18.1/source/react-router-7.18.1/packages/react-router/lib/server-runtime/cookies.ts",6,"Interface",2,""
"cookies","lib/server-runtime/cookies.ts","/home/runner/work/code-graph-analysis-examples/code-graph-analysis-examples/temp/react-router-7.18.1/source/react-router-7.18.1/packages/react-router/lib/server-runtime/cookies.ts",6,"TypeAlias",2,""
"cookies","lib/server-runtime/cookies.ts","/home/runner/work/code-graph-analysis-examples/code-graph-analysis-examples/temp/react-router-7.18.1/source/react-router-7.18.1/packages/react-router/lib/server-runtime/cookies.ts",6,"Variable",2,""
"prerender","vite/plugins/prerender.ts","/home/runner/work/code-graph-analysis-examples/code-graph-analysis-examples/temp/react-router-7.18.1/source/react-router-7.18.1/packages/react-router-dev/vite/plugins/prerender.ts",6,"TypeAlias",2,""
"prerender","vite/plugins/prerender.ts","/home/runner/work/code-graph-analysis-examples/code-graph-analysis-examples/temp/react-router-7.18.1/source/react-router-7.18.1/packages/react-router-dev/vite/plugins/prerender.ts",6,"Interface",3,""
"prerender","vite/plugins/prerender.ts","/home/runner/work/code-graph-analysis-examples/code-graph-analysis-examples/temp/react-router-7.18.1/source/react-router-7.18.1/packages/react-router-dev/vite/plugins/prerender.ts",6,"Function",1,""
"react-router-cloudflare","index.ts","/home/runner/work/code-graph-analysis-examples/code-graph-analysis-examples/temp/react-router-7.18.1/source/react-router-7.18.1/packages/react-router-cloudflare/index.ts",6,"TypeAlias",2,""
"react-router-cloudflare","index.ts","/home/runner/work/code-graph-analysis-examples/code-graph-analysis-examples/temp/react-router-7.18.1/source/react-router-7.18.1/packages/react-router-cloudflare/index.ts",6,"Function",3,""
"react-router-cloudflare","index.ts","/home/runner/work/code-graph-analysis-examples/code-graph-analysis-examples/temp/react-router-7.18.1/source/react-router-7.18.1/packages/react-router-cloudflare/index.ts",6,"Interface",1,""
"server","server.ts","/home/runner/work/code-graph-analysis-examples/code-graph-analysis-examples/temp/react-router-7.18.1/source/react-router-7.18.1/packages/react-router-express/server.ts",6,"TypeAlias",2,""
"server","server.ts","/home/runner/work/code-graph-analysis-examples/code-graph-analysis-examples/temp/react-router-7.18.1/source/react-router-7.18.1/packages/react-router-express/server.ts",6,"Function",4,""
"server","server.ts","/home/runner/work/code-graph-analysis-examples/code-graph-analysis-examples/temp/react-router-7.18.1/source/react-router-7.18.1/packages/react-router-architect/server.ts",6,"TypeAlias",2,""
"server","server.ts","/home/runner/work/code-graph-analysis-examples/code-graph-analysis-examples/temp/react-router-7.18.1/source/react-router-7.18.1/packages/react-router-architect/server.ts",6,"Function",4,""
"utils","lib/types/utils.ts","/home/runner/work/code-graph-analysis-examples/code-graph-analysis-examples/temp/react-router-7.18.1/source/react-router-7.18.1/packages/react-router/lib/types/utils.ts",6,"TypeAlias",6,""
"build","lib/server-runtime/build.ts","/home/runner/work/code-graph-analysis-examples/code-graph-analysis-examples/temp/react-router-7.18.1/source/react-router-7.18.1/packages/react-router/lib/server-runtime/build.ts",5,"Interface",5,""
"commands","cli/commands.ts","/home/runner/work/code-graph-analysis-examples/code-graph-analysis-examples/temp/react-router-7.18.1/source/react-router-7.18.1/packages/react-router-dev/cli/commands.ts",5,"Function",5,""
"entry","lib/dom/ssr/entry.ts","/home/runner/work/code-graph-analysis-examples/code-graph-analysis-examples/temp/react-router-7.18.1/source/react-router-7.18.1/packages/react-router/lib/dom/ssr/entry.ts",5,"TypeAlias",1,""
"entry","lib/dom/ssr/entry.ts","/home/runner/work/code-graph-analysis-examples/code-graph-analysis-examples/temp/react-router-7.18.1/source/react-router-7.18.1/packages/react-router/lib/dom/ssr/entry.ts",5,"Interface",4,""
"errors","lib/server-runtime/errors.ts","/home/runner/work/code-graph-analysis-examples/code-graph-analysis-examples/temp/react-router-7.18.1/source/react-router-7.18.1/packages/react-router/lib/server-runtime/errors.ts",5,"Function",4,""
"errors","lib/server-runtime/errors.ts","/home/runner/work/code-graph-analysis-examples/code-graph-analysis-examples/temp/react-router-7.18.1/source/react-router-7.18.1/packages/react-router/lib/server-runtime/errors.ts",5,"TypeAlias",1,""
"generate","typegen/generate.ts","/home/runner/work/code-graph-analysis-examples/code-graph-analysis-examples/temp/react-router-7.18.1/source/react-router-7.18.1/packages/react-router-dev/typegen/generate.ts",5,"TypeAlias",1,""
"generate","typegen/generate.ts","/home/runner/work/code-graph-analysis-examples/code-graph-analysis-examples/temp/react-router-7.18.1/source/react-router-7.18.1/packages/react-router-dev/typegen/generate.ts",5,"Function",4,""
"react-router","index-react-server-client.ts","/home/runner/work/code-graph-analysis-examples/code-graph-analysis-examples/temp/react-router-7.18.1/source/react-router-7.18.1/packages/react-router/index-react-server-client.ts",5,"Variable",1,""
"worker","worker.ts","/home/runner/work/code-graph-analysis-examples/code-graph-analysis-examples/temp/react-router-7.18.1/source/react-router-7.18.1/packages/react-router-cloudflare/worker.ts",5,"Function",2,""
"worker","worker.ts","/home/runner/work/code-graph-analysis-examples/code-graph-analysis-examples/temp/react-router-7.18.1/source/react-router-7.18.1/packages/react-router-cloudflare/worker.ts",5,"Interface",1,""
"worker","worker.ts","/home/runner/work/code-graph-analysis-examples/code-graph-analysis-examples/temp/react-router-7.18.1/source/react-router-7.18.1/packages/react-router-cloudflare/worker.ts",5,"TypeAlias",2,""
"config","config.ts","/home/runner/work/code-graph-analysis-examples/code-graph-analysis-examples/temp/react-router-7.18.1/source/react-router-7.18.1/packages/react-router-dev/config.ts",4,"TypeAlias",4,""
"errors","lib/errors.ts","/home/runner/work/code-graph-analysis-examples/code-graph-analysis-examples/temp/react-router-7.18.1/source/react-router-7.18.1/packages/react-router/lib/errors.ts",4,"Function",4,""
"format","config/format.ts","/home/runner/work/code-graph-analysis-examples/code-graph-analysis-examples/temp/react-router-7.18.1/source/react-router-7.18.1/packages/react-router-dev/config/format.ts",4,"Function",3,""
"format","config/format.ts","/home/runner/work/code-graph-analysis-examples/code-graph-analysis-examples/temp/react-router-7.18.1/source/react-router-7.18.1/packages/react-router-dev/config/format.ts",4,"TypeAlias",1,""
"react-router-architect","index.ts","/home/runner/work/code-graph-analysis-examples/code-graph-analysis-examples/temp/react-router-7.18.1/source/react-router-7.18.1/packages/react-router-architect/index.ts",4,"TypeAlias",2,""
"react-router-architect","index.ts","/home/runner/work/code-graph-analysis-examples/code-graph-analysis-examples/temp/react-router-7.18.1/source/react-router-7.18.1/packages/react-router-architect/index.ts",4,"Function",2,""
"register","lib/types/register.ts","/home/runner/work/code-graph-analysis-examples/code-graph-analysis-examples/temp/react-router-7.18.1/source/react-router-7.18.1/packages/react-router/lib/types/register.ts",4,"TypeAlias",3,""
"register","lib/types/register.ts","/home/runner/work/code-graph-analysis-examples/code-graph-analysis-examples/temp/react-router-7.18.1/source/react-router-7.18.1/packages/react-router/lib/types/register.ts",4,"Interface",1,""
"stream","stream.ts","/home/runner/work/code-graph-analysis-examples/code-graph-analysis-examples/temp/react-router-7.18.1/source/react-router-7.18.1/packages/react-router-node/stream.ts",4,"Function",3,""
"stream","stream.ts","/home/runner/work/code-graph-analysis-examples/code-graph-analysis-examples/temp/react-router-7.18.1/source/react-router-7.18.1/packages/react-router-node/stream.ts",4,"Variable",1,""
"styles","vite/styles.ts","/home/runner/work/code-graph-analysis-examples/code-graph-analysis-examples/temp/react-router-7.18.1/source/react-router-7.18.1/packages/react-router-dev/vite/styles.ts",4,"Variable",4,""
"virtual-route-modules","vite/rsc/virtual-route-modules.ts","/home/runner/work/code-graph-analysis-examples/code-graph-analysis-examples/temp/react-router-7.18.1/source/react-router-7.18.1/packages/react-router-dev/vite/rsc/virtual-route-modules.ts",4,"Function",3,""
"virtual-route-modules","vite/rsc/virtual-route-modules.ts","/home/runner/work/code-graph-analysis-examples/code-graph-analysis-examples/temp/react-router-7.18.1/source/react-router-7.18.1/packages/react-router-dev/vite/rsc/virtual-route-modules.ts",4,"Variable",1,""
"vite","vite/vite.ts","/home/runner/work/code-graph-analysis-examples/code-graph-analysis-examples/temp/react-router-7.18.1/source/react-router-7.18.1/packages/react-router-dev/vite/vite.ts",4,"Function",4,""
"defineRoutes","defineRoutes.ts","/home/runner/work/code-graph-analysis-examples/code-graph-analysis-examples/temp/react-router-7.18.1/source/react-router-7.18.1/packages/react-router-remix-routes-option-adapter/defineRoutes.ts",3,"TypeAlias",1,""
"defineRoutes","defineRoutes.ts","/home/runner/work/code-graph-analysis-examples/code-graph-analysis-examples/temp/react-router-7.18.1/source/react-router-7.18.1/packages/react-router-remix-routes-option-adapter/defineRoutes.ts",3,"Variable",1,""
"defineRoutes","defineRoutes.ts","/home/runner/work/code-graph-analysis-examples/code-graph-analysis-examples/temp/react-router-7.18.1/source/react-router-7.18.1/packages/react-router-remix-routes-option-adapter/defineRoutes.ts",3,"Interface",1,""
"dev","lib/server-runtime/dev.ts","/home/runner/work/code-graph-analysis-examples/code-graph-analysis-examples/temp/react-router-7.18.1/source/react-router-7.18.1/packages/react-router/lib/server-runtime/dev.ts",3,"Function",3,""
"links","lib/router/links.ts","/home/runner/work/code-graph-analysis-examples/code-graph-analysis-examples/temp/react-router-7.18.1/source/react-router-7.18.1/packages/react-router/lib/router/links.ts",3,"TypeAlias",2,""
"links","lib/router/links.ts","/home/runner/work/code-graph-analysis-examples/code-graph-analysis-examples/temp/react-router-7.18.1/source/react-router-7.18.1/packages/react-router/lib/router/links.ts",3,"Interface",1,""
"manifest","manifest.ts","/home/runner/work/code-graph-analysis-examples/code-graph-analysis-examples/temp/react-router-7.18.1/source/react-router-7.18.1/packages/react-router-fs-routes/manifest.ts",3,"Function",1,""
"manifest","manifest.ts","/home/runner/work/code-graph-analysis-examples/code-graph-analysis-examples/temp/react-router-7.18.1/source/react-router-7.18.1/packages/react-router-fs-routes/manifest.ts",3,"Interface",2,""
"manifest","manifest.ts","/home/runner/work/code-graph-analysis-examples/code-graph-analysis-examples/temp/react-router-7.18.1/source/react-router-7.18.1/packages/react-router-remix-routes-option-adapter/manifest.ts",3,"Interface",2,""
"manifest","manifest.ts","/home/runner/work/code-graph-analysis-examples/code-graph-analysis-examples/temp/react-router-7.18.1/source/react-router-7.18.1/packages/react-router-remix-routes-option-adapter/manifest.ts",3,"Function",1,""
"profiler","vite/profiler.ts","/home/runner/work/code-graph-analysis-examples/code-graph-analysis-examples/temp/react-router-7.18.1/source/react-router-7.18.1/packages/react-router-dev/vite/profiler.ts",3,"Variable",3,""
"prompts-confirm","prompts-confirm.ts","/home/runner/work/code-graph-analysis-examples/code-graph-analysis-examples/temp/react-router-7.18.1/source/react-router-7.18.1/packages/create-react-router/prompts-confirm.ts",3,"Interface",1,""
"prompts-confirm","prompts-confirm.ts","/home/runner/work/code-graph-analysis-examples/code-graph-analysis-examples/temp/react-router-7.18.1/source/react-router-7.18.1/packages/create-react-router/prompts-confirm.ts",3,"TypeAlias",1,""
"prompts-confirm","prompts-confirm.ts","/home/runner/work/code-graph-analysis-examples/code-graph-analysis-examples/temp/react-router-7.18.1/source/react-router-7.18.1/packages/create-react-router/prompts-confirm.ts",3,"Class",1,""
"prompts-select","prompts-select.ts","/home/runner/work/code-graph-analysis-examples/code-graph-analysis-examples/temp/react-router-7.18.1/source/react-router-7.18.1/packages/create-react-router/prompts-select.ts",3,"Interface",2,""
"prompts-select","prompts-select.ts","/home/runner/work/code-graph-analysis-examples/code-graph-analysis-examples/temp/react-router-7.18.1/source/react-router-7.18.1/packages/create-react-router/prompts-select.ts",3,"Class",1,""
"react-router-express","index.ts","/home/runner/work/code-graph-analysis-examples/code-graph-analysis-examples/temp/react-router-7.18.1/source/react-router-7.18.1/packages/react-router-express/index.ts",3,"TypeAlias",2,""
"react-router-express","index.ts","/home/runner/work/code-graph-analysis-examples/code-graph-analysis-examples/temp/react-router-7.18.1/source/react-router-7.18.1/packages/react-router-express/index.ts",3,"Function",1,""
"routes","lib/server-runtime/routes.ts","/home/runner/work/code-graph-analysis-examples/code-graph-analysis-examples/temp/react-router-7.18.1/source/react-router-7.18.1/packages/react-router/lib/server-runtime/routes.ts",3,"Function",1,""
"routes","lib/server-runtime/routes.ts","/home/runner/work/code-graph-analysis-examples/code-graph-analysis-examples/temp/react-router-7.18.1/source/react-router-7.18.1/packages/react-router/lib/server-runtime/routes.ts",3,"TypeAlias",1,""
"routes","lib/server-runtime/routes.ts","/home/runner/work/code-graph-analysis-examples/code-graph-analysis-examples/temp/react-router-7.18.1/source/react-router-7.18.1/packages/react-router/lib/server-runtime/routes.ts",3,"Interface",1,""
"server","lib/server-runtime/server.ts","/home/runner/work/code-graph-analysis-examples/code-graph-analysis-examples/temp/react-router-7.18.1/source/react-router-7.18.1/packages/react-router/lib/server-runtime/server.ts",3,"TypeAlias",2,""
"server","lib/server-runtime/server.ts","/home/runner/work/code-graph-analysis-examples/code-graph-analysis-examples/temp/react-router-7.18.1/source/react-router-7.18.1/packages/react-router/lib/server-runtime/server.ts",3,"Variable",1,""
"typegen","typegen/index.ts","/home/runner/work/code-graph-analysis-examples/code-graph-analysis-examples/temp/react-router-7.18.1/source/react-router-7.18.1/packages/react-router-dev/typegen/index.ts",3,"Function",2,""
"typegen","typegen/index.ts","/home/runner/work/code-graph-analysis-examples/code-graph-analysis-examples/temp/react-router-7.18.1/source/react-router-7.18.1/packages/react-router-dev/typegen/index.ts",3,"TypeAlias",1,""
"url","lib/router/url.ts","/home/runner/work/code-graph-analysis-examples/code-graph-analysis-examples/temp/react-router-7.18.1/source/react-router-7.18.1/packages/react-router/lib/router/url.ts",3,"Variable",2,""
"url","lib/router/url.ts","/home/runner/work/code-graph-analysis-examples/code-graph-analysis-examples/temp/react-router-7.18.1/source/react-router-7.18.1/packages/react-router/lib/router/url.ts",3,"Function",1,""
"babel","vite/babel.ts","/home/runner/work/code-graph-analysis-examples/code-graph-analysis-examples/temp/react-router-7.18.1/source/react-router-7.18.1/packages/react-router-dev/vite/babel.ts",2,"Variable",2,""
"build","vite/build.ts","/home/runner/work/code-graph-analysis-examples/code-graph-analysis-examples/temp/react-router-7.18.1/source/react-router-7.18.1/packages/react-router-dev/vite/build.ts",2,"Function",1,""
"build","vite/build.ts","/home/runner/work/code-graph-analysis-examples/code-graph-analysis-examples/temp/react-router-7.18.1/source/react-router-7.18.1/packages/react-router-dev/vite/build.ts",2,"Interface",1,""
"cache","vite/cache.ts","/home/runner/work/code-graph-analysis-examples/code-graph-analysis-examples/temp/react-router-7.18.1/source/react-router-7.18.1/packages/react-router-dev/vite/cache.ts",2,"Function",1,""
"cache","vite/cache.ts","/home/runner/work/code-graph-analysis-examples/code-graph-analysis-examples/temp/react-router-7.18.1/source/react-router-7.18.1/packages/react-router-dev/vite/cache.ts",2,"TypeAlias",1,""
"context","typegen/context.ts","/home/runner/work/code-graph-analysis-examples/code-graph-analysis-examples/temp/react-router-7.18.1/source/react-router-7.18.1/packages/react-router-dev/typegen/context.ts",2,"Function",1,""
"context","typegen/context.ts","/home/runner/work/code-graph-analysis-examples/code-graph-analysis-examples/temp/react-router-7.18.1/source/react-router-7.18.1/packages/react-router-dev/typegen/context.ts",2,"TypeAlias",1,""
"copy-template","copy-template.ts","/home/runner/work/code-graph-analysis-examples/code-graph-analysis-examples/temp/react-router-7.18.1/source/react-router-7.18.1/packages/create-react-router/copy-template.ts",2,"Class",1,""
"copy-template","copy-template.ts","/home/runner/work/code-graph-analysis-examples/code-graph-analysis-examples/temp/react-router-7.18.1/source/react-router-7.18.1/packages/create-react-router/copy-template.ts",2,"Function",1,""
"create-react-router","index.ts","/home/runner/work/code-graph-analysis-examples/code-graph-analysis-examples/temp/react-router-7.18.1/source/react-router-7.18.1/packages/create-react-router/index.ts",2,"Interface",1,""
"create-react-router","index.ts","/home/runner/work/code-graph-analysis-examples/code-graph-analysis-examples/temp/react-router-7.18.1/source/react-router-7.18.1/packages/create-react-router/index.ts",2,"Function",1,""
"crypto","lib/server-runtime/crypto.ts","/home/runner/work/code-graph-analysis-examples/code-graph-analysis-examples/temp/react-router-7.18.1/source/react-router-7.18.1/packages/react-router/lib/server-runtime/crypto.ts",2,"Variable",2,""
"data","lib/server-runtime/data.ts","/home/runner/work/code-graph-analysis-examples/code-graph-analysis-examples/temp/react-router-7.18.1/source/react-router-7.18.1/packages/react-router/lib/server-runtime/data.ts",2,"Function",1,""
"data","lib/server-runtime/data.ts","/home/runner/work/code-graph-analysis-examples/code-graph-analysis-examples/temp/react-router-7.18.1/source/react-router-7.18.1/packages/react-router/lib/server-runtime/data.ts",2,"Interface",1,""
"dev","vite/dev.ts","/home/runner/work/code-graph-analysis-examples/code-graph-analysis-examples/temp/react-router-7.18.1/source/react-router-7.18.1/packages/react-router-dev/vite/dev.ts",2,"Function",1,""
"dev","vite/dev.ts","/home/runner/work/code-graph-analysis-examples/code-graph-analysis-examples/temp/react-router-7.18.1/source/react-router-7.18.1/packages/react-router-dev/vite/dev.ts",2,"Interface",1,""
"fileStorage","sessions/fileStorage.ts","/home/runner/work/code-graph-analysis-examples/code-graph-analysis-examples/temp/react-router-7.18.1/source/react-router-7.18.1/packages/react-router-node/sessions/fileStorage.ts",2,"Function",2,""
"future","lib/types/future.ts","/home/runner/work/code-graph-analysis-examples/code-graph-analysis-examples/temp/react-router-7.18.1/source/react-router-7.18.1/packages/react-router/lib/types/future.ts",2,"TypeAlias",1,""
"future","lib/types/future.ts","/home/runner/work/code-graph-analysis-examples/code-graph-analysis-examples/temp/react-router-7.18.1/source/react-router-7.18.1/packages/react-router/lib/types/future.ts",2,"Interface",1,""
"global","lib/dom/global.ts","/home/runner/work/code-graph-analysis-examples/code-graph-analysis-examples/temp/react-router-7.18.1/source/react-router-7.18.1/packages/react-router/lib/dom/global.ts",2,"Interface",1,""
"global","lib/dom/global.ts","/home/runner/work/code-graph-analysis-examples/code-graph-analysis-examples/temp/react-router-7.18.1/source/react-router-7.18.1/packages/react-router/lib/dom/global.ts",2,"TypeAlias",1,""
"headers","lib/server-runtime/headers.ts","/home/runner/work/code-graph-analysis-examples/code-graph-analysis-examples/temp/react-router-7.18.1/source/react-router-7.18.1/packages/react-router/lib/server-runtime/headers.ts",2,"Function",2,""
"internal","lib/types/internal.ts","/home/runner/work/code-graph-analysis-examples/code-graph-analysis-examples/temp/react-router-7.18.1/source/react-router-7.18.1/packages/react-router/lib/types/internal.ts",2,"TypeAlias",2,""
"manifest","manifest.ts","/home/runner/work/code-graph-analysis-examples/code-graph-analysis-examples/temp/react-router-7.18.1/source/react-router-7.18.1/packages/react-router-dev/manifest.ts",2,"TypeAlias",2,""
"mode","lib/server-runtime/mode.ts","/home/runner/work/code-graph-analysis-examples/code-graph-analysis-examples/temp/react-router-7.18.1/source/react-router-7.18.1/packages/react-router/lib/server-runtime/mode.ts",2,"Enum",1,""
"mode","lib/server-runtime/mode.ts","/home/runner/work/code-graph-analysis-examples/code-graph-analysis-examples/temp/react-router-7.18.1/source/react-router-7.18.1/packages/react-router/lib/server-runtime/mode.ts",2,"Function",1,""
"node-adapter","vite/node-adapter.ts","/home/runner/work/code-graph-analysis-examples/code-graph-analysis-examples/temp/react-router-7.18.1/source/react-router-7.18.1/packages/react-router-dev/vite/node-adapter.ts",2,"TypeAlias",1,""
"node-adapter","vite/node-adapter.ts","/home/runner/work/code-graph-analysis-examples/code-graph-analysis-examples/temp/react-router-7.18.1/source/react-router-7.18.1/packages/react-router-dev/vite/node-adapter.ts",2,"Function",1,""
"prompts-multi-select","prompts-multi-select.ts","/home/runner/work/code-graph-analysis-examples/code-graph-analysis-examples/temp/react-router-7.18.1/source/react-router-7.18.1/packages/create-react-router/prompts-multi-select.ts",2,"Interface",1,""
"prompts-multi-select","prompts-multi-select.ts","/home/runner/work/code-graph-analysis-examples/code-graph-analysis-examples/temp/react-router-7.18.1/source/react-router-7.18.1/packages/create-react-router/prompts-multi-select.ts",2,"Class",1,""
"prompts-prompt-base","prompts-prompt-base.ts","/home/runner/work/code-graph-analysis-examples/code-graph-analysis-examples/temp/react-router-7.18.1/source/react-router-7.18.1/packages/create-react-router/prompts-prompt-base.ts",2,"Class",1,""
"prompts-prompt-base","prompts-prompt-base.ts","/home/runner/work/code-graph-analysis-examples/code-graph-analysis-examples/temp/react-router-7.18.1/source/react-router-7.18.1/packages/create-react-router/prompts-prompt-base.ts",2,"Interface",1,""
"prompts-text","prompts-text.ts","/home/runner/work/code-graph-analysis-examples/code-graph-analysis-examples/temp/react-router-7.18.1/source/react-router-7.18.1/packages/create-react-router/prompts-text.ts",2,"Class",1,""
"prompts-text","prompts-text.ts","/home/runner/work/code-graph-analysis-examples/code-graph-analysis-examples/temp/react-router-7.18.1/source/react-router-7.18.1/packages/create-react-router/prompts-text.ts",2,"Interface",1,""
"route","typegen/route.ts","/home/runner/work/code-graph-analysis-examples/code-graph-analysis-examples/temp/react-router-7.18.1/source/react-router-7.18.1/packages/react-router-dev/typegen/route.ts",2,"Function",2,""
"route-modules","lib/rsc/route-modules.ts","/home/runner/work/code-graph-analysis-examples/code-graph-analysis-examples/temp/react-router-7.18.1/source/react-router-7.18.1/packages/react-router/lib/rsc/route-modules.ts",2,"Function",2,""
"routeMatching","lib/server-runtime/routeMatching.ts","/home/runner/work/code-graph-analysis-examples/code-graph-analysis-examples/temp/react-router-7.18.1/source/react-router-7.18.1/packages/react-router/lib/server-runtime/routeMatching.ts",2,"Function",1,""
"routeMatching","lib/server-runtime/routeMatching.ts","/home/runner/work/code-graph-analysis-examples/code-graph-analysis-examples/temp/react-router-7.18.1/source/react-router-7.18.1/packages/react-router/lib/server-runtime/routeMatching.ts",2,"Interface",1,""
"server","server.ts","/home/runner/work/code-graph-analysis-examples/code-graph-analysis-examples/temp/react-router-7.18.1/source/react-router-7.18.1/packages/react-router-node/server.ts",2,"Interface",1,""
"server","server.ts","/home/runner/work/code-graph-analysis-examples/code-graph-analysis-examples/temp/react-router-7.18.1/source/react-router-7.18.1/packages/react-router-node/server.ts",2,"Function",1,""
"serverHandoff","lib/server-runtime/serverHandoff.ts","/home/runner/work/code-graph-analysis-examples/code-graph-analysis-examples/temp/react-router-7.18.1/source/react-router-7.18.1/packages/react-router/lib/server-runtime/serverHandoff.ts",2,"TypeAlias",1,""
"serverHandoff","lib/server-runtime/serverHandoff.ts","/home/runner/work/code-graph-analysis-examples/code-graph-analysis-examples/temp/react-router-7.18.1/source/react-router-7.18.1/packages/react-router/lib/server-runtime/serverHandoff.ts",2,"Function",1,""
"turbo-stream","vendor/turbo-stream-v2/turbo-stream.ts","/home/runner/work/code-graph-analysis-examples/code-graph-analysis-examples/temp/react-router-7.18.1/source/react-router-7.18.1/packages/react-router/vendor/turbo-stream-v2/turbo-stream.ts",2,"Function",2,""
"vite","vite.ts","/home/runner/work/code-graph-analysis-examples/code-graph-analysis-examples/temp/react-router-7.18.1/source/react-router-7.18.1/packages/react-router-dev/vite.ts",2,"Variable",1,""
"vite","vite.ts","/home/runner/work/code-graph-analysis-examples/code-graph-analysis-examples/temp/react-router-7.18.1/source/react-router-7.18.1/packages/react-router-dev/vite.ts",2,"Function",1,""
"vite-node","vite/vite-node.ts","/home/runner/work/code-graph-analysis-examples/code-graph-analysis-examples/temp/react-router-7.18.1/source/react-router-7.18.1/packages/react-router-dev/vite/vite-node.ts",2,"Function",1,""
"vite-node","vite/vite-node.ts","/home/runner/work/code-graph-analysis-examples/code-graph-analysis-examples/temp/react-router-7.18.1/source/react-router-7.18.1/packages/react-router-dev/vite/vite-node.ts",2,"TypeAlias",1,""
"actions","lib/actions.ts","/home/runner/work/code-graph-analysis-examples/code-graph-analysis-examples/temp/react-router-7.18.1/source/react-router-7.18.1/packages/react-router/lib/actions.ts",1,"Function",1,""
"arcTableSessionStorage","sessions/arcTableSessionStorage.ts","/home/runner/work/code-graph-analysis-examples/code-graph-analysis-examples/temp/react-router-7.18.1/source/react-router-7.18.1/packages/react-router-architect/sessions/arcTableSessionStorage.ts",1,"Function",1,""
"binaryTypes","binaryTypes.ts","/home/runner/work/code-graph-analysis-examples/code-graph-analysis-examples/temp/react-router-7.18.1/source/react-router-7.18.1/packages/react-router-architect/binaryTypes.ts",1,"Function",1,""
"browser","lib/rsc/html-stream/browser.ts","/home/runner/work/code-graph-analysis-examples/code-graph-analysis-examples/temp/react-router-7.18.1/source/react-router-7.18.1/packages/react-router/lib/rsc/html-stream/browser.ts",1,"Function",1,""
"cloudflare","vite/cloudflare.ts","/home/runner/work/code-graph-analysis-examples/code-graph-analysis-examples/temp/react-router-7.18.1/source/react-router-7.18.1/packages/react-router-dev/vite/cloudflare.ts",1,"Variable",1,""
"cloudflare-dev-proxy","vite/cloudflare-dev-proxy.ts","/home/runner/work/code-graph-analysis-examples/code-graph-analysis-examples/temp/react-router-7.18.1/source/react-router-7.18.1/packages/react-router-dev/vite/cloudflare-dev-proxy.ts",1,"Variable",1,""
"combine-urls","vite/combine-urls.ts","/home/runner/work/code-graph-analysis-examples/code-graph-analysis-examples/temp/react-router-7.18.1/source/react-router-7.18.1/packages/react-router-dev/vite/combine-urls.ts",1,"Function",1,""
"cookieStorage","lib/server-runtime/sessions/cookieStorage.ts","/home/runner/work/code-graph-analysis-examples/code-graph-analysis-examples/temp/react-router-7.18.1/source/react-router-7.18.1/packages/react-router/lib/server-runtime/sessions/cookieStorage.ts",1,"Function",1,""
"data","lib/dom/ssr/data.ts","/home/runner/work/code-graph-analysis-examples/code-graph-analysis-examples/temp/react-router-7.18.1/source/react-router-7.18.1/packages/react-router/lib/dom/ssr/data.ts",1,"Function",1,""
"detectPackageManager","cli/detectPackageManager.ts","/home/runner/work/code-graph-analysis-examples/code-graph-analysis-examples/temp/react-router-7.18.1/source/react-router-7.18.1/packages/react-router-dev/cli/detectPackageManager.ts",1,"Variable",1,""
"entry","lib/server-runtime/entry.ts","/home/runner/work/code-graph-analysis-examples/code-graph-analysis-examples/temp/react-router-7.18.1/source/react-router-7.18.1/packages/react-router/lib/server-runtime/entry.ts",1,"Function",1,""
"flatten","vendor/turbo-stream-v2/flatten.ts","/home/runner/work/code-graph-analysis-examples/code-graph-analysis-examples/temp/react-router-7.18.1/source/react-router-7.18.1/packages/react-router/vendor/turbo-stream-v2/flatten.ts",1,"Function",1,""
"has-dependency","vite/has-dependency.ts","/home/runner/work/code-graph-analysis-examples/code-graph-analysis-examples/temp/react-router-7.18.1/source/react-router-7.18.1/packages/react-router-dev/vite/has-dependency.ts",1,"Function",1,""
"has-rsc-plugin","vite/has-rsc-plugin.ts","/home/runner/work/code-graph-analysis-examples/code-graph-analysis-examples/temp/react-router-7.18.1/source/react-router-7.18.1/packages/react-router-dev/vite/has-rsc-plugin.ts",1,"Function",1,""
"href","lib/href.ts","/home/runner/work/code-graph-analysis-examples/code-graph-analysis-examples/temp/react-router-7.18.1/source/react-router-7.18.1/packages/react-router/lib/href.ts",1,"Function",1,""
"invariant","invariant.ts","/home/runner/work/code-graph-analysis-examples/code-graph-analysis-examples/temp/react-router-7.18.1/source/react-router-7.18.1/packages/react-router-dev/invariant.ts",1,"Function",1,""
"invariant","lib/dom/ssr/invariant.ts","/home/runner/work/code-graph-analysis-examples/code-graph-analysis-examples/temp/react-router-7.18.1/source/react-router-7.18.1/packages/react-router/lib/dom/ssr/invariant.ts",1,"Function",1,""
"invariant","lib/server-runtime/invariant.ts","/home/runner/work/code-graph-analysis-examples/code-graph-analysis-examples/temp/react-router-7.18.1/source/react-router-7.18.1/packages/react-router/lib/server-runtime/invariant.ts",1,"Function",1,""
"is-react-router-repo","config/is-react-router-repo.ts","/home/runner/work/code-graph-analysis-examples/code-graph-analysis-examples/temp/react-router-7.18.1/source/react-router-7.18.1/packages/react-router-dev/config/is-react-router-repo.ts",1,"Function",1,""
"load-dotenv","vite/load-dotenv.ts","/home/runner/work/code-graph-analysis-examples/code-graph-analysis-examples/temp/react-router-7.18.1/source/react-router-7.18.1/packages/react-router-dev/vite/load-dotenv.ts",1,"Function",1,""
"loading-indicator","loading-indicator.ts","/home/runner/work/code-graph-analysis-examples/code-graph-analysis-examples/temp/react-router-7.18.1/source/react-router-7.18.1/packages/create-react-router/loading-indicator.ts",1,"Function",1,""
"markup","lib/dom/ssr/markup.ts","/home/runner/work/code-graph-analysis-examples/code-graph-analysis-examples/temp/react-router-7.18.1/source/react-router-7.18.1/packages/react-router/lib/dom/ssr/markup.ts",1,"Function",1,""
"memoryStorage","lib/server-runtime/sessions/memoryStorage.ts","/home/runner/work/code-graph-analysis-examples/code-graph-analysis-examples/temp/react-router-7.18.1/source/react-router-7.18.1/packages/react-router/lib/server-runtime/sessions/memoryStorage.ts",1,"Function",1,""
"normalizeSlashes","normalizeSlashes.ts","/home/runner/work/code-graph-analysis-examples/code-graph-analysis-examples/temp/react-router-7.18.1/source/react-router-7.18.1/packages/react-router-fs-routes/normalizeSlashes.ts",1,"Function",1,""
"normalizeSlashes","normalizeSlashes.ts","/home/runner/work/code-graph-analysis-examples/code-graph-analysis-examples/temp/react-router-7.18.1/source/react-router-7.18.1/packages/react-router-remix-routes-option-adapter/normalizeSlashes.ts",1,"Function",1,""
"optimize-deps-entries","vite/optimize-deps-entries.ts","/home/runner/work/code-graph-analysis-examples/code-graph-analysis-examples/temp/react-router-7.18.1/source/react-router-7.18.1/packages/react-router-dev/vite/optimize-deps-entries.ts",1,"Function",1,""
"params","typegen/params.ts","/home/runner/work/code-graph-analysis-examples/code-graph-analysis-examples/temp/react-router-7.18.1/source/react-router-7.18.1/packages/react-router-dev/typegen/params.ts",1,"Function",1,""
"params","lib/types/params.ts","/home/runner/work/code-graph-analysis-examples/code-graph-analysis-examples/temp/react-router-7.18.1/source/react-router-7.18.1/packages/react-router/lib/types/params.ts",1,"TypeAlias",1,""
"plugin","vite/rsc/plugin.ts","/home/runner/work/code-graph-analysis-examples/code-graph-analysis-examples/temp/react-router-7.18.1/source/react-router-7.18.1/packages/react-router-dev/vite/rsc/plugin.ts",1,"Function",1,""
"prompt","prompt.ts","/home/runner/work/code-graph-analysis-examples/code-graph-analysis-examples/temp/react-router-7.18.1/source/react-router-7.18.1/packages/create-react-router/prompt.ts",1,"Function",1,""
"react-router-fs-routes","index.ts","/home/runner/work/code-graph-analysis-examples/code-graph-analysis-examples/temp/react-router-7.18.1/source/react-router-7.18.1/packages/react-router-fs-routes/index.ts",1,"Function",1,""
"react-router-remix-routes-option-adapter","index.ts","/home/runner/work/code-graph-analysis-examples/code-graph-analysis-examples/temp/react-router-7.18.1/source/react-router-7.18.1/packages/react-router-remix-routes-option-adapter/index.ts",1,"Function",1,""
"remove-exports","vite/remove-exports.ts","/home/runner/work/code-graph-analysis-examples/code-graph-analysis-examples/temp/react-router-7.18.1/source/react-router-7.18.1/packages/react-router-dev/vite/remove-exports.ts",1,"Variable",1,""
"resolve-file-url","vite/resolve-file-url.ts","/home/runner/work/code-graph-analysis-examples/code-graph-analysis-examples/temp/react-router-7.18.1/source/react-router-7.18.1/packages/react-router-dev/vite/resolve-file-url.ts",1,"Variable",1,""
"resolve-relative-route-file-path","vite/resolve-relative-route-file-path.ts","/home/runner/work/code-graph-analysis-examples/code-graph-analysis-examples/temp/react-router-7.18.1/source/react-router-7.18.1/packages/react-router-dev/vite/resolve-relative-route-file-path.ts",1,"Function",1,""
"route-module","lib/types/route-module.ts","/home/runner/work/code-graph-analysis-examples/code-graph-analysis-examples/temp/react-router-7.18.1/source/react-router-7.18.1/packages/react-router/lib/types/route-module.ts",1,"TypeAlias",1,""
"route-module-annotations","lib/types/route-module-annotations.ts","/home/runner/work/code-graph-analysis-examples/code-graph-analysis-examples/temp/react-router-7.18.1/source/react-router-7.18.1/packages/react-router/lib/types/route-module-annotations.ts",1,"TypeAlias",1,""
"run","cli/run.ts","/home/runner/work/code-graph-analysis-examples/code-graph-analysis-examples/temp/react-router-7.18.1/source/react-router-7.18.1/packages/react-router-dev/cli/run.ts",1,"Function",1,""
"serializes-to","lib/types/serializes-to.ts","/home/runner/work/code-graph-analysis-examples/code-graph-analysis-examples/temp/react-router-7.18.1/source/react-router-7.18.1/packages/react-router/lib/types/serializes-to.ts",1,"TypeAlias",1,""
"server","lib/rsc/html-stream/server.ts","/home/runner/work/code-graph-analysis-examples/code-graph-analysis-examples/temp/react-router-7.18.1/source/react-router-7.18.1/packages/react-router/lib/rsc/html-stream/server.ts",1,"Function",1,""
"ssr-externals","vite/ssr-externals.ts","/home/runner/work/code-graph-analysis-examples/code-graph-analysis-examples/temp/react-router-7.18.1/source/react-router-7.18.1/packages/react-router-dev/vite/ssr-externals.ts",1,"Variable",1,""
"unflatten","vendor/turbo-stream-v2/unflatten.ts","/home/runner/work/code-graph-analysis-examples/code-graph-analysis-examples/temp/react-router-7.18.1/source/react-router-7.18.1/packages/react-router/vendor/turbo-stream-v2/unflatten.ts",1,"Function",1,""
"urls","lib/server-runtime/urls.ts","/home/runner/work/code-graph-analysis-examples/code-graph-analysis-examples/temp/react-router-7.18.1/source/react-router-7.18.1/packages/react-router/lib/server-runtime/urls.ts",1,"Function",1,""
"useJavascript","cli/useJavascript.ts","/home/runner/work/code-graph-analysis-examples/code-graph-analysis-examples/temp/react-router-7.18.1/source/react-router-7.18.1/packages/react-router-dev/cli/useJavascript.ts",1,"Function",1,""
"validate-plugin-order","vite/plugins/validate-plugin-order.ts","/home/runner/work/code-graph-analysis-examples/code-graph-analysis-examples/temp/react-router-7.18.1/source/react-router-7.18.1/packages/react-router-dev/vite/plugins/validate-plugin-order.ts",1,"Function",1,""
"virtual-module","vite/virtual-module.ts","/home/runner/work/code-graph-analysis-examples/code-graph-analysis-examples/temp/react-router-7.18.1/source/react-router-7.18.1/packages/react-router-dev/vite/virtual-module.ts",1,"Function",1,""
"virtual-route-config","vite/rsc/virtual-route-config.ts","/home/runner/work/code-graph-analysis-examples/code-graph-analysis-examples/temp/react-router-7.18.1/source/react-router-7.18.1/packages/react-router-dev/vite/rsc/virtual-route-config.ts",1,"Function",1,""
"warn-on-client-source-maps","vite/plugins/warn-on-client-source-maps.ts","/home/runner/work/code-graph-analysis-examples/code-graph-analysis-examples/temp/react-router-7.18.1/source/react-router-7.18.1/packages/react-router-dev/vite/plugins/warn-on-client-source-maps.ts",1,"Function",1,""
"warnings","lib/server-runtime/warnings.ts","/home/runner/work/code-graph-analysis-examples/code-graph-analysis-examples/temp/react-router-7.18.1/source/react-router-7.18.1/packages/react-router/lib/server-runtime/warnings.ts",1,"Function",1,""
"with-props","vite/with-props.ts","/home/runner/work/code-graph-analysis-examples/code-graph-analysis-examples/temp/react-router-7.18.1/source/react-router-7.18.1/packages/react-router-dev/vite/with-props.ts",1,"Variable",1,""
"workersKVStorage","sessions/workersKVStorage.ts","/home/runner/work/code-graph-analysis-examples/code-graph-analysis-examples/temp/react-router-7.18.1/source/react-router-7.18.1/packages/react-router-cloudflare/sessions/workersKVStorage.ts",1,"Function",1,""
