"projectName","fullQualifiedModuleName","moduleName","abstractness","numberAbstractTypes","numberTypes","Source Cypher File: Metrics/Calculate_and_set_Abstractness_for_Typescript.cypher"
"create-react-router","/home/runner/work/code-graph-analysis-examples/code-graph-analysis-examples/temp/react-router-7.13.1/source/react-router-7.13.1/packages/create-react-router/utils.ts","utils",0,0,28,""
"react-router-fs-routes","/home/runner/work/code-graph-analysis-examples/code-graph-analysis-examples/temp/react-router-7.13.1/source/react-router-7.13.1/packages/react-router-fs-routes/flatRoutes.ts","flatRoutes",0,0,13,""
"react-router","/home/runner/work/code-graph-analysis-examples/code-graph-analysis-examples/temp/react-router-7.13.1/source/react-router-7.13.1/packages/react-router/lib/dom/ssr/fog-of-war.ts","fog-of-war",0,0,6,""
"react-router","/home/runner/work/code-graph-analysis-examples/code-graph-analysis-examples/temp/react-router-7.13.1/source/react-router-7.13.1/packages/react-router/index-react-server-client.ts","react-router",0,0,5,""
"react-router-dev","/home/runner/work/code-graph-analysis-examples/code-graph-analysis-examples/temp/react-router-7.13.1/source/react-router-7.13.1/packages/react-router-dev/cli/commands.ts","commands",0,0,5,""
"react-router","/home/runner/work/code-graph-analysis-examples/code-graph-analysis-examples/temp/react-router-7.13.1/source/react-router-7.13.1/packages/react-router/lib/errors.ts","errors",0,0,4,""
"react-router-node","/home/runner/work/code-graph-analysis-examples/code-graph-analysis-examples/temp/react-router-7.13.1/source/react-router-7.13.1/packages/react-router-node/stream.ts","stream",0,0,4,""
"react-router-dev","/home/runner/work/code-graph-analysis-examples/code-graph-analysis-examples/temp/react-router-7.13.1/source/react-router-7.13.1/packages/react-router-dev/vite/styles.ts","styles",0,0,4,""
"react-router-dev","/home/runner/work/code-graph-analysis-examples/code-graph-analysis-examples/temp/react-router-7.13.1/source/react-router-7.13.1/packages/react-router-dev/vite/rsc/virtual-route-modules.ts","virtual-route-modules",0,0,4,""
"react-router","/home/runner/work/code-graph-analysis-examples/code-graph-analysis-examples/temp/react-router-7.13.1/source/react-router-7.13.1/packages/react-router/lib/dom/ssr/invariant.ts","invariant",0,0,3,""
"react-router","/home/runner/work/code-graph-analysis-examples/code-graph-analysis-examples/temp/react-router-7.13.1/source/react-router-7.13.1/packages/react-router/lib/server-runtime/dev.ts","dev",0,0,3,""
"react-router","/home/runner/work/code-graph-analysis-examples/code-graph-analysis-examples/temp/react-router-7.13.1/source/react-router-7.13.1/packages/react-router/lib/server-runtime/invariant.ts","invariant",0,0,3,""
"react-router-dev","/home/runner/work/code-graph-analysis-examples/code-graph-analysis-examples/temp/react-router-7.13.1/source/react-router-7.13.1/packages/react-router-dev/invariant.ts","invariant",0,0,3,""
"react-router-dev","/home/runner/work/code-graph-analysis-examples/code-graph-analysis-examples/temp/react-router-7.13.1/source/react-router-7.13.1/packages/react-router-dev/vite/profiler.ts","profiler",0,0,3,""
"create-react-router","/home/runner/work/code-graph-analysis-examples/code-graph-analysis-examples/temp/react-router-7.13.1/source/react-router-7.13.1/packages/create-react-router/copy-template.ts","copy-template",0,0,2,""
"react-router","/home/runner/work/code-graph-analysis-examples/code-graph-analysis-examples/temp/react-router-7.13.1/source/react-router-7.13.1/packages/react-router/lib/rsc/route-modules.ts","route-modules",0,0,2,""
"react-router","/home/runner/work/code-graph-analysis-examples/code-graph-analysis-examples/temp/react-router-7.13.1/source/react-router-7.13.1/packages/react-router/lib/server-runtime/crypto.ts","crypto",0,0,2,""
"react-router","/home/runner/work/code-graph-analysis-examples/code-graph-analysis-examples/temp/react-router-7.13.1/source/react-router-7.13.1/packages/react-router/lib/server-runtime/headers.ts","headers",0,0,2,""
"react-router","/home/runner/work/code-graph-analysis-examples/code-graph-analysis-examples/temp/react-router-7.13.1/source/react-router-7.13.1/packages/react-router/lib/server-runtime/mode.ts","mode",0,0,2,""
"react-router","/home/runner/work/code-graph-analysis-examples/code-graph-analysis-examples/temp/react-router-7.13.1/source/react-router-7.13.1/packages/react-router/vendor/turbo-stream-v2/turbo-stream.ts","turbo-stream",0,0,2,""
"react-router-node","/home/runner/work/code-graph-analysis-examples/code-graph-analysis-examples/temp/react-router-7.13.1/source/react-router-7.13.1/packages/react-router-node/sessions/fileStorage.ts","fileStorage",0,0,2,""
"react-router-dev","/home/runner/work/code-graph-analysis-examples/code-graph-analysis-examples/temp/react-router-7.13.1/source/react-router-7.13.1/packages/react-router-dev/vite.ts","vite",0,0,2,""
"react-router-dev","/home/runner/work/code-graph-analysis-examples/code-graph-analysis-examples/temp/react-router-7.13.1/source/react-router-7.13.1/packages/react-router-dev/typegen/route.ts","route",0,0,2,""
"react-router-dev","/home/runner/work/code-graph-analysis-examples/code-graph-analysis-examples/temp/react-router-7.13.1/source/react-router-7.13.1/packages/react-router-dev/vite/babel.ts","babel",0,0,2,""
"react-router-dev","/home/runner/work/code-graph-analysis-examples/code-graph-analysis-examples/temp/react-router-7.13.1/source/react-router-7.13.1/packages/react-router-dev/vite/vite.ts","vite",0,0,2,""
"react-router-architect","/home/runner/work/code-graph-analysis-examples/code-graph-analysis-examples/temp/react-router-7.13.1/source/react-router-7.13.1/packages/react-router-architect/binaryTypes.ts","binaryTypes",0,0,1,""
"react-router-architect","/home/runner/work/code-graph-analysis-examples/code-graph-analysis-examples/temp/react-router-7.13.1/source/react-router-7.13.1/packages/react-router-architect/sessions/arcTableSessionStorage.ts","arcTableSessionStorage",0,0,1,""
"create-react-router","/home/runner/work/code-graph-analysis-examples/code-graph-analysis-examples/temp/react-router-7.13.1/source/react-router-7.13.1/packages/create-react-router/loading-indicator.ts","loading-indicator",0,0,1,""
"create-react-router","/home/runner/work/code-graph-analysis-examples/code-graph-analysis-examples/temp/react-router-7.13.1/source/react-router-7.13.1/packages/create-react-router/prompt.ts","prompt",0,0,1,""
"react-router","/home/runner/work/code-graph-analysis-examples/code-graph-analysis-examples/temp/react-router-7.13.1/source/react-router-7.13.1/packages/react-router/lib/actions.ts","actions",0,0,1,""
"react-router","/home/runner/work/code-graph-analysis-examples/code-graph-analysis-examples/temp/react-router-7.13.1/source/react-router-7.13.1/packages/react-router/lib/href.ts","href",0,0,1,""
"react-router","/home/runner/work/code-graph-analysis-examples/code-graph-analysis-examples/temp/react-router-7.13.1/source/react-router-7.13.1/packages/react-router/lib/dom/ssr/data.ts","data",0,0,1,""
"react-router","/home/runner/work/code-graph-analysis-examples/code-graph-analysis-examples/temp/react-router-7.13.1/source/react-router-7.13.1/packages/react-router/lib/dom/ssr/errors.ts","errors",0,0,1,""
"react-router","/home/runner/work/code-graph-analysis-examples/code-graph-analysis-examples/temp/react-router-7.13.1/source/react-router-7.13.1/packages/react-router/lib/dom/ssr/markup.ts","markup",0,0,1,""
"react-router","/home/runner/work/code-graph-analysis-examples/code-graph-analysis-examples/temp/react-router-7.13.1/source/react-router-7.13.1/packages/react-router/lib/rsc/html-stream/browser.ts","browser",0,0,1,""
"react-router","/home/runner/work/code-graph-analysis-examples/code-graph-analysis-examples/temp/react-router-7.13.1/source/react-router-7.13.1/packages/react-router/lib/rsc/html-stream/server.ts","server",0,0,1,""
"react-router","/home/runner/work/code-graph-analysis-examples/code-graph-analysis-examples/temp/react-router-7.13.1/source/react-router-7.13.1/packages/react-router/lib/server-runtime/entry.ts","entry",0,0,1,""
"react-router","/home/runner/work/code-graph-analysis-examples/code-graph-analysis-examples/temp/react-router-7.13.1/source/react-router-7.13.1/packages/react-router/lib/server-runtime/warnings.ts","warnings",0,0,1,""
"react-router","/home/runner/work/code-graph-analysis-examples/code-graph-analysis-examples/temp/react-router-7.13.1/source/react-router-7.13.1/packages/react-router/lib/server-runtime/sessions/cookieStorage.ts","cookieStorage",0,0,1,""
"react-router","/home/runner/work/code-graph-analysis-examples/code-graph-analysis-examples/temp/react-router-7.13.1/source/react-router-7.13.1/packages/react-router/lib/server-runtime/sessions/memoryStorage.ts","memoryStorage",0,0,1,""
"react-router","/home/runner/work/code-graph-analysis-examples/code-graph-analysis-examples/temp/react-router-7.13.1/source/react-router-7.13.1/packages/react-router/vendor/turbo-stream-v2/flatten.ts","flatten",0,0,1,""
"react-router","/home/runner/work/code-graph-analysis-examples/code-graph-analysis-examples/temp/react-router-7.13.1/source/react-router-7.13.1/packages/react-router/vendor/turbo-stream-v2/unflatten.ts","unflatten",0,0,1,""
"react-router-fs-routes","/home/runner/work/code-graph-analysis-examples/code-graph-analysis-examples/temp/react-router-7.13.1/source/react-router-7.13.1/packages/react-router-fs-routes/index.ts","react-router-fs-routes",0,0,1,""
"react-router-fs-routes","/home/runner/work/code-graph-analysis-examples/code-graph-analysis-examples/temp/react-router-7.13.1/source/react-router-7.13.1/packages/react-router-fs-routes/normalizeSlashes.ts","normalizeSlashes",0,0,1,""
"react-router-dev","/home/runner/work/code-graph-analysis-examples/code-graph-analysis-examples/temp/react-router-7.13.1/source/react-router-7.13.1/packages/react-router-dev/cli/detectPackageManager.ts","detectPackageManager",0,0,1,""
"react-router-dev","/home/runner/work/code-graph-analysis-examples/code-graph-analysis-examples/temp/react-router-7.13.1/source/react-router-7.13.1/packages/react-router-dev/cli/run.ts","run",0,0,1,""
"react-router-dev","/home/runner/work/code-graph-analysis-examples/code-graph-analysis-examples/temp/react-router-7.13.1/source/react-router-7.13.1/packages/react-router-dev/cli/useJavascript.ts","useJavascript",0,0,1,""
"react-router-dev","/home/runner/work/code-graph-analysis-examples/code-graph-analysis-examples/temp/react-router-7.13.1/source/react-router-7.13.1/packages/react-router-dev/config/is-react-router-repo.ts","is-react-router-repo",0,0,1,""
"react-router-dev","/home/runner/work/code-graph-analysis-examples/code-graph-analysis-examples/temp/react-router-7.13.1/source/react-router-7.13.1/packages/react-router-dev/typegen/params.ts","params",0,0,1,""
"react-router-dev","/home/runner/work/code-graph-analysis-examples/code-graph-analysis-examples/temp/react-router-7.13.1/source/react-router-7.13.1/packages/react-router-dev/vite/cloudflare-dev-proxy.ts","cloudflare-dev-proxy",0,0,1,""
"react-router-dev","/home/runner/work/code-graph-analysis-examples/code-graph-analysis-examples/temp/react-router-7.13.1/source/react-router-7.13.1/packages/react-router-dev/vite/cloudflare.ts","cloudflare",0,0,1,""
"react-router-dev","/home/runner/work/code-graph-analysis-examples/code-graph-analysis-examples/temp/react-router-7.13.1/source/react-router-7.13.1/packages/react-router-dev/vite/combine-urls.ts","combine-urls",0,0,1,""
"react-router-dev","/home/runner/work/code-graph-analysis-examples/code-graph-analysis-examples/temp/react-router-7.13.1/source/react-router-7.13.1/packages/react-router-dev/vite/has-dependency.ts","has-dependency",0,0,1,""
"react-router-dev","/home/runner/work/code-graph-analysis-examples/code-graph-analysis-examples/temp/react-router-7.13.1/source/react-router-7.13.1/packages/react-router-dev/vite/has-rsc-plugin.ts","has-rsc-plugin",0,0,1,""
"react-router-dev","/home/runner/work/code-graph-analysis-examples/code-graph-analysis-examples/temp/react-router-7.13.1/source/react-router-7.13.1/packages/react-router-dev/vite/load-dotenv.ts","load-dotenv",0,0,1,""
"react-router-dev","/home/runner/work/code-graph-analysis-examples/code-graph-analysis-examples/temp/react-router-7.13.1/source/react-router-7.13.1/packages/react-router-dev/vite/optimize-deps-entries.ts","optimize-deps-entries",0,0,1,""
"react-router-dev","/home/runner/work/code-graph-analysis-examples/code-graph-analysis-examples/temp/react-router-7.13.1/source/react-router-7.13.1/packages/react-router-dev/vite/remove-exports.ts","remove-exports",0,0,1,""
"react-router-dev","/home/runner/work/code-graph-analysis-examples/code-graph-analysis-examples/temp/react-router-7.13.1/source/react-router-7.13.1/packages/react-router-dev/vite/resolve-file-url.ts","resolve-file-url",0,0,1,""
"react-router-dev","/home/runner/work/code-graph-analysis-examples/code-graph-analysis-examples/temp/react-router-7.13.1/source/react-router-7.13.1/packages/react-router-dev/vite/resolve-relative-route-file-path.ts","resolve-relative-route-file-path",0,0,1,""
"react-router-dev","/home/runner/work/code-graph-analysis-examples/code-graph-analysis-examples/temp/react-router-7.13.1/source/react-router-7.13.1/packages/react-router-dev/vite/ssr-externals.ts","ssr-externals",0,0,1,""
"react-router-dev","/home/runner/work/code-graph-analysis-examples/code-graph-analysis-examples/temp/react-router-7.13.1/source/react-router-7.13.1/packages/react-router-dev/vite/virtual-module.ts","virtual-module",0,0,1,""
"react-router-dev","/home/runner/work/code-graph-analysis-examples/code-graph-analysis-examples/temp/react-router-7.13.1/source/react-router-7.13.1/packages/react-router-dev/vite/with-props.ts","with-props",0,0,1,""
"react-router-dev","/home/runner/work/code-graph-analysis-examples/code-graph-analysis-examples/temp/react-router-7.13.1/source/react-router-7.13.1/packages/react-router-dev/vite/plugins/validate-plugin-order.ts","validate-plugin-order",0,0,1,""
"react-router-dev","/home/runner/work/code-graph-analysis-examples/code-graph-analysis-examples/temp/react-router-7.13.1/source/react-router-7.13.1/packages/react-router-dev/vite/plugins/warn-on-client-source-maps.ts","warn-on-client-source-maps",0,0,1,""
"react-router-dev","/home/runner/work/code-graph-analysis-examples/code-graph-analysis-examples/temp/react-router-7.13.1/source/react-router-7.13.1/packages/react-router-dev/vite/rsc/plugin.ts","plugin",0,0,1,""
"react-router-dev","/home/runner/work/code-graph-analysis-examples/code-graph-analysis-examples/temp/react-router-7.13.1/source/react-router-7.13.1/packages/react-router-dev/vite/rsc/virtual-route-config.ts","virtual-route-config",0,0,1,""
"react-router-cloudflare","/home/runner/work/code-graph-analysis-examples/code-graph-analysis-examples/temp/react-router-7.13.1/source/react-router-7.13.1/packages/react-router-cloudflare/sessions/workersKVStorage.ts","workersKVStorage",0,0,1,""
"react-router-remix-routes-option-adapter","/home/runner/work/code-graph-analysis-examples/code-graph-analysis-examples/temp/react-router-7.13.1/source/react-router-7.13.1/packages/react-router-remix-routes-option-adapter/index.ts","react-router-remix-routes-option-adapter",0,0,1,""
"react-router-remix-routes-option-adapter","/home/runner/work/code-graph-analysis-examples/code-graph-analysis-examples/temp/react-router-7.13.1/source/react-router-7.13.1/packages/react-router-remix-routes-option-adapter/normalizeSlashes.ts","normalizeSlashes",0,0,1,""
"react-router-architect","/home/runner/work/code-graph-analysis-examples/code-graph-analysis-examples/temp/react-router-7.13.1/source/react-router-7.13.1/packages/react-router-architect/tsup.config.ts","tsup",0,0,0,""
"react-router-architect","/home/runner/work/code-graph-analysis-examples/code-graph-analysis-examples/temp/react-router-7.13.1/source/react-router-7.13.1/packages/react-router-architect/__tests__/binaryTypes-test.ts","binaryTypes-test",0,0,0,""
"react-router-architect","/home/runner/work/code-graph-analysis-examples/code-graph-analysis-examples/temp/react-router-7.13.1/source/react-router-7.13.1/packages/react-router-architect/__tests__/server-test.ts","server-test",0,0,0,""
"create-react-router","/home/runner/work/code-graph-analysis-examples/code-graph-analysis-examples/temp/react-router-7.13.1/source/react-router-7.13.1/packages/create-react-router/cli.ts","cli",0,0,0,""
"create-react-router","/home/runner/work/code-graph-analysis-examples/code-graph-analysis-examples/temp/react-router-7.13.1/source/react-router-7.13.1/packages/create-react-router/tsup.config.ts","tsup",0,0,0,""
"create-react-router","/home/runner/work/code-graph-analysis-examples/code-graph-analysis-examples/temp/react-router-7.13.1/source/react-router-7.13.1/packages/create-react-router/package.json","package",0,0,0,""
"react-router","/home/runner/work/code-graph-analysis-examples/code-graph-analysis-examples/temp/react-router-7.13.1/source/react-router-7.13.1/packages/react-router/tsup.config.rsc.ts","tsup",0,0,0,""
"react-router","/home/runner/work/code-graph-analysis-examples/code-graph-analysis-examples/temp/react-router-7.13.1/source/react-router-7.13.1/packages/react-router/tsup.config.ts","tsup",0,0,0,""
"react-router-express","/home/runner/work/code-graph-analysis-examples/code-graph-analysis-examples/temp/react-router-7.13.1/source/react-router-7.13.1/packages/react-router-express/tsup.config.ts","tsup",0,0,0,""
"react-router-serve","/home/runner/work/code-graph-analysis-examples/code-graph-analysis-examples/temp/react-router-7.13.1/source/react-router-7.13.1/packages/react-router-serve/cli.ts","cli",0,0,0,""
"react-router-serve","/home/runner/work/code-graph-analysis-examples/code-graph-analysis-examples/temp/react-router-7.13.1/source/react-router-7.13.1/packages/react-router-serve/tsup.config.ts","tsup",0,0,0,""
"react-router-node","/home/runner/work/code-graph-analysis-examples/code-graph-analysis-examples/temp/react-router-7.13.1/source/react-router-7.13.1/packages/react-router-node/tsup.config.ts","tsup",0,0,0,""
"react-router-fs-routes","/home/runner/work/code-graph-analysis-examples/code-graph-analysis-examples/temp/react-router-7.13.1/source/react-router-7.13.1/packages/react-router-fs-routes/tsup.config.ts","tsup",0,0,0,""
"react-router-dev","/home/runner/work/code-graph-analysis-examples/code-graph-analysis-examples/temp/react-router-7.13.1/source/react-router-7.13.1/packages/react-router-dev/rsc-types.d.ts","rsc-types",0,0,0,""
"react-router-dev","/home/runner/work/code-graph-analysis-examples/code-graph-analysis-examples/temp/react-router-7.13.1/source/react-router-7.13.1/packages/react-router-dev/tsup.config.ts","tsup",0,0,0,""
"react-router-dev","/home/runner/work/code-graph-analysis-examples/code-graph-analysis-examples/temp/react-router-7.13.1/source/react-router-7.13.1/packages/react-router-dev/cli/index.ts","cli",0,0,0,""
"react-router-dev","/home/runner/work/code-graph-analysis-examples/code-graph-analysis-examples/temp/react-router-7.13.1/source/react-router-7.13.1/packages/react-router-dev/package.json","package",0,0,0,""
"react-router-cloudflare","/home/runner/work/code-graph-analysis-examples/code-graph-analysis-examples/temp/react-router-7.13.1/source/react-router-7.13.1/packages/react-router-cloudflare/tsup.config.ts","tsup",0,0,0,""
"react-router-dom","/home/runner/work/code-graph-analysis-examples/code-graph-analysis-examples/temp/react-router-7.13.1/source/react-router-7.13.1/packages/react-router-dom/index.ts","react-router-dom",0,0,0,""
"react-router-remix-routes-option-adapter","/home/runner/work/code-graph-analysis-examples/code-graph-analysis-examples/temp/react-router-7.13.1/source/react-router-7.13.1/packages/react-router-remix-routes-option-adapter/tsup.config.ts","tsup",0,0,0,""
"react-router","/home/runner/work/code-graph-analysis-examples/code-graph-analysis-examples/temp/react-router-7.13.1/source/react-router-7.13.1/packages/react-router/lib/dom/ssr/links.ts","links",0.125,1,8,""
"react-router","/home/runner/work/code-graph-analysis-examples/code-graph-analysis-examples/temp/react-router-7.13.1/source/react-router-7.13.1/packages/react-router/lib/server-runtime/single-fetch.ts","single-fetch",0.125,1,8,""
"react-router-node","/home/runner/work/code-graph-analysis-examples/code-graph-analysis-examples/temp/react-router-7.13.1/source/react-router-7.13.1/packages/react-router-node/index.ts","react-router-node",0.14285714285714285,1,7,""
"react-router","/home/runner/work/code-graph-analysis-examples/code-graph-analysis-examples/temp/react-router-7.13.1/source/react-router-7.13.1/packages/react-router/vendor/turbo-stream-v2/utils.ts","utils",0.16666666666666666,4,24,""
"react-router-dev","/home/runner/work/code-graph-analysis-examples/code-graph-analysis-examples/temp/react-router-7.13.1/source/react-router-7.13.1/packages/react-router-dev/vite/route-chunks.ts","route-chunks",0.16666666666666666,2,12,""
"react-router","/home/runner/work/code-graph-analysis-examples/code-graph-analysis-examples/temp/react-router-7.13.1/source/react-router-7.13.1/packages/react-router/lib/server-runtime/errors.ts","errors",0.2,1,5,""
"react-router-dev","/home/runner/work/code-graph-analysis-examples/code-graph-analysis-examples/temp/react-router-7.13.1/source/react-router-7.13.1/packages/react-router-dev/typegen/generate.ts","generate",0.2,1,5,""
"react-router-dev","/home/runner/work/code-graph-analysis-examples/code-graph-analysis-examples/temp/react-router-7.13.1/source/react-router-7.13.1/packages/react-router-dev/routes.ts","routes",0.25,2,8,""
"react-router-dev","/home/runner/work/code-graph-analysis-examples/code-graph-analysis-examples/temp/react-router-7.13.1/source/react-router-7.13.1/packages/react-router-dev/config/format.ts","format",0.25,1,4,""
"react-router-dev","/home/runner/work/code-graph-analysis-examples/code-graph-analysis-examples/temp/react-router-7.13.1/source/react-router-7.13.1/packages/react-router-dev/config/routes.ts","routes",0.26666666666666666,4,15,""
"react-router-dev","/home/runner/work/code-graph-analysis-examples/code-graph-analysis-examples/temp/react-router-7.13.1/source/react-router-7.13.1/packages/react-router-dev/vite/plugin.ts","plugin",0.29411764705882354,5,17,""
"react-router-architect","/home/runner/work/code-graph-analysis-examples/code-graph-analysis-examples/temp/react-router-7.13.1/source/react-router-7.13.1/packages/react-router-architect/server.ts","server",0.3333333333333333,2,6,""
"react-router-express","/home/runner/work/code-graph-analysis-examples/code-graph-analysis-examples/temp/react-router-7.13.1/source/react-router-7.13.1/packages/react-router-express/server.ts","server",0.3333333333333333,2,6,""
"react-router-dev","/home/runner/work/code-graph-analysis-examples/code-graph-analysis-examples/temp/react-router-7.13.1/source/react-router-7.13.1/packages/react-router-dev/typegen/index.ts","typegen",0.3333333333333333,1,3,""
"react-router","/home/runner/work/code-graph-analysis-examples/code-graph-analysis-examples/temp/react-router-7.13.1/source/react-router-7.13.1/packages/react-router/lib/dom/dom.ts","dom",0.35714285714285715,5,14,""
"react-router","/home/runner/work/code-graph-analysis-examples/code-graph-analysis-examples/temp/react-router-7.13.1/source/react-router-7.13.1/packages/react-router/index-react-server.ts","react-router",0.475,19,40,""
"react-router-cloudflare","/home/runner/work/code-graph-analysis-examples/code-graph-analysis-examples/temp/react-router-7.13.1/source/react-router-7.13.1/packages/react-router-cloudflare/index.ts","react-router-cloudflare",0.5,3,6,""
"react-router-architect","/home/runner/work/code-graph-analysis-examples/code-graph-analysis-examples/temp/react-router-7.13.1/source/react-router-7.13.1/packages/react-router-architect/index.ts","react-router-architect",0.5,2,4,""
"react-router","/home/runner/work/code-graph-analysis-examples/code-graph-analysis-examples/temp/react-router-7.13.1/source/react-router-7.13.1/packages/react-router/lib/server-runtime/routes.ts","routes",0.5,2,4,""
"create-react-router","/home/runner/work/code-graph-analysis-examples/code-graph-analysis-examples/temp/react-router-7.13.1/source/react-router-7.13.1/packages/create-react-router/index.ts","create-react-router",0.5,1,2,""
"create-react-router","/home/runner/work/code-graph-analysis-examples/code-graph-analysis-examples/temp/react-router-7.13.1/source/react-router-7.13.1/packages/create-react-router/prompts-multi-select.ts","prompts-multi-select",0.5,1,2,""
"create-react-router","/home/runner/work/code-graph-analysis-examples/code-graph-analysis-examples/temp/react-router-7.13.1/source/react-router-7.13.1/packages/create-react-router/prompts-prompt-base.ts","prompts-prompt-base",0.5,1,2,""
"create-react-router","/home/runner/work/code-graph-analysis-examples/code-graph-analysis-examples/temp/react-router-7.13.1/source/react-router-7.13.1/packages/create-react-router/prompts-text.ts","prompts-text",0.5,1,2,""
"react-router","/home/runner/work/code-graph-analysis-examples/code-graph-analysis-examples/temp/react-router-7.13.1/source/react-router-7.13.1/packages/react-router/lib/server-runtime/data.ts","data",0.5,1,2,""
"react-router","/home/runner/work/code-graph-analysis-examples/code-graph-analysis-examples/temp/react-router-7.13.1/source/react-router-7.13.1/packages/react-router/lib/server-runtime/routeMatching.ts","routeMatching",0.5,1,2,""
"react-router","/home/runner/work/code-graph-analysis-examples/code-graph-analysis-examples/temp/react-router-7.13.1/source/react-router-7.13.1/packages/react-router/lib/server-runtime/serverHandoff.ts","serverHandoff",0.5,1,2,""
"react-router-node","/home/runner/work/code-graph-analysis-examples/code-graph-analysis-examples/temp/react-router-7.13.1/source/react-router-7.13.1/packages/react-router-node/server.ts","server",0.5,1,2,""
"react-router-dev","/home/runner/work/code-graph-analysis-examples/code-graph-analysis-examples/temp/react-router-7.13.1/source/react-router-7.13.1/packages/react-router-dev/typegen/context.ts","context",0.5,1,2,""
"react-router-dev","/home/runner/work/code-graph-analysis-examples/code-graph-analysis-examples/temp/react-router-7.13.1/source/react-router-7.13.1/packages/react-router-dev/vite/build.ts","build",0.5,1,2,""
"react-router-dev","/home/runner/work/code-graph-analysis-examples/code-graph-analysis-examples/temp/react-router-7.13.1/source/react-router-7.13.1/packages/react-router-dev/vite/cache.ts","cache",0.5,1,2,""
"react-router-dev","/home/runner/work/code-graph-analysis-examples/code-graph-analysis-examples/temp/react-router-7.13.1/source/react-router-7.13.1/packages/react-router-dev/vite/dev.ts","dev",0.5,1,2,""
"react-router-dev","/home/runner/work/code-graph-analysis-examples/code-graph-analysis-examples/temp/react-router-7.13.1/source/react-router-7.13.1/packages/react-router-dev/vite/node-adapter.ts","node-adapter",0.5,1,2,""
"react-router-dev","/home/runner/work/code-graph-analysis-examples/code-graph-analysis-examples/temp/react-router-7.13.1/source/react-router-7.13.1/packages/react-router-dev/vite/vite-node.ts","vite-node",0.5,1,2,""
"react-router","/home/runner/work/code-graph-analysis-examples/code-graph-analysis-examples/temp/react-router-7.13.1/source/react-router-7.13.1/packages/react-router/lib/context.ts","context",0.5185185185185185,14,27,""
"react-router","/home/runner/work/code-graph-analysis-examples/code-graph-analysis-examples/temp/react-router-7.13.1/source/react-router-7.13.1/packages/react-router/lib/router/history.ts","history",0.5555555555555556,15,27,""
"react-router-dev","/home/runner/work/code-graph-analysis-examples/code-graph-analysis-examples/temp/react-router-7.13.1/source/react-router-7.13.1/packages/react-router-dev/config/config.ts","config",0.5833333333333334,7,12,""
"react-router","/home/runner/work/code-graph-analysis-examples/code-graph-analysis-examples/temp/react-router-7.13.1/source/react-router-7.13.1/packages/react-router/lib/router/utils.ts","utils",0.6,51,85,""
"react-router-cloudflare","/home/runner/work/code-graph-analysis-examples/code-graph-analysis-examples/temp/react-router-7.13.1/source/react-router-7.13.1/packages/react-router-cloudflare/worker.ts","worker",0.6,3,5,""
"react-router","/home/runner/work/code-graph-analysis-examples/code-graph-analysis-examples/temp/react-router-7.13.1/source/react-router-7.13.1/packages/react-router/lib/router/router.ts","router",0.6363636363636364,21,33,""
"react-router","/home/runner/work/code-graph-analysis-examples/code-graph-analysis-examples/temp/react-router-7.13.1/source/react-router-7.13.1/packages/react-router/lib/rsc/server.rsc.ts","server",0.6363636363636364,14,22,""
"react-router","/home/runner/work/code-graph-analysis-examples/code-graph-analysis-examples/temp/react-router-7.13.1/source/react-router-7.13.1/packages/react-router/lib/server-runtime/sessions.ts","sessions",0.6363636363636364,7,11,""
"react-router","/home/runner/work/code-graph-analysis-examples/code-graph-analysis-examples/temp/react-router-7.13.1/source/react-router-7.13.1/packages/react-router/index.ts","react-router",0.6529411764705882,111,170,""
"react-router","/home/runner/work/code-graph-analysis-examples/code-graph-analysis-examples/temp/react-router-7.13.1/source/react-router-7.13.1/packages/react-router/lib/router/instrumentation.ts","instrumentation",0.6666666666666666,6,9,""
"react-router","/home/runner/work/code-graph-analysis-examples/code-graph-analysis-examples/temp/react-router-7.13.1/source/react-router-7.13.1/packages/react-router/lib/server-runtime/cookies.ts","cookies",0.6666666666666666,4,6,""
"create-react-router","/home/runner/work/code-graph-analysis-examples/code-graph-analysis-examples/temp/react-router-7.13.1/source/react-router-7.13.1/packages/create-react-router/prompts-confirm.ts","prompts-confirm",0.6666666666666666,2,3,""
"create-react-router","/home/runner/work/code-graph-analysis-examples/code-graph-analysis-examples/temp/react-router-7.13.1/source/react-router-7.13.1/packages/create-react-router/prompts-select.ts","prompts-select",0.6666666666666666,2,3,""
"react-router","/home/runner/work/code-graph-analysis-examples/code-graph-analysis-examples/temp/react-router-7.13.1/source/react-router-7.13.1/packages/react-router/lib/server-runtime/server.ts","server",0.6666666666666666,2,3,""
"react-router-express","/home/runner/work/code-graph-analysis-examples/code-graph-analysis-examples/temp/react-router-7.13.1/source/react-router-7.13.1/packages/react-router-express/index.ts","react-router-express",0.6666666666666666,2,3,""
"react-router-fs-routes","/home/runner/work/code-graph-analysis-examples/code-graph-analysis-examples/temp/react-router-7.13.1/source/react-router-7.13.1/packages/react-router-fs-routes/manifest.ts","manifest",0.6666666666666666,2,3,""
"react-router-remix-routes-option-adapter","/home/runner/work/code-graph-analysis-examples/code-graph-analysis-examples/temp/react-router-7.13.1/source/react-router-7.13.1/packages/react-router-remix-routes-option-adapter/defineRoutes.ts","defineRoutes",0.6666666666666666,2,3,""
"react-router-remix-routes-option-adapter","/home/runner/work/code-graph-analysis-examples/code-graph-analysis-examples/temp/react-router-7.13.1/source/react-router-7.13.1/packages/react-router-remix-routes-option-adapter/manifest.ts","manifest",0.6666666666666666,2,3,""
"react-router-dev","/home/runner/work/code-graph-analysis-examples/code-graph-analysis-examples/temp/react-router-7.13.1/source/react-router-7.13.1/packages/react-router-dev/vite/plugins/prerender.ts","prerender",0.8333333333333334,5,6,""
"react-router","/home/runner/work/code-graph-analysis-examples/code-graph-analysis-examples/temp/react-router-7.13.1/source/react-router-7.13.1/packages/react-router/dom-export.ts","dom-export",0.8571428571428571,6,7,""
"react-router","/home/runner/work/code-graph-analysis-examples/code-graph-analysis-examples/temp/react-router-7.13.1/source/react-router-7.13.1/packages/react-router/lib/dom/ssr/routeModules.ts","routeModules",0.9523809523809523,20,21,""
"react-router","/home/runner/work/code-graph-analysis-examples/code-graph-analysis-examples/temp/react-router-7.13.1/source/react-router-7.13.1/packages/react-router/lib/types/route-data.ts","route-data",1,7,7,""
"react-router","/home/runner/work/code-graph-analysis-examples/code-graph-analysis-examples/temp/react-router-7.13.1/source/react-router-7.13.1/packages/react-router/lib/types/utils.ts","utils",1,6,6,""
"react-router","/home/runner/work/code-graph-analysis-examples/code-graph-analysis-examples/temp/react-router-7.13.1/source/react-router-7.13.1/packages/react-router/lib/dom/ssr/entry.ts","entry",1,5,5,""
"react-router","/home/runner/work/code-graph-analysis-examples/code-graph-analysis-examples/temp/react-router-7.13.1/source/react-router-7.13.1/packages/react-router/lib/server-runtime/build.ts","build",1,5,5,""
"react-router","/home/runner/work/code-graph-analysis-examples/code-graph-analysis-examples/temp/react-router-7.13.1/source/react-router-7.13.1/packages/react-router/lib/types/register.ts","register",1,4,4,""
"react-router-dev","/home/runner/work/code-graph-analysis-examples/code-graph-analysis-examples/temp/react-router-7.13.1/source/react-router-7.13.1/packages/react-router-dev/config.ts","config",1,4,4,""
"react-router","/home/runner/work/code-graph-analysis-examples/code-graph-analysis-examples/temp/react-router-7.13.1/source/react-router-7.13.1/packages/react-router/lib/router/links.ts","links",1,3,3,""
"react-router","/home/runner/work/code-graph-analysis-examples/code-graph-analysis-examples/temp/react-router-7.13.1/source/react-router-7.13.1/packages/react-router/lib/dom/global.ts","global",1,2,2,""
"react-router","/home/runner/work/code-graph-analysis-examples/code-graph-analysis-examples/temp/react-router-7.13.1/source/react-router-7.13.1/packages/react-router/lib/types/future.ts","future",1,2,2,""
"react-router","/home/runner/work/code-graph-analysis-examples/code-graph-analysis-examples/temp/react-router-7.13.1/source/react-router-7.13.1/packages/react-router/lib/types/internal.ts","internal",1,2,2,""
"react-router-dev","/home/runner/work/code-graph-analysis-examples/code-graph-analysis-examples/temp/react-router-7.13.1/source/react-router-7.13.1/packages/react-router-dev/manifest.ts","manifest",1,2,2,""
"react-router","/home/runner/work/code-graph-analysis-examples/code-graph-analysis-examples/temp/react-router-7.13.1/source/react-router-7.13.1/packages/react-router/lib/types/params.ts","params",1,1,1,""
"react-router","/home/runner/work/code-graph-analysis-examples/code-graph-analysis-examples/temp/react-router-7.13.1/source/react-router-7.13.1/packages/react-router/lib/types/route-module-annotations.ts","route-module-annotations",1,1,1,""
"react-router","/home/runner/work/code-graph-analysis-examples/code-graph-analysis-examples/temp/react-router-7.13.1/source/react-router-7.13.1/packages/react-router/lib/types/route-module.ts","route-module",1,1,1,""
"react-router","/home/runner/work/code-graph-analysis-examples/code-graph-analysis-examples/temp/react-router-7.13.1/source/react-router-7.13.1/packages/react-router/lib/types/serializes-to.ts","serializes-to",1,1,1,""
