"artifactName","annotationName","languageElement","numberOfAnnotatedElements","examples","Source Cypher File: domains/java/queries/java-code-quality/Annotated_code_elements_per_artifact.cypher"
"axon-common-5.1.2","org.jspecify.annotations.NullMarked","Interface",15,"org.axonframework.common.io.package-info,org.axonframework.common.annotation.package-info,org.axonframework.common.property.package-info,org.axonframework.common.jdbc.package-info,org.axonframework.common.package-info,org.axonframework.common.util.package-info,org.axonframework.common.caching.package-info,org.axonframework.common.tx.package-info,org.axonframework.common.digest.package-info",""
"axon-common-5.1.2","java.lang.FunctionalInterface","Interface",12,"org.axonframework.common.property.Property,org.axonframework.common.Registration,org.axonframework.common.jdbc.JdbcUtils$SqlResultConverter,org.axonframework.common.jdbc.ConnectionProvider,org.axonframework.common.jdbc.JdbcUtils$SqlFunction,org.axonframework.common.util.ExecutorServiceFactory,org.axonframework.common.infra.DescribableComponent,org.axonframework.common.lock.LockFactory,org.axonframework.common.configuration.ConfigurationEnhancer",""
"axon-common-5.1.2","org.axonframework.common.annotation.Internal","Class",7,"org.axonframework.common.jdbc.ConnectionExecutor,org.axonframework.common.jdbc.JdbcUtils,org.axonframework.common.jpa.EntityManagerExecutor,org.axonframework.common.configuration.LazyInitializedComponentDefinition,org.axonframework.common.configuration.ConfigurationExtensions,org.axonframework.common.configuration.InstantiatedComponentDefinition,org.axonframework.common.configuration.Components",""
"axon-common-5.1.2","org.axonframework.common.annotation.Internal","Interface",7,"org.axonframework.common.jdbc.ConnectionProvider,org.axonframework.common.tx.TransactionalExecutor,org.axonframework.common.jpa.EntityManagerProvider,org.axonframework.common.configuration.ExtensibleConfigurer,org.axonframework.common.configuration.ConfigurationExtension,org.axonframework.common.configuration.Component,org.axonframework.common.configuration.ExtendedConfiguration",""
"axon-common-5.1.2","java.lang.annotation.Retention","Annotation",3,"org.axonframework.common.annotation.Internal,org.axonframework.common.annotation.RegistrationScope,org.axonframework.common.Priority",""
"axon-common-5.1.2","java.lang.annotation.Target","Annotation",3,"org.axonframework.common.annotation.Internal,org.axonframework.common.annotation.RegistrationScope,org.axonframework.common.Priority",""
"axon-common-5.1.2","java.lang.annotation.Documented","Annotation",2,"org.axonframework.common.annotation.Internal,org.axonframework.common.annotation.RegistrationScope",""
"axon-common-5.1.2","org.axonframework.common.annotation.Internal","Method",2,"org.axonframework.common.configuration.DefaultComponentRegistry.create,org.axonframework.common.configuration.DefaultComponentRegistry.createLocalConfiguration",""
"axon-common-5.1.2","java.lang.annotation.Inherited","Annotation",1,"org.axonframework.common.Priority",""
"axon-conversion-5.1.2","org.jspecify.annotations.NullMarked","Interface",5,"org.axonframework.conversion.package-info,org.axonframework.conversion.jackson.package-info,org.axonframework.conversion.converter.package-info,org.axonframework.conversion.jackson2.package-info,org.axonframework.conversion.avro.package-info",""
"axon-conversion-5.1.2","org.axonframework.common.annotation.Internal","Constructor",3,"org.axonframework.conversion.jackson.JacksonConverter.<init>,org.axonframework.conversion.jackson2.Jackson2Converter.<init>,org.axonframework.conversion.avro.AvroConverter.<init>",""
"axon-conversion-5.1.2","org.axonframework.common.annotation.Internal","Method",1,"org.axonframework.conversion.DelegatingGeneralConverter.delegate",""
"axon-eventsourcing-5.1.2","org.jspecify.annotations.NullMarked","Interface",11,"org.axonframework.eventsourcing.annotation.reflection.package-info,org.axonframework.eventsourcing.package-info,org.axonframework.eventsourcing.handler.package-info,org.axonframework.eventsourcing.annotation.package-info,org.axonframework.eventsourcing.snapshot.inmemory.package-info,org.axonframework.eventsourcing.snapshot.store.package-info,org.axonframework.eventsourcing.snapshot.api.package-info,org.axonframework.eventsourcing.eventstore.inmemory.package-info,org.axonframework.eventsourcing.eventstore.package-info",""
"axon-eventsourcing-5.1.2","org.axonframework.common.annotation.Internal","Class",10,"org.axonframework.eventsourcing.handler.SnapshottingEntityLifecycleHandler,org.axonframework.eventsourcing.eventstore.TerminalEventMessage,org.axonframework.eventsourcing.handler.SimpleEntityLifecycleHandler,org.axonframework.eventsourcing.handler.InitializingEntityEvolver,org.axonframework.eventsourcing.eventstore.SnapshotCapableEventStorageEngine,org.axonframework.eventsourcing.eventstore.ContinuousMessageStream,org.axonframework.eventsourcing.eventstore.SnapshotEventMessage,org.axonframework.eventsourcing.eventstore.InterceptingEventStore,org.axonframework.eventsourcing.eventstore.jpa.JpaPollingEventCoordinator",""
"axon-eventsourcing-5.1.2","java.lang.annotation.Retention","Annotation",8,"org.axonframework.eventsourcing.annotation.EventSourcedEntity,org.axonframework.eventsourcing.annotation.EventTag,org.axonframework.eventsourcing.annotation.reflection.EntityCreator,org.axonframework.eventsourcing.annotation.EventTags,org.axonframework.eventsourcing.annotation.reflection.InjectEntityId,org.axonframework.eventsourcing.annotation.EventSourcingHandler,org.axonframework.eventsourcing.annotation.EventCriteriaBuilder,org.axonframework.eventsourcing.annotation.Snapshotting",""
"axon-eventsourcing-5.1.2","java.lang.annotation.Target","Annotation",8,"org.axonframework.eventsourcing.annotation.EventSourcedEntity,org.axonframework.eventsourcing.annotation.EventTag,org.axonframework.eventsourcing.annotation.reflection.EntityCreator,org.axonframework.eventsourcing.annotation.EventTags,org.axonframework.eventsourcing.annotation.reflection.InjectEntityId,org.axonframework.eventsourcing.annotation.EventSourcingHandler,org.axonframework.eventsourcing.annotation.EventCriteriaBuilder,org.axonframework.eventsourcing.annotation.Snapshotting",""
"axon-eventsourcing-5.1.2","org.axonframework.common.annotation.Internal","Interface",4,"org.axonframework.eventsourcing.handler.SourcingHandler,org.axonframework.eventsourcing.eventstore.EventCoordinator,org.axonframework.eventsourcing.snapshot.store.SnapshotStore,org.axonframework.eventsourcing.eventstore.EventStorageEngine",""
"axon-eventsourcing-5.1.2","java.lang.FunctionalInterface","Interface",4,"org.axonframework.eventsourcing.EventSourcedEntityFactory,org.axonframework.eventsourcing.CriteriaResolver,org.axonframework.eventsourcing.eventstore.TagResolver,org.axonframework.eventsourcing.eventstore.EventTypeResolver",""
"axon-eventsourcing-5.1.2","jakarta.persistence.Basic","Field",4,"org.axonframework.eventsourcing.eventstore.jpa.AggregateEventEntry.type,org.axonframework.eventsourcing.eventstore.jpa.AggregateEventEntry.version,org.axonframework.eventsourcing.eventstore.jpa.AggregateEventEntry.timestamp,org.axonframework.eventsourcing.eventstore.jpa.AggregateEventEntry.payload",""
"axon-eventsourcing-5.1.2","org.axonframework.common.annotation.Internal","Constructor",3,"org.axonframework.eventsourcing.eventstore.AggregateSequenceNumberPosition.<init>,org.axonframework.eventsourcing.eventstore.GlobalIndexPosition.<init>,org.axonframework.eventsourcing.eventstore.InterceptingEventStore.<init>",""
"axon-eventsourcing-5.1.2","java.lang.annotation.Documented","Annotation",2,"org.axonframework.eventsourcing.annotation.EventSourcingHandler,org.axonframework.eventsourcing.annotation.Snapshotting",""
"axon-eventsourcing-5.1.2","jakarta.persistence.Lob","Field",2,"org.axonframework.eventsourcing.eventstore.jpa.AggregateEventEntry.payload,org.axonframework.eventsourcing.eventstore.jpa.AggregateEventEntry.metadata",""
"axon-eventsourcing-5.1.2","java.lang.Deprecated","Constructor",1,"org.axonframework.eventsourcing.EventSourcingRepository.<init>",""
"axon-eventsourcing-5.1.2","java.lang.annotation.Repeatable","Annotation",1,"org.axonframework.eventsourcing.annotation.EventTag",""
"axon-eventsourcing-5.1.2","org.axonframework.messaging.eventhandling.annotation.EventHandler","Annotation",1,"org.axonframework.eventsourcing.annotation.EventSourcingHandler",""
"axon-eventsourcing-5.1.2","jakarta.persistence.SequenceGenerator","Field",1,"org.axonframework.eventsourcing.eventstore.jpa.AggregateEventEntry.globalIndex",""
"axon-eventsourcing-5.1.2","jakarta.persistence.Id","Field",1,"org.axonframework.eventsourcing.eventstore.jpa.AggregateEventEntry.globalIndex",""
"axon-eventsourcing-5.1.2","jakarta.persistence.GeneratedValue","Field",1,"org.axonframework.eventsourcing.eventstore.jpa.AggregateEventEntry.globalIndex",""
"axon-eventsourcing-5.1.2","jakarta.persistence.Column","Field",1,"org.axonframework.eventsourcing.eventstore.jpa.AggregateEventEntry.identifier",""
"axon-eventsourcing-5.1.2","java.lang.Deprecated","Method",1,"org.axonframework.eventsourcing.eventstore.SourcingCondition.start",""
"axon-eventsourcing-5.1.2","jakarta.persistence.Table","Class",1,"org.axonframework.eventsourcing.eventstore.jpa.AggregateEventEntry",""
"axon-eventsourcing-5.1.2","jakarta.persistence.Entity","Class",1,"org.axonframework.eventsourcing.eventstore.jpa.AggregateEventEntry",""
"axon-messaging-5.1.2","org.jspecify.annotations.NullMarked","Interface",57,"org.axonframework.messaging.monitoring.package-info,org.axonframework.messaging.monitoring.interception.package-info,org.axonframework.messaging.monitoring.configuration.package-info,org.axonframework.messaging.commandhandling.annotation.package-info,org.axonframework.messaging.commandhandling.gateway.package-info,org.axonframework.messaging.commandhandling.retry.package-info,org.axonframework.messaging.commandhandling.package-info,org.axonframework.messaging.commandhandling.interception.package-info,org.axonframework.messaging.commandhandling.tracing.package-info",""
"axon-messaging-5.1.2","org.axonframework.common.annotation.Internal","Class",38,"org.axonframework.messaging.monitoring.configuration.DefaultMessageMonitorRegistry,org.axonframework.messaging.commandhandling.annotation.CommandDispatcherParameterResolverFactory,org.axonframework.messaging.commandhandling.gateway.ContextAwareCommandDispatcher,org.axonframework.messaging.commandhandling.interception.CommandMessageHandlerInterceptorChain,org.axonframework.messaging.eventhandling.annotation.MethodSequencingPolicyEventHandlerDefinition$SequencingPolicyEventMessageHandlingMember,org.axonframework.messaging.eventhandling.annotation.MethodEventHandlerDefinition$MethodEventMessageHandlingMember,org.axonframework.messaging.eventhandling.InterceptingEventSink,org.axonframework.messaging.eventhandling.EventSubscribers,org.axonframework.messaging.eventhandling.interception.InterceptingEventHandlingComponent",""
"axon-messaging-5.1.2","java.lang.annotation.Retention","Annotation",28,"org.axonframework.messaging.commandhandling.annotation.CommandHandler,org.axonframework.messaging.commandhandling.annotation.Command,org.axonframework.messaging.eventhandling.annotation.SequenceNumber,org.axonframework.messaging.eventhandling.annotation.EventHandler,org.axonframework.messaging.eventhandling.annotation.Timestamp,org.axonframework.messaging.eventhandling.annotation.ConcludesBatch,org.axonframework.messaging.eventhandling.annotation.Event,org.axonframework.messaging.eventhandling.replay.annotation.ReplayStatusChangedHandler,org.axonframework.messaging.eventhandling.replay.annotation.AllowReplay",""
"axon-messaging-5.1.2","java.lang.annotation.Target","Annotation",28,"org.axonframework.messaging.commandhandling.annotation.CommandHandler,org.axonframework.messaging.commandhandling.annotation.Command,org.axonframework.messaging.eventhandling.annotation.SequenceNumber,org.axonframework.messaging.eventhandling.annotation.EventHandler,org.axonframework.messaging.eventhandling.annotation.Timestamp,org.axonframework.messaging.eventhandling.annotation.ConcludesBatch,org.axonframework.messaging.eventhandling.annotation.Event,org.axonframework.messaging.eventhandling.replay.annotation.ReplayStatusChangedHandler,org.axonframework.messaging.eventhandling.replay.annotation.AllowReplay",""
"axon-messaging-5.1.2","java.lang.FunctionalInterface","Interface",26,"org.axonframework.messaging.monitoring.configuration.MessageMonitorFactory,org.axonframework.messaging.commandhandling.CommandHandler,org.axonframework.messaging.commandhandling.CommandPriorityCalculator,org.axonframework.messaging.eventhandling.EventHandler,org.axonframework.messaging.eventhandling.replay.ResetHandler,org.axonframework.messaging.eventhandling.replay.ReplayStatusChangedHandler,org.axonframework.messaging.eventhandling.processing.streaming.pooled.PooledStreamingEventProcessorModule$Customization,org.axonframework.messaging.eventhandling.processing.streaming.pooled.WorkPackage$EventFilter,org.axonframework.messaging.eventhandling.processing.streaming.pooled.WorkPackage$BatchProcessor",""
"axon-messaging-5.1.2","org.axonframework.common.annotation.Internal","Interface",13,"org.axonframework.messaging.monitoring.configuration.MessageMonitorRegistry,org.axonframework.messaging.commandhandling.annotation.CommandHandlingMember,org.axonframework.messaging.eventhandling.annotation.EventHandlingMember,org.axonframework.messaging.eventhandling.replay.ReplayStatusChangedHandlerRegistry,org.axonframework.messaging.eventhandling.replay.ReplayStatusChangedHandler,org.axonframework.messaging.eventhandling.replay.ReplayStatusChanged,org.axonframework.messaging.queryhandling.annotation.QueryHandlingMember,org.axonframework.messaging.core.annotation.MessageHandlingMember,org.axonframework.messaging.core.interception.annotation.MessageInterceptingMember",""
"axon-messaging-5.1.2","org.axonframework.common.annotation.Internal","Constructor",13,"org.axonframework.messaging.eventhandling.processing.streaming.pooled.PooledStreamingEventProcessorConfiguration.<init>,org.axonframework.messaging.eventhandling.processing.streaming.pooled.PooledStreamingEventProcessorsConfigurer.<init>,org.axonframework.messaging.eventhandling.processing.streaming.segmenting.SequenceCachingEventHandlingComponent.<init>,org.axonframework.messaging.eventhandling.processing.subscribing.SubscribingEventProcessorsConfigurer.<init>,org.axonframework.messaging.eventhandling.processing.streaming.segmenting.Segment.<init>,org.axonframework.messaging.eventhandling.processing.subscribing.SubscribingEventProcessorConfiguration.<init>,org.axonframework.messaging.eventhandling.InterceptingEventBus.<init>,org.axonframework.messaging.eventhandling.configuration.EventProcessorConfiguration.<init>,org.axonframework.messaging.eventhandling.configuration.EventProcessingConfigurer.<init>",""
"axon-messaging-5.1.2","com.fasterxml.jackson.annotation.JsonProperty","Parameter",12,"org.axonframework.messaging.eventhandling.processing.streaming.token.GapAwareTrackingToken.<init>(0),org.axonframework.messaging.eventhandling.processing.streaming.token.GapAwareTrackingToken.<init>(1),org.axonframework.messaging.eventhandling.processing.streaming.token.store.ConfigToken.<init>(0),org.axonframework.messaging.eventhandling.processing.streaming.token.MergedTrackingToken.<init>(0),org.axonframework.messaging.eventhandling.processing.streaming.token.MergedTrackingToken.<init>(1),org.axonframework.messaging.eventhandling.processing.streaming.token.ReplayToken.<init>(0),org.axonframework.messaging.eventhandling.processing.streaming.token.ReplayToken.<init>(1),org.axonframework.messaging.eventhandling.processing.streaming.token.ReplayToken.<init>(2),org.axonframework.messaging.eventhandling.processing.streaming.token.GlobalSequenceTrackingToken.<init>(0)",""
"axon-messaging-5.1.2","org.axonframework.common.Priority","Class",11,"org.axonframework.messaging.eventhandling.annotation.SequenceNumberParameterResolverFactory,org.axonframework.messaging.eventhandling.annotation.TimestampParameterResolverFactory,org.axonframework.messaging.core.annotation.HierarchicalParameterResolverFactory,org.axonframework.messaging.core.annotation.MessageIdentifierParameterResolverFactory,org.axonframework.messaging.core.annotation.AggregateTypeParameterResolverFactory,org.axonframework.messaging.core.annotation.SimpleResourceParameterResolverFactory,org.axonframework.messaging.core.annotation.InterceptorChainParameterResolverFactory,org.axonframework.messaging.core.annotation.SourceIdParameterResolverFactory,org.axonframework.messaging.core.annotation.DefaultParameterResolverFactory",""
"axon-messaging-5.1.2","java.lang.annotation.Documented","Annotation",10,"org.axonframework.messaging.commandhandling.annotation.CommandHandler,org.axonframework.messaging.eventhandling.annotation.EventHandler,org.axonframework.messaging.eventhandling.replay.annotation.AllowReplay,org.axonframework.messaging.eventhandling.replay.annotation.DisallowReplay,org.axonframework.messaging.queryhandling.annotation.QueryHandler,org.axonframework.messaging.core.annotation.MetadataValue,org.axonframework.messaging.core.annotation.MessageHandlerTimeout,org.axonframework.messaging.core.annotation.HasHandlerAttributes,org.axonframework.messaging.core.annotation.MessageHandler",""
"axon-messaging-5.1.2","org.axonframework.common.annotation.Internal","Method",10,"org.axonframework.messaging.eventhandling.conversion.DelegatingEventConverter.delegate,org.axonframework.messaging.eventhandling.processing.streaming.token.store.jdbc.JdbcTokenStore.converter,org.axonframework.messaging.eventhandling.processing.streaming.token.store.jpa.JpaTokenStore.converter,org.axonframework.messaging.eventhandling.processing.streaming.pooled.PooledStreamingEventProcessorsConfigurer.build,org.axonframework.messaging.eventhandling.processing.subscribing.SubscribingEventProcessorsConfigurer.build,org.axonframework.messaging.core.annotation.MessageHandlingMember.handleSync,org.axonframework.messaging.core.interception.annotation.MessageHandlerInterceptorMemberChain.handleSync,org.axonframework.messaging.core.Context.resources,org.axonframework.messaging.core.conversion.DelegatingMessageConverter.delegate",""
"axon-messaging-5.1.2","java.lang.Deprecated","Method",8,"org.axonframework.messaging.eventhandling.configuration.DefaultEventHandlingComponentsConfigurer.declarative,org.axonframework.messaging.eventhandling.configuration.EventHandlingComponentsConfigurer$ComponentsPhase.declarative,org.axonframework.messaging.eventhandling.configuration.EventHandlingComponentsConfigurer$ComponentsPhase.autodetected,org.axonframework.messaging.core.GenericResultMessage.asResultMessage,org.axonframework.messaging.core.annotation.MessageHandlingMember.handleSync,org.axonframework.messaging.core.interception.annotation.MessageHandlerInterceptorMemberChain.handleSync,org.axonframework.messaging.core.interception.annotation.NoMoreInterceptors.handleSync",""
"axon-messaging-5.1.2","org.axonframework.messaging.core.annotation.MessageHandler","Annotation",6,"org.axonframework.messaging.commandhandling.annotation.CommandHandler,org.axonframework.messaging.eventhandling.annotation.EventHandler,org.axonframework.messaging.eventhandling.replay.annotation.ReplayStatusChangedHandler,org.axonframework.messaging.eventhandling.replay.annotation.ResetHandler,org.axonframework.messaging.queryhandling.annotation.QueryHandler,org.axonframework.messaging.core.interception.annotation.MessageHandlerInterceptor",""
"axon-messaging-5.1.2","com.fasterxml.jackson.annotation.JsonCreator","Constructor",6,"org.axonframework.messaging.eventhandling.processing.streaming.token.GapAwareTrackingToken.<init>,org.axonframework.messaging.eventhandling.processing.streaming.token.store.ConfigToken.<init>,org.axonframework.messaging.eventhandling.processing.streaming.token.MergedTrackingToken.<init>,org.axonframework.messaging.eventhandling.processing.streaming.token.ReplayToken.<init>,org.axonframework.messaging.eventhandling.processing.streaming.token.GlobalSequenceTrackingToken.<init>,org.axonframework.messaging.core.RemoteExceptionDescription.<init>",""
"axon-messaging-5.1.2","java.beans.ConstructorProperties","Constructor",6,"org.axonframework.messaging.eventhandling.processing.streaming.token.GapAwareTrackingToken.<init>,org.axonframework.messaging.eventhandling.processing.streaming.token.store.ConfigToken.<init>,org.axonframework.messaging.eventhandling.processing.streaming.token.MergedTrackingToken.<init>,org.axonframework.messaging.eventhandling.processing.streaming.token.ReplayToken.<init>,org.axonframework.messaging.eventhandling.processing.streaming.token.GlobalSequenceTrackingToken.<init>,org.axonframework.messaging.core.RemoteExceptionDescription.<init>",""
"axon-messaging-5.1.2","org.axonframework.messaging.core.annotation.HasHandlerAttributes","Annotation",5,"org.axonframework.messaging.eventhandling.replay.annotation.AllowReplay,org.axonframework.messaging.core.annotation.MessageHandlerTimeout,org.axonframework.messaging.core.annotation.MessageHandler,org.axonframework.messaging.core.annotation.SequencingPolicy,org.axonframework.messaging.core.interception.annotation.ResultHandler",""
"axon-messaging-5.1.2","org.axonframework.messaging.core.annotation.Message","Annotation",4,"org.axonframework.messaging.commandhandling.annotation.Command,org.axonframework.messaging.eventhandling.annotation.Event,org.axonframework.messaging.queryhandling.annotation.QueryResponse,org.axonframework.messaging.queryhandling.annotation.Query",""
"axon-messaging-5.1.2","jakarta.persistence.Basic","Field",4,"org.axonframework.messaging.eventhandling.processing.streaming.token.store.jpa.TokenEntry.tokenType,org.axonframework.messaging.eventhandling.processing.streaming.token.store.jpa.TokenEntry.timestamp,org.axonframework.messaging.eventhandling.processing.streaming.token.store.jpa.TokenEntry.owner,org.axonframework.messaging.eventhandling.processing.streaming.token.store.jpa.TokenEntry.mask",""
"axon-messaging-5.1.2","java.lang.Deprecated","Constructor",3,"org.axonframework.messaging.commandhandling.GenericCommandResultMessage.<init>,org.axonframework.messaging.core.annotation.AnnotationMessageTypeResolver$AnnotationSpecification.<init>",""
"axon-messaging-5.1.2","com.fasterxml.jackson.annotation.JsonGetter","Method",3,"org.axonframework.messaging.eventhandling.processing.streaming.token.MergedTrackingToken.lowerSegmentToken,org.axonframework.messaging.eventhandling.processing.streaming.token.MergedTrackingToken.upperSegmentToken,org.axonframework.messaging.eventhandling.processing.streaming.token.ReplayToken.resetContext",""
"axon-messaging-5.1.2","java.lang.SafeVarargs","Constructor",2,"org.axonframework.messaging.monitoring.MultiMessageMonitor.<init>,org.axonframework.messaging.core.retry.NonTransientExceptionClassesPredicate.<init>",""
"axon-messaging-5.1.2","org.axonframework.common.annotation.Internal","Annotation",2,"org.axonframework.messaging.eventhandling.replay.annotation.ReplayStatusChangedHandler,org.axonframework.messaging.core.annotation.Message",""
"axon-messaging-5.1.2","org.axonframework.common.annotation.Internal","Field",2,"org.axonframework.messaging.eventhandling.GenericEventMessage.clock,org.axonframework.messaging.core.sequencing.SequentialPolicy.FULL_SEQUENTIAL_POLICY",""
"axon-messaging-5.1.2","jakarta.persistence.Id","Field",2,"org.axonframework.messaging.eventhandling.processing.streaming.token.store.jpa.TokenEntry.processorName,org.axonframework.messaging.eventhandling.processing.streaming.token.store.jpa.TokenEntry.segment",""
"axon-messaging-5.1.2","com.fasterxml.jackson.annotation.JsonTypeInfo","Method",2,"org.axonframework.messaging.eventhandling.processing.streaming.token.MergedTrackingToken.lowerSegmentToken,org.axonframework.messaging.eventhandling.processing.streaming.token.MergedTrackingToken.upperSegmentToken",""
"axon-messaging-5.1.2","com.fasterxml.jackson.annotation.JsonIgnore","Method",2,"org.axonframework.messaging.eventhandling.processing.streaming.token.MergedTrackingToken.isLowerSegmentAdvanced,org.axonframework.messaging.eventhandling.processing.streaming.token.MergedTrackingToken.isUpperSegmentAdvanced",""
"axon-messaging-5.1.2","com.fasterxml.jackson.annotation.JsonTypeInfo","Field",2,"org.axonframework.messaging.eventhandling.processing.streaming.token.ReplayToken.tokenAtReset,org.axonframework.messaging.eventhandling.processing.streaming.token.ReplayToken.currentToken",""
"axon-messaging-5.1.2","java.lang.Deprecated","Field",1,"org.axonframework.messaging.eventhandling.GenericEventMessage.clock",""
"axon-messaging-5.1.2","org.axonframework.messaging.eventhandling.replay.annotation.AllowReplay","Annotation",1,"org.axonframework.messaging.eventhandling.replay.annotation.DisallowReplay",""
"axon-messaging-5.1.2","jakarta.persistence.Entity","Class",1,"org.axonframework.messaging.eventhandling.processing.streaming.token.store.jpa.TokenEntry",""
"axon-messaging-5.1.2","jakarta.persistence.IdClass","Class",1,"org.axonframework.messaging.eventhandling.processing.streaming.token.store.jpa.TokenEntry",""
"axon-messaging-5.1.2","jakarta.persistence.Lob","Field",1,"org.axonframework.messaging.eventhandling.processing.streaming.token.store.jpa.TokenEntry.token",""
"axon-messaging-5.1.2","jakarta.persistence.Column","Field",1,"org.axonframework.messaging.eventhandling.processing.streaming.token.store.jpa.TokenEntry.token",""
"axon-messaging-5.1.2","org.axonframework.messaging.core.annotation.Namespace","Annotation",1,"org.axonframework.messaging.core.annotation.Message",""
"axon-messaging-5.1.2","java.lang.annotation.Inherited","Annotation",1,"org.axonframework.messaging.core.annotation.SequencingPolicy",""
"axon-messaging-5.1.2","org.axonframework.messaging.core.interception.annotation.MessageHandlerInterceptor","Annotation",1,"org.axonframework.messaging.core.interception.annotation.ExceptionHandler",""
"axon-messaging-5.1.2","org.axonframework.messaging.core.interception.annotation.ResultHandler","Annotation",1,"org.axonframework.messaging.core.interception.annotation.ExceptionHandler",""
"axon-messaging-5.1.2","java.lang.SafeVarargs","Method",1,"org.axonframework.messaging.core.MessageStream.fromItems",""
"axon-messaging-5.1.2","java.lang.Deprecated","Class",1,"org.axonframework.messaging.core.unitofwork.LegacyMessageSupportingContext",""
"axon-metrics-micrometer-5.1.2","org.jspecify.annotations.NullMarked","Interface",3,"org.axonframework.extension.metrics.micrometer.springboot.package-info,org.axonframework.extension.metrics.micrometer.reservoir.package-info,org.axonframework.extension.metrics.micrometer.package-info",""
"axon-metrics-micrometer-5.1.2","org.springframework.context.annotation.Bean","Method",2,"org.axonframework.extension.metrics.micrometer.springboot.MicrometerMetricsAutoConfiguration.disableMetricsConfigurationEnhancer,org.axonframework.extension.metrics.micrometer.springboot.MicrometerMetricsAutoConfiguration.meterRegistry",""
"axon-metrics-micrometer-5.1.2","org.springframework.boot.autoconfigure.condition.ConditionalOnProperty","Method",2,"org.axonframework.extension.metrics.micrometer.springboot.MicrometerMetricsAutoConfiguration.disableMetricsConfigurationEnhancer,org.axonframework.extension.metrics.micrometer.springboot.MicrometerMetricsAutoConfiguration.meterRegistry",""
"axon-metrics-micrometer-5.1.2","org.springframework.boot.context.properties.EnableConfigurationProperties","Class",1,"org.axonframework.extension.metrics.micrometer.springboot.MicrometerMetricsAutoConfiguration",""
"axon-metrics-micrometer-5.1.2","org.springframework.boot.autoconfigure.AutoConfigureAfter","Class",1,"org.axonframework.extension.metrics.micrometer.springboot.MicrometerMetricsAutoConfiguration",""
"axon-metrics-micrometer-5.1.2","org.springframework.boot.autoconfigure.condition.ConditionalOnClass","Class",1,"org.axonframework.extension.metrics.micrometer.springboot.MicrometerMetricsAutoConfiguration",""
"axon-metrics-micrometer-5.1.2","org.springframework.boot.autoconfigure.AutoConfiguration","Class",1,"org.axonframework.extension.metrics.micrometer.springboot.MicrometerMetricsAutoConfiguration",""
"axon-metrics-micrometer-5.1.2","org.springframework.boot.autoconfigure.AutoConfigureBefore","Class",1,"org.axonframework.extension.metrics.micrometer.springboot.MicrometerMetricsAutoConfiguration",""
"axon-metrics-micrometer-5.1.2","org.springframework.boot.context.properties.ConfigurationProperties","Class",1,"org.axonframework.extension.metrics.micrometer.springboot.MetricsProperties",""
"axon-metrics-micrometer-5.1.2","org.springframework.boot.autoconfigure.condition.ConditionalOnMissingBean","Method",1,"org.axonframework.extension.metrics.micrometer.springboot.MicrometerMetricsAutoConfiguration.meterRegistry",""
"axon-modelling-5.1.2","java.lang.FunctionalInterface","Interface",11,"org.axonframework.modelling.EntityIdResolver,org.axonframework.modelling.annotation.EntityIdResolverDefinition,org.axonframework.modelling.entity.child.EventTargetMatcher,org.axonframework.modelling.entity.child.CommandTargetResolver,org.axonframework.modelling.entity.annotation.CommandTargetResolverDefinition,org.axonframework.modelling.entity.annotation.AnnotatedEntityMetamodelFactory,org.axonframework.modelling.EntityEvolver,org.axonframework.modelling.entity.EntityCommandHandler,org.axonframework.modelling.configuration.EntityMetamodelConfigurationBuilder",""
"axon-modelling-5.1.2","org.jspecify.annotations.NullMarked","Interface",7,"org.axonframework.modelling.annotation.package-info,org.axonframework.modelling.package-info,org.axonframework.modelling.entity.annotation.package-info,org.axonframework.modelling.entity.package-info,org.axonframework.modelling.entity.child.package-info,org.axonframework.modelling.configuration.package-info,org.axonframework.modelling.repository.package-info",""
"axon-modelling-5.1.2","java.lang.annotation.Retention","Annotation",3,"org.axonframework.modelling.annotation.TargetEntityId,org.axonframework.modelling.annotation.InjectEntity,org.axonframework.modelling.entity.annotation.EntityMember",""
"axon-modelling-5.1.2","java.lang.annotation.Target","Annotation",3,"org.axonframework.modelling.annotation.TargetEntityId,org.axonframework.modelling.annotation.InjectEntity,org.axonframework.modelling.entity.annotation.EntityMember",""
"axon-modelling-5.1.2","org.axonframework.common.annotation.Internal","Class",3,"org.axonframework.modelling.entity.annotation.AbstractEntityChildModelDefinition,org.axonframework.modelling.entity.annotation.RoutingKeyUtils,org.axonframework.modelling.entity.annotation.AnnotatedEntityModelRoutingKeyMatcher",""
"axon-modelling-5.1.2","java.lang.annotation.Documented","Annotation",1,"org.axonframework.modelling.entity.annotation.EntityMember",""
"axon-modelling-5.1.2","org.axonframework.common.annotation.Internal","Interface",1,"org.axonframework.modelling.entity.annotation.AnnotatedEntityMetamodelFactory",""
"axon-modelling-5.1.2","org.axonframework.common.annotation.Internal","Field",1,"org.axonframework.modelling.entity.EntityMetamodel.CREATE_WITHOUT_LOAD",""
"axon-server-connector-5.1.2","org.axonframework.common.annotation.Internal","Class",12,"io.axoniq.framework.axonserver.connector.shared.MetadataConverter,io.axoniq.framework.axonserver.connector.query.AbstractQueryResponseMessageStream,io.axoniq.framework.axonserver.connector.query.QueryConverter,io.axoniq.framework.axonserver.connector.query.QueryResponseMessageStream,io.axoniq.framework.axonserver.connector.query.FlowControlledResponseSender,io.axoniq.framework.axonserver.connector.event.TaggedEventConverter,io.axoniq.framework.axonserver.connector.event.SourcingEventMessageStream,io.axoniq.framework.axonserver.connector.event.ConditionConverter,io.axoniq.framework.axonserver.connector.event.EventProcessorControlService",""
"axon-server-connector-5.1.2","org.jspecify.annotations.NullMarked","Interface",10,"io.axoniq.framework.axonserver.connector.shared.package-info,io.axoniq.framework.axonserver.connector.snapshot.package-info,io.axoniq.framework.axonserver.connector.util.package-info,io.axoniq.framework.axonserver.connector.query.package-info,io.axoniq.framework.axonserver.connector.api.package-info,io.axoniq.framework.axonserver.connector.api.query.package-info,io.axoniq.framework.axonserver.connector.api.command.package-info,io.axoniq.framework.axonserver.connector.event.package-info,io.axoniq.framework.axonserver.connector.configuration.package-info",""
"axon-server-connector-5.1.2","java.lang.Deprecated","Method",2,"io.axoniq.framework.axonserver.connector.api.AxonServerConfiguration.getQueryResponseThreads,io.axoniq.framework.axonserver.connector.api.AxonServerConfiguration.setQueryResponseThreads",""
"axon-server-connector-5.1.2","java.lang.FunctionalInterface","Interface",2,"io.axoniq.framework.axonserver.connector.configuration.ManagedChannelCustomizer,io.axoniq.framework.axonserver.connector.configuration.TopologyChangeListener",""
"axon-server-connector-5.1.2","org.springframework.boot.context.properties.ConfigurationProperties","Class",1,"io.axoniq.framework.axonserver.connector.api.AxonServerConfiguration",""
"axon-server-connector-5.1.2","java.lang.Deprecated","Field",1,"io.axoniq.framework.axonserver.connector.api.AxonServerConfiguration.queryResponseThreads",""
"axon-test-5.1.2","org.axonframework.common.annotation.Internal","Class",8,"org.axonframework.test.fixture.RecordingComponentsRegistry,org.axonframework.test.fixture.RecordingCommandBus,org.axonframework.test.fixture.RecordingEventSink,org.axonframework.test.fixture.MessagesRecordingConfigurationEnhancer,org.axonframework.test.fixture.RecordingEventBus,org.axonframework.test.fixture.RecordingEventStore,org.axonframework.test.extension.ProvidedAxonTestFixtureUtils,org.axonframework.test.util.RecordingCommandBus",""
"axon-test-5.1.2","org.jspecify.annotations.NullMarked","Interface",5,"org.axonframework.test.fixture.package-info,org.axonframework.test.extension.package-info,org.axonframework.test.package-info,org.axonframework.test.util.package-info,org.axonframework.test.matchers.package-info",""
"axon-test-5.1.2","java.lang.SafeVarargs","Constructor",5,"org.axonframework.test.matchers.SequenceMatcher.<init>,org.axonframework.test.matchers.ListMatcher.<init>,org.axonframework.test.matchers.ExactSequenceMatcher.<init>,org.axonframework.test.matchers.ListWithAllOfMatcher.<init>,org.axonframework.test.matchers.ListWithAnyOfMatcher.<init>",""
"axon-test-5.1.2","java.lang.SafeVarargs","Method",4,"org.axonframework.test.matchers.Matchers.listWithAllOf,org.axonframework.test.matchers.Matchers.listWithAnyOf,org.axonframework.test.matchers.Matchers.sequenceOf,org.axonframework.test.matchers.Matchers.exactSequenceOf",""
"axon-test-5.1.2","java.lang.Deprecated","Method",2,"org.axonframework.test.fixture.AxonTestThenCommand.resultMessagePayloadSatisfies,org.axonframework.test.fixture.AxonTestPhase$Then$Command.resultMessagePayloadSatisfies",""
"axon-test-5.1.2","java.lang.FunctionalInterface","Interface",2,"org.axonframework.test.matchers.FieldFilter,org.axonframework.test.extension.AxonTestFixtureProvider",""
"axon-test-5.1.2","java.lang.annotation.Retention","Annotation",1,"org.axonframework.test.extension.ProvidedAxonTestFixture",""
"axon-test-5.1.2","java.lang.annotation.Target","Annotation",1,"org.axonframework.test.extension.ProvidedAxonTestFixture",""
"axon-test-5.1.2","org.axonframework.common.Priority","Class",1,"org.axonframework.test.FixtureResourceParameterResolverFactory",""
"axon-tracing-opentelemetry-5.1.2","org.jspecify.annotations.NullMarked","Interface",1,"org.axonframework.extension.tracing.opentelemetry.package-info",""
"axon-update-5.1.2","org.axonframework.common.annotation.Internal","Class",13,"org.axonframework.update.UpdateChecker,org.axonframework.update.detection.MachineId,org.axonframework.update.common.DelayedTask,org.axonframework.update.detection.KotlinVersion,org.axonframework.update.detection.AxonVersionDetector,org.axonframework.update.detection.TestEnvironmentDetector,org.axonframework.update.UpdateCheckerConfigurationEnhancer,org.axonframework.update.UpdateCheckerHttpClient,org.axonframework.update.configuration.CommandLineUsagePropertyProvider",""
"axon-update-5.1.2","org.axonframework.common.annotation.Internal","Type",5,"org.axonframework.update.api.DetectedVulnerability,org.axonframework.update.api.UpdateCheckResponse,org.axonframework.update.api.UpdateCheckRequest,org.axonframework.update.api.ArtifactAvailableUpgrade,org.axonframework.update.api.Artifact",""
"axon-update-5.1.2","org.jspecify.annotations.NullMarked","Interface",5,"org.axonframework.update.api.package-info,org.axonframework.update.detection.package-info,org.axonframework.update.common.package-info,org.axonframework.update.package-info,org.axonframework.update.configuration.package-info",""
"axon-update-5.1.2","org.axonframework.common.annotation.Internal","Enum",1,"org.axonframework.update.api.DetectedVulnerabilitySeverity",""
"axon-update-5.1.2","org.axonframework.common.annotation.RegistrationScope","Class",1,"org.axonframework.update.UpdateCheckerConfigurationEnhancer",""
"axon-update-5.1.2","org.axonframework.common.annotation.Internal","Interface",1,"org.axonframework.update.configuration.UsagePropertyProvider",""
"axon-update-5.1.2","java.lang.FunctionalInterface","Interface",1,"org.axonframework.update.configuration.EnvironmentVariableUsagePropertyProvider$EnvironmentVariableSupplier",""
"axoniq-spring-boot-autoconfigure-5.1.2","org.springframework.context.annotation.Bean","Method",12,"io.axoniq.framework.springboot.autoconfig.PostgresqlAutoConfiguration.disablePostgresqlConfigurationEnhancer,io.axoniq.framework.springboot.autoconfig.JpaDeadLetterQueueAutoConfiguration.jpaDeadLetterQueueFactory,io.axoniq.framework.springboot.autoconfig.AxonServerAutoConfiguration.disableAxonServerConfigurationEnhancer,io.axoniq.framework.springboot.autoconfig.DeadLetterQueueAutoConfiguration.dlqCustomization,io.axoniq.framework.springboot.autoconfig.AxonServerAutoConfiguration.axonServerConfigurationEnhancer,io.axoniq.framework.springboot.autoconfig.AxonServerAutoConfiguration.axonServerConfigurationWithConnectionDetails,io.axoniq.framework.springboot.autoconfig.AxonServerAutoConfiguration.tagsConfiguration,io.axoniq.framework.springboot.autoconfig.AxonServerAutoConfiguration.topologyChangeListenerConfigurerModule,io.axoniq.framework.springboot.autoconfig.JdbcDeadLetterQueueAutoConfiguration.deadLetterSchema",""
"axoniq-spring-boot-autoconfigure-5.1.2","org.springframework.boot.autoconfigure.AutoConfiguration","Class",6,"io.axoniq.framework.springboot.autoconfig.PostgresqlAutoConfiguration,io.axoniq.framework.springboot.autoconfig.JpaDeadLetterQueueAutoConfiguration,io.axoniq.framework.springboot.autoconfig.AxonServerAutoConfiguration,io.axoniq.framework.springboot.autoconfig.DeadLetterQueueAutoConfiguration,io.axoniq.framework.springboot.autoconfig.JdbcDeadLetterQueueAutoConfiguration,io.axoniq.framework.springboot.autoconfig.AxonServerActuatorAutoConfiguration",""
"axoniq-spring-boot-autoconfigure-5.1.2","org.springframework.boot.autoconfigure.condition.ConditionalOnProperty","Method",6,"io.axoniq.framework.springboot.autoconfig.PostgresqlAutoConfiguration.disablePostgresqlConfigurationEnhancer,io.axoniq.framework.springboot.autoconfig.AxonServerAutoConfiguration.disableAxonServerConfigurationEnhancer,io.axoniq.framework.springboot.autoconfig.AxonServerAutoConfiguration.axonServerConfigurationEnhancer,io.axoniq.framework.springboot.autoconfig.AxonServerAutoConfiguration.axonServerConfigurationWithConnectionDetails,io.axoniq.framework.springboot.autoconfig.AxonServerAutoConfiguration.tagsConfiguration,io.axoniq.framework.springboot.autoconfig.AxonServerAutoConfiguration.topologyChangeListenerConfigurerModule",""
"axoniq-spring-boot-autoconfigure-5.1.2","org.jspecify.annotations.NullMarked","Interface",5,"io.axoniq.framework.springboot.service.connection.package-info,io.axoniq.framework.springboot.actuator.package-info,io.axoniq.framework.springboot.actuator.axonserver.package-info,io.axoniq.framework.springboot.autoconfig.package-info,io.axoniq.framework.springboot.package-info",""
"axoniq-spring-boot-autoconfigure-5.1.2","org.springframework.boot.autoconfigure.condition.ConditionalOnClass","Class",5,"io.axoniq.framework.springboot.autoconfig.PostgresqlAutoConfiguration,io.axoniq.framework.springboot.autoconfig.JpaDeadLetterQueueAutoConfiguration,io.axoniq.framework.springboot.autoconfig.AxonServerAutoConfiguration,io.axoniq.framework.springboot.autoconfig.JdbcDeadLetterQueueAutoConfiguration,io.axoniq.framework.springboot.autoconfig.AxonServerActuatorAutoConfiguration",""
"axoniq-spring-boot-autoconfigure-5.1.2","org.springframework.boot.autoconfigure.condition.ConditionalOnMissingBean","Method",5,"io.axoniq.framework.springboot.autoconfig.JpaDeadLetterQueueAutoConfiguration.jpaDeadLetterQueueFactory,io.axoniq.framework.springboot.autoconfig.JdbcDeadLetterQueueAutoConfiguration.deadLetterSchema,io.axoniq.framework.springboot.autoconfig.JdbcDeadLetterQueueAutoConfiguration.jdbcDeadLetterQueueFactory,io.axoniq.framework.springboot.autoconfig.AxonServerActuatorAutoConfiguration.axonServerHealthIndicator,io.axoniq.framework.springboot.autoconfig.AxonServerActuatorAutoConfiguration.axonServerStatusAggregator",""
"axoniq-spring-boot-autoconfigure-5.1.2","org.springframework.boot.context.properties.ConfigurationProperties","Class",3,"io.axoniq.framework.springboot.TagsConfigurationProperties,io.axoniq.framework.springboot.PostgresqlProperties,io.axoniq.framework.springboot.DeadLetterQueueProcessorProperties",""
"axoniq-spring-boot-autoconfigure-5.1.2","org.springframework.boot.context.properties.EnableConfigurationProperties","Class",3,"io.axoniq.framework.springboot.autoconfig.PostgresqlAutoConfiguration,io.axoniq.framework.springboot.autoconfig.AxonServerAutoConfiguration,io.axoniq.framework.springboot.autoconfig.DeadLetterQueueAutoConfiguration",""
"axoniq-spring-boot-autoconfigure-5.1.2","org.springframework.boot.autoconfigure.condition.ConditionalOnBean","Class",3,"io.axoniq.framework.springboot.autoconfig.JpaDeadLetterQueueAutoConfiguration,io.axoniq.framework.springboot.autoconfig.DeadLetterQueueAutoConfiguration,io.axoniq.framework.springboot.autoconfig.JdbcDeadLetterQueueAutoConfiguration",""
"axoniq-spring-boot-autoconfigure-5.1.2","org.springframework.boot.autoconfigure.condition.ConditionalOnBean","Method",3,"io.axoniq.framework.springboot.autoconfig.JpaDeadLetterQueueAutoConfiguration.jpaDeadLetterQueueFactory,io.axoniq.framework.springboot.autoconfig.AxonServerAutoConfiguration.axonServerConfigurationWithConnectionDetails,io.axoniq.framework.springboot.autoconfig.JdbcDeadLetterQueueAutoConfiguration.jdbcDeadLetterQueueFactory",""
"axoniq-spring-boot-autoconfigure-5.1.2","org.axonframework.extension.springboot.util.RegisterDefaultEntities","Class",1,"io.axoniq.framework.springboot.autoconfig.JpaDeadLetterQueueAutoConfiguration",""
"axoniq-spring-boot-autoconfigure-5.1.2","org.springframework.boot.autoconfigure.AutoConfigureBefore","Class",1,"io.axoniq.framework.springboot.autoconfig.AxonServerAutoConfiguration",""
"axoniq-spring-boot-autoconfigure-5.1.2","org.springframework.lang.Nullable","Parameter",1,"io.axoniq.framework.springboot.autoconfig.AxonServerAutoConfiguration.clientName(0)",""
"axoniq-spring-boot-autoconfigure-5.1.2","org.springframework.boot.autoconfigure.condition.ConditionalOnProperty","Class",1,"io.axoniq.framework.springboot.autoconfig.AxonServerActuatorAutoConfiguration",""
