"artifactName","fullQualifiedName","name","distance","abstractness","instability","elementsCount","Source Cypher File: Metrics/Calculate_distance_between_abstractness_and_instability_for_Typescript.cypher"
"react-router","/home/runner/work/code-graph-analysis-examples/code-graph-analysis-examples/temp/react-router-7.13.2/source/react-router-7.13.2/packages/react-router/lib/errors.ts","./lib/errors.ts",1,0,0,4,""
"react-router","/home/runner/work/code-graph-analysis-examples/code-graph-analysis-examples/temp/react-router-7.13.2/source/react-router-7.13.2/packages/react-router/lib/dom/ssr/invariant.ts","./lib/dom/ssr/invariant.ts",1,0,0,3,""
"react-router","/home/runner/work/code-graph-analysis-examples/code-graph-analysis-examples/temp/react-router-7.13.2/source/react-router-7.13.2/packages/react-router/lib/server-runtime/invariant.ts","./lib/server-runtime/invariant.ts",1,0,0,3,""
"react-router-dev","/home/runner/work/code-graph-analysis-examples/code-graph-analysis-examples/temp/react-router-7.13.2/source/react-router-7.13.2/packages/react-router-dev/invariant.ts","./invariant.ts",1,0,0,3,""
"react-router","/home/runner/work/code-graph-analysis-examples/code-graph-analysis-examples/temp/react-router-7.13.2/source/react-router-7.13.2/packages/react-router/lib/rsc/route-modules.ts","./lib/rsc/route-modules.ts",1,0,0,2,""
"react-router","/home/runner/work/code-graph-analysis-examples/code-graph-analysis-examples/temp/react-router-7.13.2/source/react-router-7.13.2/packages/react-router/lib/server-runtime/crypto.ts","./lib/server-runtime/crypto.ts",1,0,0,2,""
"react-router","/home/runner/work/code-graph-analysis-examples/code-graph-analysis-examples/temp/react-router-7.13.2/source/react-router-7.13.2/packages/react-router/lib/server-runtime/mode.ts","./lib/server-runtime/mode.ts",1,0,0,2,""
"react-router","/home/runner/work/code-graph-analysis-examples/code-graph-analysis-examples/temp/react-router-7.13.2/source/react-router-7.13.2/packages/react-router/vendor/turbo-stream-v2/turbo-stream.ts","./vendor/turbo-stream-v2/turbo-stream.ts",1,0,0,2,""
"react-router-dev","/home/runner/work/code-graph-analysis-examples/code-graph-analysis-examples/temp/react-router-7.13.2/source/react-router-7.13.2/packages/react-router-dev/vite.ts","./vite.ts",1,0,0,2,""
"react-router-dev","/home/runner/work/code-graph-analysis-examples/code-graph-analysis-examples/temp/react-router-7.13.2/source/react-router-7.13.2/packages/react-router-dev/typegen/route.ts","./typegen/route.ts",1,0,0,2,""
"react-router-remix-routes-option-adapter","/home/runner/work/code-graph-analysis-examples/code-graph-analysis-examples/temp/react-router-7.13.2/source/react-router-7.13.2/packages/react-router-remix-routes-option-adapter/index.ts","./index.ts",1,0,0,1,""
"react-router-architect","/home/runner/work/code-graph-analysis-examples/code-graph-analysis-examples/temp/react-router-7.13.2/source/react-router-7.13.2/packages/react-router-architect/binaryTypes.ts","./binaryTypes.ts",1,0,0,1,""
"react-router","/home/runner/work/code-graph-analysis-examples/code-graph-analysis-examples/temp/react-router-7.13.2/source/react-router-7.13.2/packages/react-router/lib/actions.ts","./lib/actions.ts",1,0,0,1,""
"react-router","/home/runner/work/code-graph-analysis-examples/code-graph-analysis-examples/temp/react-router-7.13.2/source/react-router-7.13.2/packages/react-router/lib/href.ts","./lib/href.ts",1,0,0,1,""
"react-router","/home/runner/work/code-graph-analysis-examples/code-graph-analysis-examples/temp/react-router-7.13.2/source/react-router-7.13.2/packages/react-router/lib/dom/ssr/data.ts","./lib/dom/ssr/data.ts",1,0,0,1,""
"react-router","/home/runner/work/code-graph-analysis-examples/code-graph-analysis-examples/temp/react-router-7.13.2/source/react-router-7.13.2/packages/react-router/lib/dom/ssr/errors.ts","./lib/dom/ssr/errors.ts",1,0,0,1,""
"react-router","/home/runner/work/code-graph-analysis-examples/code-graph-analysis-examples/temp/react-router-7.13.2/source/react-router-7.13.2/packages/react-router/lib/dom/ssr/markup.ts","./lib/dom/ssr/markup.ts",1,0,0,1,""
"react-router","/home/runner/work/code-graph-analysis-examples/code-graph-analysis-examples/temp/react-router-7.13.2/source/react-router-7.13.2/packages/react-router/lib/rsc/html-stream/browser.ts","./lib/rsc/html-stream/browser.ts",1,0,0,1,""
"react-router","/home/runner/work/code-graph-analysis-examples/code-graph-analysis-examples/temp/react-router-7.13.2/source/react-router-7.13.2/packages/react-router/lib/rsc/html-stream/server.ts","./lib/rsc/html-stream/server.ts",1,0,0,1,""
"react-router","/home/runner/work/code-graph-analysis-examples/code-graph-analysis-examples/temp/react-router-7.13.2/source/react-router-7.13.2/packages/react-router/lib/server-runtime/entry.ts","./lib/server-runtime/entry.ts",1,0,0,1,""
"react-router","/home/runner/work/code-graph-analysis-examples/code-graph-analysis-examples/temp/react-router-7.13.2/source/react-router-7.13.2/packages/react-router/lib/server-runtime/urls.ts","./lib/server-runtime/urls.ts",1,0,0,1,""
"react-router","/home/runner/work/code-graph-analysis-examples/code-graph-analysis-examples/temp/react-router-7.13.2/source/react-router-7.13.2/packages/react-router/lib/server-runtime/warnings.ts","./lib/server-runtime/warnings.ts",1,0,0,1,""
"react-router","/home/runner/work/code-graph-analysis-examples/code-graph-analysis-examples/temp/react-router-7.13.2/source/react-router-7.13.2/packages/react-router/vendor/turbo-stream-v2/flatten.ts","./vendor/turbo-stream-v2/flatten.ts",1,0,0,1,""
"react-router","/home/runner/work/code-graph-analysis-examples/code-graph-analysis-examples/temp/react-router-7.13.2/source/react-router-7.13.2/packages/react-router/vendor/turbo-stream-v2/unflatten.ts","./vendor/turbo-stream-v2/unflatten.ts",1,0,0,1,""
"react-router-dev","/home/runner/work/code-graph-analysis-examples/code-graph-analysis-examples/temp/react-router-7.13.2/source/react-router-7.13.2/packages/react-router-dev/typegen/params.ts","./typegen/params.ts",1,0,0,1,""
"react-router-dev","/home/runner/work/code-graph-analysis-examples/code-graph-analysis-examples/temp/react-router-7.13.2/source/react-router-7.13.2/packages/react-router-dev/vite/cloudflare.ts","./vite/cloudflare.ts",1,0,0,1,""
"react-router-dev","/home/runner/work/code-graph-analysis-examples/code-graph-analysis-examples/temp/react-router-7.13.2/source/react-router-7.13.2/packages/react-router-dev/vite/combine-urls.ts","./vite/combine-urls.ts",1,0,0,1,""
"react-router-dev","/home/runner/work/code-graph-analysis-examples/code-graph-analysis-examples/temp/react-router-7.13.2/source/react-router-7.13.2/packages/react-router-dev/vite/ssr-externals.ts","./vite/ssr-externals.ts",1,0,0,1,""
"react-router-dev","/home/runner/work/code-graph-analysis-examples/code-graph-analysis-examples/temp/react-router-7.13.2/source/react-router-7.13.2/packages/react-router-dev/vite/virtual-module.ts","./vite/virtual-module.ts",1,0,0,1,""
"create-react-router","/home/runner/work/code-graph-analysis-examples/code-graph-analysis-examples/temp/react-router-7.13.2/source/react-router-7.13.2/packages/create-react-router/tsup.config.ts","./tsup.config.ts",1,0,0,0,""
"create-react-router","/home/runner/work/code-graph-analysis-examples/code-graph-analysis-examples/temp/react-router-7.13.2/source/react-router-7.13.2/packages/create-react-router/package.json","./package.json",1,0,0,0,""
"react-router-remix-routes-option-adapter","/home/runner/work/code-graph-analysis-examples/code-graph-analysis-examples/temp/react-router-7.13.2/source/react-router-7.13.2/packages/react-router-remix-routes-option-adapter/tsup.config.ts","./tsup.config.ts",1,0,0,0,""
"react-router-dom","/home/runner/work/code-graph-analysis-examples/code-graph-analysis-examples/temp/react-router-7.13.2/source/react-router-7.13.2/packages/react-router-dom/index.ts","./index.ts",1,0,0,0,""
"react-router-serve","/home/runner/work/code-graph-analysis-examples/code-graph-analysis-examples/temp/react-router-7.13.2/source/react-router-7.13.2/packages/react-router-serve/tsup.config.ts","./tsup.config.ts",1,0,0,0,""
"react-router-architect","/home/runner/work/code-graph-analysis-examples/code-graph-analysis-examples/temp/react-router-7.13.2/source/react-router-7.13.2/packages/react-router-architect/tsup.config.ts","./tsup.config.ts",1,0,0,0,""
"react-router-architect","/home/runner/work/code-graph-analysis-examples/code-graph-analysis-examples/temp/react-router-7.13.2/source/react-router-7.13.2/packages/react-router-architect/__tests__/binaryTypes-test.ts","./__tests__/binaryTypes-test.ts",1,0,0,0,""
"react-router-dev","/home/runner/work/code-graph-analysis-examples/code-graph-analysis-examples/temp/react-router-7.13.2/source/react-router-7.13.2/packages/react-router-dev/rsc-types.d.ts","./rsc-types.d.ts",1,0,0,0,""
"react-router-dev","/home/runner/work/code-graph-analysis-examples/code-graph-analysis-examples/temp/react-router-7.13.2/source/react-router-7.13.2/packages/react-router-dev/tsup.config.ts","./tsup.config.ts",1,0,0,0,""
"react-router-dev","/home/runner/work/code-graph-analysis-examples/code-graph-analysis-examples/temp/react-router-7.13.2/source/react-router-7.13.2/packages/react-router-dev/cli/index.ts","./cli/index.ts",1,0,0,0,""
"react-router-dev","/home/runner/work/code-graph-analysis-examples/code-graph-analysis-examples/temp/react-router-7.13.2/source/react-router-7.13.2/packages/react-router-dev/package.json","./package.json",1,0,0,0,""
"react-router-node","/home/runner/work/code-graph-analysis-examples/code-graph-analysis-examples/temp/react-router-7.13.2/source/react-router-7.13.2/packages/react-router-node/tsup.config.ts","./tsup.config.ts",1,0,0,0,""
"react-router-fs-routes","/home/runner/work/code-graph-analysis-examples/code-graph-analysis-examples/temp/react-router-7.13.2/source/react-router-7.13.2/packages/react-router-fs-routes/tsup.config.ts","./tsup.config.ts",1,0,0,0,""
"react-router-express","/home/runner/work/code-graph-analysis-examples/code-graph-analysis-examples/temp/react-router-7.13.2/source/react-router-7.13.2/packages/react-router-express/tsup.config.ts","./tsup.config.ts",1,0,0,0,""
"react-router-cloudflare","/home/runner/work/code-graph-analysis-examples/code-graph-analysis-examples/temp/react-router-7.13.2/source/react-router-7.13.2/packages/react-router-cloudflare/tsup.config.ts","./tsup.config.ts",1,0,0,0,""
"react-router-dev","/home/runner/work/code-graph-analysis-examples/code-graph-analysis-examples/temp/react-router-7.13.2/source/react-router-7.13.2/packages/react-router-dev/vite/babel.ts","./vite/babel.ts",0.8888888888888888,0,0.1111111111111111,2,""
"react-router-node","/home/runner/work/code-graph-analysis-examples/code-graph-analysis-examples/temp/react-router-7.13.2/source/react-router-7.13.2/packages/react-router-node/index.ts","./index.ts",0.8571428571428572,0.14285714285714285,0,7,""
"react-router","/home/runner/work/code-graph-analysis-examples/code-graph-analysis-examples/temp/react-router-7.13.2/source/react-router-7.13.2/packages/react-router/vendor/turbo-stream-v2/utils.ts","./vendor/turbo-stream-v2/utils.ts",0.8333333333333334,0.16666666666666666,0,24,""
"react-router","/home/runner/work/code-graph-analysis-examples/code-graph-analysis-examples/temp/react-router-7.13.2/source/react-router-7.13.2/packages/react-router/lib/server-runtime/errors.ts","./lib/server-runtime/errors.ts",0.8,0.2,0,5,""
"react-router-dev","/home/runner/work/code-graph-analysis-examples/code-graph-analysis-examples/temp/react-router-7.13.2/source/react-router-7.13.2/packages/react-router-dev/routes.ts","./routes.ts",0.75,0.25,0,8,""
"react-router-dev","/home/runner/work/code-graph-analysis-examples/code-graph-analysis-examples/temp/react-router-7.13.2/source/react-router-7.13.2/packages/react-router-dev/config/format.ts","./config/format.ts",0.75,0.25,0,4,""
"react-router","/home/runner/work/code-graph-analysis-examples/code-graph-analysis-examples/temp/react-router-7.13.2/source/react-router-7.13.2/packages/react-router/lib/server-runtime/headers.ts","./lib/server-runtime/headers.ts",0.75,0,0.25,2,""
"react-router-dev","/home/runner/work/code-graph-analysis-examples/code-graph-analysis-examples/temp/react-router-7.13.2/source/react-router-7.13.2/packages/react-router-dev/vite/vite.ts","./vite/vite.ts",0.75,0,0.25,2,""
"react-router-dev","/home/runner/work/code-graph-analysis-examples/code-graph-analysis-examples/temp/react-router-7.13.2/source/react-router-7.13.2/packages/react-router-dev/vite/plugins/prerender.ts","./vite/plugins/prerender.ts",0.7222222222222223,0.8333333333333334,0.8888888888888888,6,""
"react-router","/home/runner/work/code-graph-analysis-examples/code-graph-analysis-examples/temp/react-router-7.13.2/source/react-router-7.13.2/packages/react-router/index-react-server-client.ts","./index-react-server-client.ts",0.6923076923076923,0,0.3076923076923077,5,""
"react-router","/home/runner/work/code-graph-analysis-examples/code-graph-analysis-examples/temp/react-router-7.13.2/source/react-router-7.13.2/packages/react-router/lib/server-runtime/dev.ts","./lib/server-runtime/dev.ts",0.6666666666666667,0,0.3333333333333333,3,""
"react-router","/home/runner/work/code-graph-analysis-examples/code-graph-analysis-examples/temp/react-router-7.13.2/source/react-router-7.13.2/packages/react-router/lib/server-runtime/sessions/memoryStorage.ts","./lib/server-runtime/sessions/memoryStorage.ts",0.6666666666666667,0,0.3333333333333333,1,""
"react-router-dev","/home/runner/work/code-graph-analysis-examples/code-graph-analysis-examples/temp/react-router-7.13.2/source/react-router-7.13.2/packages/react-router-dev/vite/has-dependency.ts","./vite/has-dependency.ts",0.6666666666666667,0,0.3333333333333333,1,""
"react-router","/home/runner/work/code-graph-analysis-examples/code-graph-analysis-examples/temp/react-router-7.13.2/source/react-router-7.13.2/packages/react-router/lib/dom/dom.ts","./lib/dom/dom.ts",0.6428571428571428,0.35714285714285715,0,14,""
"create-react-router","/home/runner/work/code-graph-analysis-examples/code-graph-analysis-examples/temp/react-router-7.13.2/source/react-router-7.13.2/packages/create-react-router/utils.ts","./utils.ts",0.5625,0,0.4375,28,""
"react-router-cloudflare","/home/runner/work/code-graph-analysis-examples/code-graph-analysis-examples/temp/react-router-7.13.2/source/react-router-7.13.2/packages/react-router-cloudflare/index.ts","./index.ts",0.5,0.5,0,6,""
"react-router-architect","/home/runner/work/code-graph-analysis-examples/code-graph-analysis-examples/temp/react-router-7.13.2/source/react-router-7.13.2/packages/react-router-architect/index.ts","./index.ts",0.5,0.5,0,4,""
"create-react-router","/home/runner/work/code-graph-analysis-examples/code-graph-analysis-examples/temp/react-router-7.13.2/source/react-router-7.13.2/packages/create-react-router/prompts-confirm.ts","./prompts-confirm.ts",0.5,0.6666666666666666,0.8333333333333334,3,""
"create-react-router","/home/runner/work/code-graph-analysis-examples/code-graph-analysis-examples/temp/react-router-7.13.2/source/react-router-7.13.2/packages/create-react-router/index.ts","./index.ts",0.5,0.5,1,2,""
"react-router","/home/runner/work/code-graph-analysis-examples/code-graph-analysis-examples/temp/react-router-7.13.2/source/react-router-7.13.2/packages/react-router/lib/server-runtime/data.ts","./lib/server-runtime/data.ts",0.5,0.5,0,2,""
"react-router","/home/runner/work/code-graph-analysis-examples/code-graph-analysis-examples/temp/react-router-7.13.2/source/react-router-7.13.2/packages/react-router/lib/server-runtime/routeMatching.ts","./lib/server-runtime/routeMatching.ts",0.5,0.5,0,2,""
"react-router","/home/runner/work/code-graph-analysis-examples/code-graph-analysis-examples/temp/react-router-7.13.2/source/react-router-7.13.2/packages/react-router/lib/server-runtime/serverHandoff.ts","./lib/server-runtime/serverHandoff.ts",0.5,0.5,0,2,""
"react-router-dev","/home/runner/work/code-graph-analysis-examples/code-graph-analysis-examples/temp/react-router-7.13.2/source/react-router-7.13.2/packages/react-router-dev/typegen/context.ts","./typegen/context.ts",0.5,0.5,0,2,""
"react-router-dev","/home/runner/work/code-graph-analysis-examples/code-graph-analysis-examples/temp/react-router-7.13.2/source/react-router-7.13.2/packages/react-router-dev/vite/cache.ts","./vite/cache.ts",0.5,0.5,0,2,""
"react-router","/home/runner/work/code-graph-analysis-examples/code-graph-analysis-examples/temp/react-router-7.13.2/source/react-router-7.13.2/packages/react-router/lib/server-runtime/sessions/cookieStorage.ts","./lib/server-runtime/sessions/cookieStorage.ts",0.5,0,0.5,1,""
"react-router-dev","/home/runner/work/code-graph-analysis-examples/code-graph-analysis-examples/temp/react-router-7.13.2/source/react-router-7.13.2/packages/react-router-dev/cli/detectPackageManager.ts","./cli/detectPackageManager.ts",0.5,0,0.5,1,""
"react-router","/home/runner/work/code-graph-analysis-examples/code-graph-analysis-examples/temp/react-router-7.13.2/source/react-router-7.13.2/packages/react-router/index-react-server.ts","./index-react-server.ts",0.4905172413793104,0.475,0.034482758620689655,40,""
"react-router","/home/runner/work/code-graph-analysis-examples/code-graph-analysis-examples/temp/react-router-7.13.2/source/react-router-7.13.2/packages/react-router/lib/router/history.ts","./lib/router/history.ts",0.4444444444444444,0.5555555555555556,0,27,""
"react-router","/home/runner/work/code-graph-analysis-examples/code-graph-analysis-examples/temp/react-router-7.13.2/source/react-router-7.13.2/packages/react-router/lib/server-runtime/single-fetch.ts","./lib/server-runtime/single-fetch.ts",0.4305555555555556,0.125,0.4444444444444444,8,""
"react-router-dev","/home/runner/work/code-graph-analysis-examples/code-graph-analysis-examples/temp/react-router-7.13.2/source/react-router-7.13.2/packages/react-router-dev/vite/dev.ts","./vite/dev.ts",0.4166666666666665,0.5,0.9166666666666666,2,""
"react-router","/home/runner/work/code-graph-analysis-examples/code-graph-analysis-examples/temp/react-router-7.13.2/source/react-router-7.13.2/packages/react-router/lib/server-runtime/sessions.ts","./lib/server-runtime/sessions.ts",0.4055944055944056,0.6363636363636364,0.7692307692307693,11,""
"react-router-dev","/home/runner/work/code-graph-analysis-examples/code-graph-analysis-examples/temp/react-router-7.13.2/source/react-router-7.13.2/packages/react-router-dev/vite/rsc/virtual-route-modules.ts","./vite/rsc/virtual-route-modules.ts",0.4,0,0.6,4,""
"react-router-dev","/home/runner/work/code-graph-analysis-examples/code-graph-analysis-examples/temp/react-router-7.13.2/source/react-router-7.13.2/packages/react-router-dev/vite/has-rsc-plugin.ts","./vite/has-rsc-plugin.ts",0.4,0,0.6,1,""
"react-router-dev","/home/runner/work/code-graph-analysis-examples/code-graph-analysis-examples/temp/react-router-7.13.2/source/react-router-7.13.2/packages/react-router-dev/vite/optimize-deps-entries.ts","./vite/optimize-deps-entries.ts",0.4,0,0.6,1,""
"react-router-dev","/home/runner/work/code-graph-analysis-examples/code-graph-analysis-examples/temp/react-router-7.13.2/source/react-router-7.13.2/packages/react-router-dev/vite/resolve-relative-route-file-path.ts","./vite/resolve-relative-route-file-path.ts",0.4,0,0.6,1,""
"react-router-dev","/home/runner/work/code-graph-analysis-examples/code-graph-analysis-examples/temp/react-router-7.13.2/source/react-router-7.13.2/packages/react-router-dev/vite/plugins/validate-plugin-order.ts","./vite/plugins/validate-plugin-order.ts",0.4,0,0.6,1,""
"react-router-fs-routes","/home/runner/work/code-graph-analysis-examples/code-graph-analysis-examples/temp/react-router-7.13.2/source/react-router-7.13.2/packages/react-router-fs-routes/normalizeSlashes.ts","./normalizeSlashes.ts",0.4,0,0.6,1,""
"create-react-router","/home/runner/work/code-graph-analysis-examples/code-graph-analysis-examples/temp/react-router-7.13.2/source/react-router-7.13.2/packages/create-react-router/prompts-text.ts","./prompts-text.ts",0.38888888888888884,0.5,0.8888888888888888,2,""
"react-router-dev","/home/runner/work/code-graph-analysis-examples/code-graph-analysis-examples/temp/react-router-7.13.2/source/react-router-7.13.2/packages/react-router-dev/vite/build.ts","./vite/build.ts",0.38888888888888884,0.5,0.8888888888888888,2,""
"react-router-cloudflare","/home/runner/work/code-graph-analysis-examples/code-graph-analysis-examples/temp/react-router-7.13.2/source/react-router-7.13.2/packages/react-router-cloudflare/worker.ts","./worker.ts",0.3826086956521739,0.6,0.782608695652174,5,""
"react-router","/home/runner/work/code-graph-analysis-examples/code-graph-analysis-examples/temp/react-router-7.13.2/source/react-router-7.13.2/packages/react-router/lib/router/utils.ts","./lib/router/utils.ts",0.37849490462503266,0.6046511627906976,0.016853932584269662,86,""
"react-router","/home/runner/work/code-graph-analysis-examples/code-graph-analysis-examples/temp/react-router-7.13.2/source/react-router-7.13.2/packages/react-router/lib/dom/ssr/fog-of-war.ts","./lib/dom/ssr/fog-of-war.ts",0.375,0,0.625,6,""
"react-router-dev","/home/runner/work/code-graph-analysis-examples/code-graph-analysis-examples/temp/react-router-7.13.2/source/react-router-7.13.2/packages/react-router-dev/vite/vite-node.ts","./vite/vite-node.ts",0.3666666666666667,0.5,0.8666666666666667,2,""
"react-router","/home/runner/work/code-graph-analysis-examples/code-graph-analysis-examples/temp/react-router-7.13.2/source/react-router-7.13.2/packages/react-router/lib/router/router.ts","./lib/router/router.ts",0.3638344226579521,0.6176470588235294,0.018518518518518517,34,""
"react-router-dev","/home/runner/work/code-graph-analysis-examples/code-graph-analysis-examples/temp/react-router-7.13.2/source/react-router-7.13.2/packages/react-router-dev/vite/profiler.ts","./vite/profiler.ts",0.3571428571428571,0,0.6428571428571429,3,""
"create-react-router","/home/runner/work/code-graph-analysis-examples/code-graph-analysis-examples/temp/react-router-7.13.2/source/react-router-7.13.2/packages/create-react-router/prompts-multi-select.ts","./prompts-multi-select.ts",0.3333333333333335,0.5,0.8333333333333334,2,""
"react-router","/home/runner/work/code-graph-analysis-examples/code-graph-analysis-examples/temp/react-router-7.13.2/source/react-router-7.13.2/packages/react-router/lib/router/instrumentation.ts","./lib/router/instrumentation.ts",0.33333333333333337,0.6666666666666666,0,9,""
"react-router-remix-routes-option-adapter","/home/runner/work/code-graph-analysis-examples/code-graph-analysis-examples/temp/react-router-7.13.2/source/react-router-7.13.2/packages/react-router-remix-routes-option-adapter/defineRoutes.ts","./defineRoutes.ts",0.33333333333333337,0.6666666666666666,0,3,""
"react-router-remix-routes-option-adapter","/home/runner/work/code-graph-analysis-examples/code-graph-analysis-examples/temp/react-router-7.13.2/source/react-router-7.13.2/packages/react-router-remix-routes-option-adapter/manifest.ts","./manifest.ts",0.33333333333333337,0.6666666666666666,0,3,""
"react-router","/home/runner/work/code-graph-analysis-examples/code-graph-analysis-examples/temp/react-router-7.13.2/source/react-router-7.13.2/packages/react-router/lib/server-runtime/server.ts","./lib/server-runtime/server.ts",0.33333333333333337,0.6666666666666666,0,3,""
"react-router-fs-routes","/home/runner/work/code-graph-analysis-examples/code-graph-analysis-examples/temp/react-router-7.13.2/source/react-router-7.13.2/packages/react-router-fs-routes/manifest.ts","./manifest.ts",0.33333333333333337,0.6666666666666666,0,3,""
"react-router-express","/home/runner/work/code-graph-analysis-examples/code-graph-analysis-examples/temp/react-router-7.13.2/source/react-router-7.13.2/packages/react-router-express/index.ts","./index.ts",0.33333333333333337,0.6666666666666666,0,3,""
"create-react-router","/home/runner/work/code-graph-analysis-examples/code-graph-analysis-examples/temp/react-router-7.13.2/source/react-router-7.13.2/packages/create-react-router/prompt.ts","./prompt.ts",0.33333333333333337,0,0.6666666666666666,1,""
"react-router-dev","/home/runner/work/code-graph-analysis-examples/code-graph-analysis-examples/temp/react-router-7.13.2/source/react-router-7.13.2/packages/react-router-dev/vite/load-dotenv.ts","./vite/load-dotenv.ts",0.33333333333333337,0,0.6666666666666666,1,""
"create-react-router","/home/runner/work/code-graph-analysis-examples/code-graph-analysis-examples/temp/react-router-7.13.2/source/react-router-7.13.2/packages/create-react-router/prompts-select.ts","./prompts-select.ts",0.33333333333333326,0.6666666666666666,0.6666666666666666,3,""
"react-router","/home/runner/work/code-graph-analysis-examples/code-graph-analysis-examples/temp/react-router-7.13.2/source/react-router-7.13.2/packages/react-router/index.ts","./index.ts",0.31186597445995945,0.6549707602339181,0.03316326530612245,171,""
"react-router-dev","/home/runner/work/code-graph-analysis-examples/code-graph-analysis-examples/temp/react-router-7.13.2/source/react-router-7.13.2/packages/react-router-dev/config/is-react-router-repo.ts","./config/is-react-router-repo.ts",0.2857142857142857,0,0.7142857142857143,1,""
"react-router-dev","/home/runner/work/code-graph-analysis-examples/code-graph-analysis-examples/temp/react-router-7.13.2/source/react-router-7.13.2/packages/react-router-dev/vite/resolve-file-url.ts","./vite/resolve-file-url.ts",0.2857142857142857,0,0.7142857142857143,1,""
"react-router-node","/home/runner/work/code-graph-analysis-examples/code-graph-analysis-examples/temp/react-router-7.13.2/source/react-router-7.13.2/packages/react-router-node/stream.ts","./stream.ts",0.2666666666666667,0,0.7333333333333333,4,""
"react-router-dev","/home/runner/work/code-graph-analysis-examples/code-graph-analysis-examples/temp/react-router-7.13.2/source/react-router-7.13.2/packages/react-router-dev/config/config.ts","./config/config.ts",0.25274725274725274,0.5384615384615384,0.7142857142857143,13,""
"react-router-dev","/home/runner/work/code-graph-analysis-examples/code-graph-analysis-examples/temp/react-router-7.13.2/source/react-router-7.13.2/packages/react-router-dev/cli/commands.ts","./cli/commands.ts",0.25,0,0.75,5,""
"react-router-remix-routes-option-adapter","/home/runner/work/code-graph-analysis-examples/code-graph-analysis-examples/temp/react-router-7.13.2/source/react-router-7.13.2/packages/react-router-remix-routes-option-adapter/normalizeSlashes.ts","./normalizeSlashes.ts",0.25,0,0.75,1,""
"react-router-dev","/home/runner/work/code-graph-analysis-examples/code-graph-analysis-examples/temp/react-router-7.13.2/source/react-router-7.13.2/packages/react-router-dev/vite/plugin.ts","./vite/plugin.ts",0.23751387347391795,0.29411764705882354,0.9433962264150944,17,""
"react-router-dev","/home/runner/work/code-graph-analysis-examples/code-graph-analysis-examples/temp/react-router-7.13.2/source/react-router-7.13.2/packages/react-router-dev/vite/node-adapter.ts","./vite/node-adapter.ts",0.2142857142857144,0.5,0.7142857142857143,2,""
"react-router-architect","/home/runner/work/code-graph-analysis-examples/code-graph-analysis-examples/temp/react-router-7.13.2/source/react-router-7.13.2/packages/react-router-architect/server.ts","./server.ts",0.21333333333333337,0.3333333333333333,0.88,6,""
"react-router","/home/runner/work/code-graph-analysis-examples/code-graph-analysis-examples/temp/react-router-7.13.2/source/react-router-7.13.2/packages/react-router/lib/context.ts","./lib/context.ts",0.20802005012531333,0.3157894736842105,0.47619047619047616,19,""
"react-router-dev","/home/runner/work/code-graph-analysis-examples/code-graph-analysis-examples/temp/react-router-7.13.2/source/react-router-7.13.2/packages/react-router-dev/config/routes.ts","./config/routes.ts",0.20503144654088046,0.26666666666666666,0.5283018867924528,15,""
"react-router-dev","/home/runner/work/code-graph-analysis-examples/code-graph-analysis-examples/temp/react-router-7.13.2/source/react-router-7.13.2/packages/react-router-dev/vite/rsc/virtual-route-config.ts","./vite/rsc/virtual-route-config.ts",0.19999999999999996,0,0.8,1,""
"react-router-express","/home/runner/work/code-graph-analysis-examples/code-graph-analysis-examples/temp/react-router-7.13.2/source/react-router-7.13.2/packages/react-router-express/server.ts","./server.ts",0.19047619047619047,0.3333333333333333,0.8571428571428571,6,""
"react-router-cloudflare","/home/runner/work/code-graph-analysis-examples/code-graph-analysis-examples/temp/react-router-7.13.2/source/react-router-7.13.2/packages/react-router-cloudflare/sessions/workersKVStorage.ts","./sessions/workersKVStorage.ts",0.16666666666666663,0,0.8333333333333334,1,""
"react-router","/home/runner/work/code-graph-analysis-examples/code-graph-analysis-examples/temp/react-router-7.13.2/source/react-router-7.13.2/packages/react-router/lib/server-runtime/cookies.ts","./lib/server-runtime/cookies.ts",0.1594202898550725,0.6666666666666666,0.17391304347826086,6,""
"react-router","/home/runner/work/code-graph-analysis-examples/code-graph-analysis-examples/temp/react-router-7.13.2/source/react-router-7.13.2/packages/react-router/dom-export.ts","./dom-export.ts",0.1428571428571429,0.8571428571428571,0,7,""
"react-router-architect","/home/runner/work/code-graph-analysis-examples/code-graph-analysis-examples/temp/react-router-7.13.2/source/react-router-7.13.2/packages/react-router-architect/sessions/arcTableSessionStorage.ts","./sessions/arcTableSessionStorage.ts",0.1428571428571429,0,0.8571428571428571,1,""
"react-router-dev","/home/runner/work/code-graph-analysis-examples/code-graph-analysis-examples/temp/react-router-7.13.2/source/react-router-7.13.2/packages/react-router-dev/cli/useJavascript.ts","./cli/useJavascript.ts",0.1428571428571429,0,0.8571428571428571,1,""
"react-router-dev","/home/runner/work/code-graph-analysis-examples/code-graph-analysis-examples/temp/react-router-7.13.2/source/react-router-7.13.2/packages/react-router-dev/vite/plugins/warn-on-client-source-maps.ts","./vite/plugins/warn-on-client-source-maps.ts",0.1428571428571429,0,0.8571428571428571,1,""
"react-router-dev","/home/runner/work/code-graph-analysis-examples/code-graph-analysis-examples/temp/react-router-7.13.2/source/react-router-7.13.2/packages/react-router-dev/vite/route-chunks.ts","./vite/route-chunks.ts",0.14150943396226423,0.16666666666666666,0.9748427672955975,12,""
"create-react-router","/home/runner/work/code-graph-analysis-examples/code-graph-analysis-examples/temp/react-router-7.13.2/source/react-router-7.13.2/packages/create-react-router/prompts-prompt-base.ts","./prompts-prompt-base.ts",0.13636363636363624,0.5,0.6363636363636364,2,""
"react-router","/home/runner/work/code-graph-analysis-examples/code-graph-analysis-examples/temp/react-router-7.13.2/source/react-router-7.13.2/packages/react-router/lib/dom/ssr/routeModules.ts","./lib/dom/ssr/routeModules.ts",0.1341991341991342,0.9523809523809523,0.18181818181818182,21,""
"react-router","/home/runner/work/code-graph-analysis-examples/code-graph-analysis-examples/temp/react-router-7.13.2/source/react-router-7.13.2/packages/react-router/lib/dom/ssr/links.ts","./lib/dom/ssr/links.ts",0.125,0.125,1,8,""
"react-router-dev","/home/runner/work/code-graph-analysis-examples/code-graph-analysis-examples/temp/react-router-7.13.2/source/react-router-7.13.2/packages/react-router-dev/vite/styles.ts","./vite/styles.ts",0.12,0,0.88,4,""
"react-router","/home/runner/work/code-graph-analysis-examples/code-graph-analysis-examples/temp/react-router-7.13.2/source/react-router-7.13.2/packages/react-router/lib/server-runtime/routes.ts","./lib/server-runtime/routes.ts",0.10000000000000009,0.5,0.6,4,""
"react-router-node","/home/runner/work/code-graph-analysis-examples/code-graph-analysis-examples/temp/react-router-7.13.2/source/react-router-7.13.2/packages/react-router-node/server.ts","./server.ts",0.10000000000000009,0.5,0.6,2,""
"react-router-node","/home/runner/work/code-graph-analysis-examples/code-graph-analysis-examples/temp/react-router-7.13.2/source/react-router-7.13.2/packages/react-router-node/sessions/fileStorage.ts","./sessions/fileStorage.ts",0.09999999999999998,0,0.9,2,""
"create-react-router","/home/runner/work/code-graph-analysis-examples/code-graph-analysis-examples/temp/react-router-7.13.2/source/react-router-7.13.2/packages/create-react-router/loading-indicator.ts","./loading-indicator.ts",0.07692307692307687,0,0.9230769230769231,1,""
"react-router","/home/runner/work/code-graph-analysis-examples/code-graph-analysis-examples/temp/react-router-7.13.2/source/react-router-7.13.2/packages/react-router/lib/rsc/server.rsc.ts","./lib/rsc/server.rsc.ts",0.065390749601276,0.6363636363636364,0.2982456140350877,22,""
"react-router-fs-routes","/home/runner/work/code-graph-analysis-examples/code-graph-analysis-examples/temp/react-router-7.13.2/source/react-router-7.13.2/packages/react-router-fs-routes/flatRoutes.ts","./flatRoutes.ts",0.0625,0,0.9375,13,""
"react-router-dev","/home/runner/work/code-graph-analysis-examples/code-graph-analysis-examples/temp/react-router-7.13.2/source/react-router-7.13.2/packages/react-router-dev/vite/cloudflare-dev-proxy.ts","./vite/cloudflare-dev-proxy.ts",0.0625,0,0.9375,1,""
"react-router-dev","/home/runner/work/code-graph-analysis-examples/code-graph-analysis-examples/temp/react-router-7.13.2/source/react-router-7.13.2/packages/react-router-dev/vite/remove-exports.ts","./vite/remove-exports.ts",0.0625,0,0.9375,1,""
"create-react-router","/home/runner/work/code-graph-analysis-examples/code-graph-analysis-examples/temp/react-router-7.13.2/source/react-router-7.13.2/packages/create-react-router/copy-template.ts","./copy-template.ts",0.05714285714285716,0,0.9428571428571428,2,""
"react-router-dev","/home/runner/work/code-graph-analysis-examples/code-graph-analysis-examples/temp/react-router-7.13.2/source/react-router-7.13.2/packages/react-router-dev/typegen/index.ts","./typegen/index.ts",0.04761904761904767,0.3333333333333333,0.7142857142857143,3,""
"react-router-dev","/home/runner/work/code-graph-analysis-examples/code-graph-analysis-examples/temp/react-router-7.13.2/source/react-router-7.13.2/packages/react-router-dev/vite/with-props.ts","./vite/with-props.ts",0.033333333333333326,0,0.9666666666666667,1,""
"react-router-dev","/home/runner/work/code-graph-analysis-examples/code-graph-analysis-examples/temp/react-router-7.13.2/source/react-router-7.13.2/packages/react-router-dev/typegen/generate.ts","./typegen/generate.ts",0.02758620689655178,0.2,0.8275862068965517,5,""
"react-router-dev","/home/runner/work/code-graph-analysis-examples/code-graph-analysis-examples/temp/react-router-7.13.2/source/react-router-7.13.2/packages/react-router-dev/vite/rsc/plugin.ts","./vite/rsc/plugin.ts",0.018181818181818188,0,0.9818181818181818,1,""
"react-router","/home/runner/work/code-graph-analysis-examples/code-graph-analysis-examples/temp/react-router-7.13.2/source/react-router-7.13.2/packages/react-router/lib/types/route-data.ts","./lib/types/route-data.ts",0,1,0,7,""
"react-router","/home/runner/work/code-graph-analysis-examples/code-graph-analysis-examples/temp/react-router-7.13.2/source/react-router-7.13.2/packages/react-router/lib/types/utils.ts","./lib/types/utils.ts",0,1,0,6,""
"react-router","/home/runner/work/code-graph-analysis-examples/code-graph-analysis-examples/temp/react-router-7.13.2/source/react-router-7.13.2/packages/react-router/lib/dom/ssr/entry.ts","./lib/dom/ssr/entry.ts",0,1,0,5,""
"react-router","/home/runner/work/code-graph-analysis-examples/code-graph-analysis-examples/temp/react-router-7.13.2/source/react-router-7.13.2/packages/react-router/lib/server-runtime/build.ts","./lib/server-runtime/build.ts",0,1,0,5,""
"react-router","/home/runner/work/code-graph-analysis-examples/code-graph-analysis-examples/temp/react-router-7.13.2/source/react-router-7.13.2/packages/react-router/lib/types/register.ts","./lib/types/register.ts",0,1,0,4,""
"react-router-dev","/home/runner/work/code-graph-analysis-examples/code-graph-analysis-examples/temp/react-router-7.13.2/source/react-router-7.13.2/packages/react-router-dev/config.ts","./config.ts",0,1,0,4,""
"react-router","/home/runner/work/code-graph-analysis-examples/code-graph-analysis-examples/temp/react-router-7.13.2/source/react-router-7.13.2/packages/react-router/lib/router/links.ts","./lib/router/links.ts",0,1,0,3,""
"react-router","/home/runner/work/code-graph-analysis-examples/code-graph-analysis-examples/temp/react-router-7.13.2/source/react-router-7.13.2/packages/react-router/lib/dom/global.ts","./lib/dom/global.ts",0,1,0,2,""
"react-router","/home/runner/work/code-graph-analysis-examples/code-graph-analysis-examples/temp/react-router-7.13.2/source/react-router-7.13.2/packages/react-router/lib/types/future.ts","./lib/types/future.ts",0,1,0,2,""
"react-router","/home/runner/work/code-graph-analysis-examples/code-graph-analysis-examples/temp/react-router-7.13.2/source/react-router-7.13.2/packages/react-router/lib/types/internal.ts","./lib/types/internal.ts",0,1,0,2,""
"react-router-dev","/home/runner/work/code-graph-analysis-examples/code-graph-analysis-examples/temp/react-router-7.13.2/source/react-router-7.13.2/packages/react-router-dev/manifest.ts","./manifest.ts",0,1,0,2,""
"react-router","/home/runner/work/code-graph-analysis-examples/code-graph-analysis-examples/temp/react-router-7.13.2/source/react-router-7.13.2/packages/react-router/lib/types/params.ts","./lib/types/params.ts",0,1,0,1,""
"react-router","/home/runner/work/code-graph-analysis-examples/code-graph-analysis-examples/temp/react-router-7.13.2/source/react-router-7.13.2/packages/react-router/lib/types/route-module-annotations.ts","./lib/types/route-module-annotations.ts",0,1,0,1,""
"react-router","/home/runner/work/code-graph-analysis-examples/code-graph-analysis-examples/temp/react-router-7.13.2/source/react-router-7.13.2/packages/react-router/lib/types/route-module.ts","./lib/types/route-module.ts",0,1,0,1,""
"react-router","/home/runner/work/code-graph-analysis-examples/code-graph-analysis-examples/temp/react-router-7.13.2/source/react-router-7.13.2/packages/react-router/lib/types/serializes-to.ts","./lib/types/serializes-to.ts",0,1,0,1,""
"react-router-dev","/home/runner/work/code-graph-analysis-examples/code-graph-analysis-examples/temp/react-router-7.13.2/source/react-router-7.13.2/packages/react-router-dev/cli/run.ts","./cli/run.ts",0,0,1,1,""
"react-router-fs-routes","/home/runner/work/code-graph-analysis-examples/code-graph-analysis-examples/temp/react-router-7.13.2/source/react-router-7.13.2/packages/react-router-fs-routes/index.ts","./index.ts",0,0,1,1,""
"create-react-router","/home/runner/work/code-graph-analysis-examples/code-graph-analysis-examples/temp/react-router-7.13.2/source/react-router-7.13.2/packages/create-react-router/cli.ts","./cli.ts",0,0,1,0,""
"react-router-serve","/home/runner/work/code-graph-analysis-examples/code-graph-analysis-examples/temp/react-router-7.13.2/source/react-router-7.13.2/packages/react-router-serve/cli.ts","./cli.ts",0,0,1,0,""
"react-router-architect","/home/runner/work/code-graph-analysis-examples/code-graph-analysis-examples/temp/react-router-7.13.2/source/react-router-7.13.2/packages/react-router-architect/__tests__/server-test.ts","./__tests__/server-test.ts",0,0,1,0,""
"react-router","/home/runner/work/code-graph-analysis-examples/code-graph-analysis-examples/temp/react-router-7.13.2/source/react-router-7.13.2/packages/react-router/tsup.config.rsc.ts","./tsup.config.rsc.ts",0,0,1,0,""
"react-router","/home/runner/work/code-graph-analysis-examples/code-graph-analysis-examples/temp/react-router-7.13.2/source/react-router-7.13.2/packages/react-router/tsup.config.ts","./tsup.config.ts",0,0,1,0,""
