"internalModuleName","leidenCommunityId","internalModuleElementsCount","numberOfExternalModules","minNumberOfInternalModules","maxNumberOfInternalModules","medNumberOfInternalModules","avgNumberOfInternalModules","stdNumberOfInternalModules","minNumberOfInternalElements","maxNumberOfInternalElements","medNumberOfInternalElements","avgNumberOfInternalElements","stdNumberOfInternalElements","minNumberOfInternalElementsPercentage","maxNumberOfInternalElementsPercentage","medNumberOfInternalElementsPercentage","avgNumberOfInternalElementsPercentage","stdNumberOfInternalElementsPercentage","top10ExternalPackageNamesByUsageDescending","internalModulesExamples","internalElementsExamples","Source Cypher File: domains/external-dependencies/queries/External_module_usage_per_internal_module_aggregated_for_Typescript.cypher"
"react-router",,179,3,2,7,3,4,2.6457513110645907,3,14,4,7,6.082762530298219,1.6759776536312847,7.821229050279329,2.2346368715083798,3.9106145251396645,3.398191357708502,"@types/react,dist,async_hooks","/home/runner/work/code-graph-analysis-examples/code-graph-analysis-examples/temp/react-router-7.16.0/source/react-router-7.16.0/packages/react-router/lib/context.ts,/home/runner/work/code-graph-analysis-examples/code-graph-analysis-examples/temp/react-router-7.16.0/source/react-router-7.16.0/packages/react-router/index-react-server-client.ts,/home/runner/work/code-graph-analysis-examples/code-graph-analysis-examples/temp/react-router-7.16.0/source/react-router-7.16.0/packages/react-router/index.ts,/home/runner/work/code-graph-analysis-examples/code-graph-analysis-examples/temp/react-router-7.16.0/source/react-router-7.16.0/packages/react-router/index-react-server.ts,/home/runner/work/code-graph-analysis-examples/code-graph-analysis-examples/temp/react-router-7.16.0/source/react-router-7.16.0/packages/react-router/lib/rsc/server.rsc.ts,/home/runner/work/code-graph-analysis-examples/code-graph-analysis-examples/temp/react-router-7.16.0/source/react-router-7.16.0/packages/react-router/lib/router/utils.ts,/home/runner/work/code-graph-analysis-examples/code-graph-analysis-examples/temp/react-router-7.16.0/source/react-router-7.16.0/packages/react-router/lib/dom/ssr/fog-of-war.ts","""/home/runner/work/code-graph-analysis-examples/code-graph-analysis-examples/temp/react-router-7.16.0/source/react-router-7.16.0/packages/react-router/lib/context.ts"".AwaitContextProvider,""/home/runner/work/code-graph-analysis-examples/code-graph-analysis-examples/temp/react-router-7.16.0/source/react-router-7.16.0/packages/react-router/lib/rsc/server.rsc.ts"".RSCRouteConfigEntry,""/home/runner/work/code-graph-analysis-examples/code-graph-analysis-examples/temp/react-router-7.16.0/source/react-router-7.16.0/packages/react-router/lib/rsc/server.rsc.ts"".RSCRouteManifest,""/home/runner/work/code-graph-analysis-examples/code-graph-analysis-examples/temp/react-router-7.16.0/source/react-router-7.16.0/packages/react-router/lib/rsc/server.rsc.ts"".Await,""/home/runner/work/code-graph-analysis-examples/code-graph-analysis-examples/temp/react-router-7.16.0/source/react-router-7.16.0/packages/react-router/lib/context.ts"".NavigationContext,""/home/runner/work/code-graph-analysis-examples/code-graph-analysis-examples/temp/react-router-7.16.0/source/react-router-7.16.0/packages/react-router/lib/router/utils.ts"".RouteObject,""/home/runner/work/code-graph-analysis-examples/code-graph-analysis-examples/temp/react-router-7.16.0/source/react-router-7.16.0/packages/react-router/lib/context.ts"".ViewTransitionContext,""/home/runner/work/code-graph-analysis-examples/code-graph-analysis-examples/temp/react-router-7.16.0/source/react-router-7.16.0/packages/react-router/lib/context.ts"".LocationContext,""/home/runner/work/code-graph-analysis-examples/code-graph-analysis-examples/temp/react-router-7.16.0/source/react-router-7.16.0/packages/react-router/lib/context.ts"".DataRouterContext",""
"vite",,6,22,2,4,2,2.3636363636363646,0.5810872031479769,1,5,1,1.4545454545454544,0.9116846116771036,16.666666666666668,83.33333333333334,16.666666666666668,24.242424242424242,15.19474352795173,"node,@types/process,http,fs,lexer,promises,picocolors,@types/module,node:fs","/home/runner/work/code-graph-analysis-examples/code-graph-analysis-examples/temp/react-router-7.16.0/source/react-router-7.16.0/packages/react-router-dev/vite/plugin.ts,/home/runner/work/code-graph-analysis-examples/code-graph-analysis-examples/temp/react-router-7.16.0/source/react-router-7.16.0/packages/react-router-dev/vite.ts,/home/runner/work/code-graph-analysis-examples/code-graph-analysis-examples/temp/react-router-7.16.0/source/react-router-7.16.0/packages/react-router-dev/vite/rsc/plugin.ts,/home/runner/work/code-graph-analysis-examples/code-graph-analysis-examples/temp/react-router-7.16.0/source/react-router-7.16.0/packages/react-router-dev/vite/vite.ts","""/home/runner/work/code-graph-analysis-examples/code-graph-analysis-examples/temp/react-router-7.16.0/source/react-router-7.16.0/packages/react-router-dev/vite/plugin.ts"".reactRouterVitePlugin,""/home/runner/work/code-graph-analysis-examples/code-graph-analysis-examples/temp/react-router-7.16.0/source/react-router-7.16.0/packages/react-router-dev/vite/rsc/plugin.ts"".reactRouterRSCVitePlugin,""/home/runner/work/code-graph-analysis-examples/code-graph-analysis-examples/temp/react-router-7.16.0/source/react-router-7.16.0/packages/react-router-dev/vite/vite.ts"".defineCompilerOptions,""/home/runner/work/code-graph-analysis-examples/code-graph-analysis-examples/temp/react-router-7.16.0/source/react-router-7.16.0/packages/react-router-dev/vite/vite.ts"".defineOptimizeDepsCompilerOptions,""/home/runner/work/code-graph-analysis-examples/code-graph-analysis-examples/temp/react-router-7.16.0/source/react-router-7.16.0/packages/react-router-dev/vite/vite.ts"".getVite",""
"context",,21,1,3,3,3,3,0,13,13,13,13,0,61.904761904761905,61.904761904761905,61.904761904761905,61.904761904761905,0,"@types/react","/home/runner/work/code-graph-analysis-examples/code-graph-analysis-examples/temp/react-router-7.16.0/source/react-router-7.16.0/packages/react-router/lib/context.ts,/home/runner/work/code-graph-analysis-examples/code-graph-analysis-examples/temp/react-router-7.16.0/source/react-router-7.16.0/packages/react-router/index-react-server-client.ts,/home/runner/work/code-graph-analysis-examples/code-graph-analysis-examples/temp/react-router-7.16.0/source/react-router-7.16.0/packages/react-router/index.ts","""/home/runner/work/code-graph-analysis-examples/code-graph-analysis-examples/temp/react-router-7.16.0/source/react-router-7.16.0/packages/react-router/lib/context.ts"".RouteErrorContext,""/home/runner/work/code-graph-analysis-examples/code-graph-analysis-examples/temp/react-router-7.16.0/source/react-router-7.16.0/packages/react-router/lib/context.ts"".AwaitContextProvider,""/home/runner/work/code-graph-analysis-examples/code-graph-analysis-examples/temp/react-router-7.16.0/source/react-router-7.16.0/packages/react-router/lib/context.ts"".NavigationContext,""/home/runner/work/code-graph-analysis-examples/code-graph-analysis-examples/temp/react-router-7.16.0/source/react-router-7.16.0/packages/react-router/lib/context.ts"".RouteContext,""/home/runner/work/code-graph-analysis-examples/code-graph-analysis-examples/temp/react-router-7.16.0/source/react-router-7.16.0/packages/react-router/lib/context.ts"".RouteContextObject,""/home/runner/work/code-graph-analysis-examples/code-graph-analysis-examples/temp/react-router-7.16.0/source/react-router-7.16.0/packages/react-router/lib/context.ts"".ViewTransitionContext,""/home/runner/work/code-graph-analysis-examples/code-graph-analysis-examples/temp/react-router-7.16.0/source/react-router-7.16.0/packages/react-router/lib/context.ts"".FetchersContext,""/home/runner/work/code-graph-analysis-examples/code-graph-analysis-examples/temp/react-router-7.16.0/source/react-router-7.16.0/packages/react-router/lib/context.ts"".DataRouterContext,""/home/runner/work/code-graph-analysis-examples/code-graph-analysis-examples/temp/react-router-7.16.0/source/react-router-7.16.0/packages/react-router/lib/context.ts"".useIsRSCRouterContext",""
"cookies",,6,1,3,3,3,3,0,3,3,3,3,0,50,50,50,50,0,"dist","/home/runner/work/code-graph-analysis-examples/code-graph-analysis-examples/temp/react-router-7.16.0/source/react-router-7.16.0/packages/react-router/index-react-server.ts,/home/runner/work/code-graph-analysis-examples/code-graph-analysis-examples/temp/react-router-7.16.0/source/react-router-7.16.0/packages/react-router/lib/server-runtime/cookies.ts,/home/runner/work/code-graph-analysis-examples/code-graph-analysis-examples/temp/react-router-7.16.0/source/react-router-7.16.0/packages/react-router/index.ts","""/home/runner/work/code-graph-analysis-examples/code-graph-analysis-examples/temp/react-router-7.16.0/source/react-router-7.16.0/packages/react-router/lib/server-runtime/cookies.ts"".createCookie,""/home/runner/work/code-graph-analysis-examples/code-graph-analysis-examples/temp/react-router-7.16.0/source/react-router-7.16.0/packages/react-router/lib/server-runtime/cookies.ts"".Cookie,""/home/runner/work/code-graph-analysis-examples/code-graph-analysis-examples/temp/react-router-7.16.0/source/react-router-7.16.0/packages/react-router/lib/server-runtime/cookies.ts"".CookieOptions",""
"plugin",,18,23,1,3,2,2.260869565217391,0.540823555863717,1,8,1,2.0000000000000004,1.7056057308448835,5.555555555555555,44.44444444444444,5.555555555555555,11.111111111111112,9.475587393582686,"promises,node,@types/process,http,fs,lexer,picocolors,@types/path,node:fs","/home/runner/work/code-graph-analysis-examples/code-graph-analysis-examples/temp/react-router-7.16.0/source/react-router-7.16.0/packages/react-router-dev/vite/plugin.ts,/home/runner/work/code-graph-analysis-examples/code-graph-analysis-examples/temp/react-router-7.16.0/source/react-router-7.16.0/packages/react-router-dev/vite.ts,/home/runner/work/code-graph-analysis-examples/code-graph-analysis-examples/temp/react-router-7.16.0/source/react-router-7.16.0/packages/react-router-dev/vite/rsc/plugin.ts","""/home/runner/work/code-graph-analysis-examples/code-graph-analysis-examples/temp/react-router-7.16.0/source/react-router-7.16.0/packages/react-router-dev/vite/plugin.ts"".cleanViteManifests,""/home/runner/work/code-graph-analysis-examples/code-graph-analysis-examples/temp/react-router-7.16.0/source/react-router-7.16.0/packages/react-router-dev/vite/plugin.ts"".reactRouterVitePlugin,""/home/runner/work/code-graph-analysis-examples/code-graph-analysis-examples/temp/react-router-7.16.0/source/react-router-7.16.0/packages/react-router-dev/vite/plugin.ts"".cleanBuildDirectory,""/home/runner/work/code-graph-analysis-examples/code-graph-analysis-examples/temp/react-router-7.16.0/source/react-router-7.16.0/packages/react-router-dev/vite/rsc/plugin.ts"".reactRouterRSCVitePlugin",""
"react-router-cloudflare",,6,1,3,3,3,3,0,5,5,5,5,0,83.33333333333334,83.33333333333334,83.33333333333334,83.33333333333334,0,"@cloudflare/workers-types","/home/runner/work/code-graph-analysis-examples/code-graph-analysis-examples/temp/react-router-7.16.0/source/react-router-7.16.0/packages/react-router-cloudflare/index.ts,/home/runner/work/code-graph-analysis-examples/code-graph-analysis-examples/temp/react-router-7.16.0/source/react-router-7.16.0/packages/react-router-cloudflare/sessions/workersKVStorage.ts,/home/runner/work/code-graph-analysis-examples/code-graph-analysis-examples/temp/react-router-7.16.0/source/react-router-7.16.0/packages/react-router-cloudflare/worker.ts","""/home/runner/work/code-graph-analysis-examples/code-graph-analysis-examples/temp/react-router-7.16.0/source/react-router-7.16.0/packages/react-router-cloudflare/sessions/workersKVStorage.ts"".createWorkersKVSessionStorage,""/home/runner/work/code-graph-analysis-examples/code-graph-analysis-examples/temp/react-router-7.16.0/source/react-router-7.16.0/packages/react-router-cloudflare/worker.ts"".GetLoadContextFunction,""/home/runner/work/code-graph-analysis-examples/code-graph-analysis-examples/temp/react-router-7.16.0/source/react-router-7.16.0/packages/react-router-cloudflare/worker.ts"".RequestHandler,""/home/runner/work/code-graph-analysis-examples/code-graph-analysis-examples/temp/react-router-7.16.0/source/react-router-7.16.0/packages/react-router-cloudflare/worker.ts"".createPagesFunctionHandler,""/home/runner/work/code-graph-analysis-examples/code-graph-analysis-examples/temp/react-router-7.16.0/source/react-router-7.16.0/packages/react-router-cloudflare/worker.ts"".createRequestHandler",""
"react-router-node",,7,7,2,3,2,2.1428571428571432,0.3779644730092273,1,3,1,1.5714285714285714,0.7867957924694431,14.285714285714286,42.85714285714286,14.285714285714286,22.448979591836736,11.239939892420617,"@types/buffer,http,@mjackson/node-fetch-server,@types/stream,promises,node:fs,@types/path","/home/runner/work/code-graph-analysis-examples/code-graph-analysis-examples/temp/react-router-7.16.0/source/react-router-7.16.0/packages/react-router-node/index.ts,/home/runner/work/code-graph-analysis-examples/code-graph-analysis-examples/temp/react-router-7.16.0/source/react-router-7.16.0/packages/react-router-node/stream.ts,/home/runner/work/code-graph-analysis-examples/code-graph-analysis-examples/temp/react-router-7.16.0/source/react-router-7.16.0/packages/react-router-node/sessions/fileStorage.ts","""/home/runner/work/code-graph-analysis-examples/code-graph-analysis-examples/temp/react-router-7.16.0/source/react-router-7.16.0/packages/react-router-node/stream.ts"".readableStreamToString,""/home/runner/work/code-graph-analysis-examples/code-graph-analysis-examples/temp/react-router-7.16.0/source/react-router-7.16.0/packages/react-router-node/sessions/fileStorage.ts"".createFileSessionStorage",""
"server",,41,13,1,3,2,1.8461538461538463,0.6887372317211944,1,5,2,2.3846153846153846,1.3867504905630728,2.4390243902439024,12.195121951219512,4.878048780487805,5.816135084427767,3.382318269666031,"http,@types/react,@types/handler,@types/api-gateway-proxy,@types/express,@types/express-serve-static-core,@types/qs,@mjackson/node-fetch-server,async_hooks","/home/runner/work/code-graph-analysis-examples/code-graph-analysis-examples/temp/react-router-7.16.0/source/react-router-7.16.0/packages/react-router-express/server.ts,/home/runner/work/code-graph-analysis-examples/code-graph-analysis-examples/temp/react-router-7.16.0/source/react-router-7.16.0/packages/react-router-node/server.ts,/home/runner/work/code-graph-analysis-examples/code-graph-analysis-examples/temp/react-router-7.16.0/source/react-router-7.16.0/packages/react-router-node/index.ts","""/home/runner/work/code-graph-analysis-examples/code-graph-analysis-examples/temp/react-router-7.16.0/source/react-router-7.16.0/packages/react-router-express/server.ts"".createRemixHeaders,""/home/runner/work/code-graph-analysis-examples/code-graph-analysis-examples/temp/react-router-7.16.0/source/react-router-7.16.0/packages/react-router-node/server.ts"".createRequestListener",""
"arcTableSessionStorage",,1,2,2,2,2,2,0,1,1,1,1,0,100,100,100,100,0,"@architect/functions,@architect/tables","/home/runner/work/code-graph-analysis-examples/code-graph-analysis-examples/temp/react-router-7.16.0/source/react-router-7.16.0/packages/react-router-architect/sessions/arcTableSessionStorage.ts,/home/runner/work/code-graph-analysis-examples/code-graph-analysis-examples/temp/react-router-7.16.0/source/react-router-7.16.0/packages/react-router-architect/index.ts","""/home/runner/work/code-graph-analysis-examples/code-graph-analysis-examples/temp/react-router-7.16.0/source/react-router-7.16.0/packages/react-router-architect/sessions/arcTableSessionStorage.ts"".createArcTableSessionStorage",""
"cloudflare",,1,3,2,2,2,2,0,1,1,1,1,0,100,100,100,100,0,"@types/process,node,cli","/home/runner/work/code-graph-analysis-examples/code-graph-analysis-examples/temp/react-router-7.16.0/source/react-router-7.16.0/packages/react-router-dev/vite/cloudflare.ts,/home/runner/work/code-graph-analysis-examples/code-graph-analysis-examples/temp/react-router-7.16.0/source/react-router-7.16.0/packages/react-router-dev/vite/cloudflare-dev-proxy.ts","""/home/runner/work/code-graph-analysis-examples/code-graph-analysis-examples/temp/react-router-7.16.0/source/react-router-7.16.0/packages/react-router-dev/vite/cloudflare-dev-proxy.ts"".cloudflareDevProxyVitePlugin",""
"cloudflare-dev-proxy",,1,3,2,2,2,2,0,1,1,1,1,0,100,100,100,100,0,"@types/process,node,cli","/home/runner/work/code-graph-analysis-examples/code-graph-analysis-examples/temp/react-router-7.16.0/source/react-router-7.16.0/packages/react-router-dev/vite/cloudflare.ts,/home/runner/work/code-graph-analysis-examples/code-graph-analysis-examples/temp/react-router-7.16.0/source/react-router-7.16.0/packages/react-router-dev/vite/cloudflare-dev-proxy.ts","""/home/runner/work/code-graph-analysis-examples/code-graph-analysis-examples/temp/react-router-7.16.0/source/react-router-7.16.0/packages/react-router-dev/vite/cloudflare-dev-proxy.ts"".cloudflareDevProxyVitePlugin",""
"dev",,5,3,1,2,1,1.3333333333333333,0.5773502691896257,1,2,1,1.3333333333333333,0.5773502691896257,20,40,20,26.666666666666668,11.547005383792516,"@types/process,node,picocolors","/home/runner/work/code-graph-analysis-examples/code-graph-analysis-examples/temp/react-router-7.16.0/source/react-router-7.16.0/packages/react-router-dev/vite/dev.ts,/home/runner/work/code-graph-analysis-examples/code-graph-analysis-examples/temp/react-router-7.16.0/source/react-router-7.16.0/packages/react-router/lib/server-runtime/dev.ts","""/home/runner/work/code-graph-analysis-examples/code-graph-analysis-examples/temp/react-router-7.16.0/source/react-router-7.16.0/packages/react-router-dev/vite/dev.ts"".dev,""/home/runner/work/code-graph-analysis-examples/code-graph-analysis-examples/temp/react-router-7.16.0/source/react-router-7.16.0/packages/react-router/lib/server-runtime/dev.ts"".getBuildTimeHeader",""
"fileStorage",,2,4,2,2,2,2,0,1,2,1,1.25,0.5,50,100,50,62.5,25.000000000000004,"@types/path,promises,node:fs,@types/buffer","/home/runner/work/code-graph-analysis-examples/code-graph-analysis-examples/temp/react-router-7.16.0/source/react-router-7.16.0/packages/react-router-node/sessions/fileStorage.ts,/home/runner/work/code-graph-analysis-examples/code-graph-analysis-examples/temp/react-router-7.16.0/source/react-router-7.16.0/packages/react-router-node/index.ts","""/home/runner/work/code-graph-analysis-examples/code-graph-analysis-examples/temp/react-router-7.16.0/source/react-router-7.16.0/packages/react-router-node/sessions/fileStorage.ts"".getFile,""/home/runner/work/code-graph-analysis-examples/code-graph-analysis-examples/temp/react-router-7.16.0/source/react-router-7.16.0/packages/react-router-node/sessions/fileStorage.ts"".createFileSessionStorage",""
"fog-of-war",,7,1,2,2,2,2,0,1,1,1,1,0,14.285714285714286,14.285714285714286,14.285714285714286,14.285714285714286,0,"@types/react","/home/runner/work/code-graph-analysis-examples/code-graph-analysis-examples/temp/react-router-7.16.0/source/react-router-7.16.0/packages/react-router/lib/dom/ssr/fog-of-war.ts,/home/runner/work/code-graph-analysis-examples/code-graph-analysis-examples/temp/react-router-7.16.0/source/react-router-7.16.0/packages/react-router/index.ts","""/home/runner/work/code-graph-analysis-examples/code-graph-analysis-examples/temp/react-router-7.16.0/source/react-router-7.16.0/packages/react-router/lib/dom/ssr/fog-of-war.ts"".useFogOFWarDiscovery",""
"normalizeSlashes",,2,2,2,2,2,2,0,2,2,2,2,0,100,100,100,100,0,"node:path,@types/path","/home/runner/work/code-graph-analysis-examples/code-graph-analysis-examples/temp/react-router-7.16.0/source/react-router-7.16.0/packages/react-router-remix-routes-option-adapter/normalizeSlashes.ts,/home/runner/work/code-graph-analysis-examples/code-graph-analysis-examples/temp/react-router-7.16.0/source/react-router-7.16.0/packages/react-router-fs-routes/normalizeSlashes.ts","""/home/runner/work/code-graph-analysis-examples/code-graph-analysis-examples/temp/react-router-7.16.0/source/react-router-7.16.0/packages/react-router-remix-routes-option-adapter/normalizeSlashes.ts"".normalizeSlashes,""/home/runner/work/code-graph-analysis-examples/code-graph-analysis-examples/temp/react-router-7.16.0/source/react-router-7.16.0/packages/react-router-fs-routes/normalizeSlashes.ts"".normalizeSlashes",""
"react-router-architect",,4,4,2,2,2,2,0,1,2,1,1.25,0.5,25,50,25,31.25,12.500000000000002,"@types/api-gateway-proxy,@types/handler,@architect/functions,@architect/tables","/home/runner/work/code-graph-analysis-examples/code-graph-analysis-examples/temp/react-router-7.16.0/source/react-router-7.16.0/packages/react-router-architect/index.ts,/home/runner/work/code-graph-analysis-examples/code-graph-analysis-examples/temp/react-router-7.16.0/source/react-router-7.16.0/packages/react-router-architect/server.ts","""/home/runner/work/code-graph-analysis-examples/code-graph-analysis-examples/temp/react-router-7.16.0/source/react-router-7.16.0/packages/react-router-architect/server.ts"".GetLoadContextFunction,""/home/runner/work/code-graph-analysis-examples/code-graph-analysis-examples/temp/react-router-7.16.0/source/react-router-7.16.0/packages/react-router-architect/server.ts"".RequestHandler",""
"react-router-express",,3,3,2,2,2,2,0,2,2,2,2,0,66.66666666666667,66.66666666666667,66.66666666666667,66.66666666666667,0,"@types/qs,@types/express,@types/express-serve-static-core","/home/runner/work/code-graph-analysis-examples/code-graph-analysis-examples/temp/react-router-7.16.0/source/react-router-7.16.0/packages/react-router-express/server.ts,/home/runner/work/code-graph-analysis-examples/code-graph-analysis-examples/temp/react-router-7.16.0/source/react-router-7.16.0/packages/react-router-express/index.ts","""/home/runner/work/code-graph-analysis-examples/code-graph-analysis-examples/temp/react-router-7.16.0/source/react-router-7.16.0/packages/react-router-express/server.ts"".RequestHandler,""/home/runner/work/code-graph-analysis-examples/code-graph-analysis-examples/temp/react-router-7.16.0/source/react-router-7.16.0/packages/react-router-express/server.ts"".GetLoadContextFunction",""
"routes",,18,2,2,2,2,2,0,3,5,4,4,1.4142135623730951,16.666666666666664,27.77777777777778,22.22222222222222,22.22222222222222,7.8567420131838634,"@types/pick,dist","/home/runner/work/code-graph-analysis-examples/code-graph-analysis-examples/temp/react-router-7.16.0/source/react-router-7.16.0/packages/react-router-dev/config/routes.ts,/home/runner/work/code-graph-analysis-examples/code-graph-analysis-examples/temp/react-router-7.16.0/source/react-router-7.16.0/packages/react-router-dev/routes.ts","""/home/runner/work/code-graph-analysis-examples/code-graph-analysis-examples/temp/react-router-7.16.0/source/react-router-7.16.0/packages/react-router-dev/config/routes.ts"".layout,""/home/runner/work/code-graph-analysis-examples/code-graph-analysis-examples/temp/react-router-7.16.0/source/react-router-7.16.0/packages/react-router-dev/config/routes.ts"".index,""/home/runner/work/code-graph-analysis-examples/code-graph-analysis-examples/temp/react-router-7.16.0/source/react-router-7.16.0/packages/react-router-dev/config/routes.ts"".route",""
"stream",,4,2,2,2,2,2,0,1,3,2,2,1.4142135623730951,25,75,50,50,35.35533905932738,"@types/stream,@types/buffer","/home/runner/work/code-graph-analysis-examples/code-graph-analysis-examples/temp/react-router-7.16.0/source/react-router-7.16.0/packages/react-router-node/stream.ts,/home/runner/work/code-graph-analysis-examples/code-graph-analysis-examples/temp/react-router-7.16.0/source/react-router-7.16.0/packages/react-router-node/index.ts","""/home/runner/work/code-graph-analysis-examples/code-graph-analysis-examples/temp/react-router-7.16.0/source/react-router-7.16.0/packages/react-router-node/stream.ts"".createReadableStreamFromReadable,""/home/runner/work/code-graph-analysis-examples/code-graph-analysis-examples/temp/react-router-7.16.0/source/react-router-7.16.0/packages/react-router-node/stream.ts"".writeReadableStreamToWritable,""/home/runner/work/code-graph-analysis-examples/code-graph-analysis-examples/temp/react-router-7.16.0/source/react-router-7.16.0/packages/react-router-node/stream.ts"".writeAsyncIterableToWritable",""
"utils",,149,12,1,2,1,1.0833333333333335,0.28867513459481287,1,4,2,2.3333333333333335,1.2309149097933274,0.6711409395973155,2.684563758389262,1.342281879194631,1.5659955257270692,0.8261173891230384,"@types/react,node:process,@types/process,node:fs,promises,fs,sisteransi,node:path,@types/path","/home/runner/work/code-graph-analysis-examples/code-graph-analysis-examples/temp/react-router-7.16.0/source/react-router-7.16.0/packages/react-router/lib/router/utils.ts,/home/runner/work/code-graph-analysis-examples/code-graph-analysis-examples/temp/react-router-7.16.0/source/react-router-7.16.0/packages/react-router/index.ts","""/home/runner/work/code-graph-analysis-examples/code-graph-analysis-examples/temp/react-router-7.16.0/source/react-router-7.16.0/packages/react-router/lib/router/utils.ts"".RouteObject,""/home/runner/work/code-graph-analysis-examples/code-graph-analysis-examples/temp/react-router-7.16.0/source/react-router-7.16.0/packages/react-router/lib/router/utils.ts"".BaseRouteObject",""
"worker",,5,1,2,2,2,2,0,4,4,4,4,0,80,80,80,80,0,"@cloudflare/workers-types","/home/runner/work/code-graph-analysis-examples/code-graph-analysis-examples/temp/react-router-7.16.0/source/react-router-7.16.0/packages/react-router-cloudflare/worker.ts,/home/runner/work/code-graph-analysis-examples/code-graph-analysis-examples/temp/react-router-7.16.0/source/react-router-7.16.0/packages/react-router-cloudflare/index.ts","""/home/runner/work/code-graph-analysis-examples/code-graph-analysis-examples/temp/react-router-7.16.0/source/react-router-7.16.0/packages/react-router-cloudflare/worker.ts"".RequestHandler,""/home/runner/work/code-graph-analysis-examples/code-graph-analysis-examples/temp/react-router-7.16.0/source/react-router-7.16.0/packages/react-router-cloudflare/worker.ts"".createRequestHandler,""/home/runner/work/code-graph-analysis-examples/code-graph-analysis-examples/temp/react-router-7.16.0/source/react-router-7.16.0/packages/react-router-cloudflare/worker.ts"".createPagesFunctionHandler,""/home/runner/work/code-graph-analysis-examples/code-graph-analysis-examples/temp/react-router-7.16.0/source/react-router-7.16.0/packages/react-router-cloudflare/worker.ts"".GetLoadContextFunction",""
"workersKVStorage",,1,1,2,2,2,2,0,1,1,1,1,0,100,100,100,100,0,"@cloudflare/workers-types","/home/runner/work/code-graph-analysis-examples/code-graph-analysis-examples/temp/react-router-7.16.0/source/react-router-7.16.0/packages/react-router-cloudflare/index.ts,/home/runner/work/code-graph-analysis-examples/code-graph-analysis-examples/temp/react-router-7.16.0/source/react-router-7.16.0/packages/react-router-cloudflare/sessions/workersKVStorage.ts","""/home/runner/work/code-graph-analysis-examples/code-graph-analysis-examples/temp/react-router-7.16.0/source/react-router-7.16.0/packages/react-router-cloudflare/sessions/workersKVStorage.ts"".createWorkersKVSessionStorage",""
"babel",,2,1,1,1,1,1,0,1,1,1,1,0,50,50,50,50,0,"@types/babel__generator","/home/runner/work/code-graph-analysis-examples/code-graph-analysis-examples/temp/react-router-7.16.0/source/react-router-7.16.0/packages/react-router-dev/vite/babel.ts","""/home/runner/work/code-graph-analysis-examples/code-graph-analysis-examples/temp/react-router-7.16.0/source/react-router-7.16.0/packages/react-router-dev/vite/babel.ts"".generate",""
"build",,7,1,1,1,1,1,0,1,1,1,1,0,14.285714285714286,14.285714285714286,14.285714285714286,14.285714285714286,0,"node","/home/runner/work/code-graph-analysis-examples/code-graph-analysis-examples/temp/react-router-7.16.0/source/react-router-7.16.0/packages/react-router-dev/vite/build.ts","""/home/runner/work/code-graph-analysis-examples/code-graph-analysis-examples/temp/react-router-7.16.0/source/react-router-7.16.0/packages/react-router-dev/vite/build.ts"".build",""
"commands",,5,9,1,1,1,1,0,1,2,1,1.1111111111111112,0.3333333333333333,20,40,20,22.22222222222222,6.666666666666667,"node,dist,@types/path,promises,picocolors,node:fs,@types/module,@types/process,exit-hook","/home/runner/work/code-graph-analysis-examples/code-graph-analysis-examples/temp/react-router-7.16.0/source/react-router-7.16.0/packages/react-router-dev/cli/commands.ts","""/home/runner/work/code-graph-analysis-examples/code-graph-analysis-examples/temp/react-router-7.16.0/source/react-router-7.16.0/packages/react-router-dev/cli/commands.ts"".typegen",""
"config",,14,11,1,1,1,1,0,1,4,1,1.3636363636363635,0.9244162777371753,7.142857142857143,28.571428571428573,7.142857142857143,9.74025974025974,6.602973412408395,"@types/pick,@types/module,dist,node:child_process,node:fs,fs,esm,node,@types/process","/home/runner/work/code-graph-analysis-examples/code-graph-analysis-examples/temp/react-router-7.16.0/source/react-router-7.16.0/packages/react-router-dev/config/config.ts","""/home/runner/work/code-graph-analysis-examples/code-graph-analysis-examples/temp/react-router-7.16.0/source/react-router-7.16.0/packages/react-router-dev/config/config.ts"".configRouteToBranchRoute",""
"copy-template",,2,1,1,1,1,1,0,1,1,1,1,0,50,50,50,50,0,"node:url","/home/runner/work/code-graph-analysis-examples/code-graph-analysis-examples/temp/react-router-7.16.0/source/react-router-7.16.0/packages/create-react-router/copy-template.ts","""/home/runner/work/code-graph-analysis-examples/code-graph-analysis-examples/temp/react-router-7.16.0/source/react-router-7.16.0/packages/create-react-router/copy-template.ts"".copyTemplate",""
"create-react-router",,2,2,1,1,1,1,0,1,1,1,1,0,50,50,50,50,0,"@types/process,node:process","/home/runner/work/code-graph-analysis-examples/code-graph-analysis-examples/temp/react-router-7.16.0/source/react-router-7.16.0/packages/create-react-router/index.ts","""/home/runner/work/code-graph-analysis-examples/code-graph-analysis-examples/temp/react-router-7.16.0/source/react-router-7.16.0/packages/create-react-router"".Context",""
"detectPackageManager",,1,1,1,1,1,1,0,1,1,1,1,0,100,100,100,100,0,"@types/process","/home/runner/work/code-graph-analysis-examples/code-graph-analysis-examples/temp/react-router-7.16.0/source/react-router-7.16.0/packages/react-router-dev/cli/detectPackageManager.ts","""/home/runner/work/code-graph-analysis-examples/code-graph-analysis-examples/temp/react-router-7.16.0/source/react-router-7.16.0/packages/react-router-dev/cli/detectPackageManager.ts"".detectPackageManager",""
"flatRoutes",,13,5,1,1,1,1,0,1,3,1,1.8,1.0954451150103321,7.6923076923076925,23.076923076923077,7.6923076923076925,13.846153846153847,8.426500884694864,"@types/path,node:path,fs,esm,node:fs","/home/runner/work/code-graph-analysis-examples/code-graph-analysis-examples/temp/react-router-7.16.0/source/react-router-7.16.0/packages/react-router-fs-routes/flatRoutes.ts","""/home/runner/work/code-graph-analysis-examples/code-graph-analysis-examples/temp/react-router-7.16.0/source/react-router-7.16.0/packages/react-router-fs-routes/flatRoutes.ts"".isSegmentSeparator,""/home/runner/work/code-graph-analysis-examples/code-graph-analysis-examples/temp/react-router-7.16.0/source/react-router-7.16.0/packages/react-router-fs-routes/flatRoutes.ts"".flatRoutes,""/home/runner/work/code-graph-analysis-examples/code-graph-analysis-examples/temp/react-router-7.16.0/source/react-router-7.16.0/packages/react-router-fs-routes/flatRoutes.ts"".flatRoutesUniversal",""
"generate",,5,2,1,1,1,1,0,1,4,2.5,2.5,2.1213203435596424,20,80,50,50,42.42640687119285,"dist,@types/babel__generator","/home/runner/work/code-graph-analysis-examples/code-graph-analysis-examples/temp/react-router-7.16.0/source/react-router-7.16.0/packages/react-router-dev/typegen/generate.ts","""/home/runner/work/code-graph-analysis-examples/code-graph-analysis-examples/temp/react-router-7.16.0/source/react-router-7.16.0/packages/react-router-dev/typegen/generate.ts"".typesDirectory,""/home/runner/work/code-graph-analysis-examples/code-graph-analysis-examples/temp/react-router-7.16.0/source/react-router-7.16.0/packages/react-router-dev/typegen/generate.ts"".generateRoutes,""/home/runner/work/code-graph-analysis-examples/code-graph-analysis-examples/temp/react-router-7.16.0/source/react-router-7.16.0/packages/react-router-dev/typegen/generate.ts"".generateServerBuild,""/home/runner/work/code-graph-analysis-examples/code-graph-analysis-examples/temp/react-router-7.16.0/source/react-router-7.16.0/packages/react-router-dev/typegen/generate.ts"".generateFuture",""
"has-dependency",,1,1,1,1,1,1,0,1,1,1,1,0,100,100,100,100,0,"@types/module","/home/runner/work/code-graph-analysis-examples/code-graph-analysis-examples/temp/react-router-7.16.0/source/react-router-7.16.0/packages/react-router-dev/vite/has-dependency.ts","""/home/runner/work/code-graph-analysis-examples/code-graph-analysis-examples/temp/react-router-7.16.0/source/react-router-7.16.0/packages/react-router-dev/vite/has-dependency.ts"".hasDependency",""
"has-rsc-plugin",,1,1,1,1,1,1,0,1,1,1,1,0,100,100,100,100,0,"node","/home/runner/work/code-graph-analysis-examples/code-graph-analysis-examples/temp/react-router-7.16.0/source/react-router-7.16.0/packages/react-router-dev/vite/has-rsc-plugin.ts","""/home/runner/work/code-graph-analysis-examples/code-graph-analysis-examples/temp/react-router-7.16.0/source/react-router-7.16.0/packages/react-router-dev/vite/has-rsc-plugin.ts"".hasReactRouterRscPlugin",""
"is-react-router-repo",,1,2,1,1,1,1,0,1,1,1,1,0,100,100,100,100,0,"@types/module,dist","/home/runner/work/code-graph-analysis-examples/code-graph-analysis-examples/temp/react-router-7.16.0/source/react-router-7.16.0/packages/react-router-dev/config/is-react-router-repo.ts","""/home/runner/work/code-graph-analysis-examples/code-graph-analysis-examples/temp/react-router-7.16.0/source/react-router-7.16.0/packages/react-router-dev/config/is-react-router-repo.ts"".isReactRouterRepo",""
"load-dotenv",,1,2,1,1,1,1,0,1,1,1,1,0,100,100,100,100,0,"@types/process,node","/home/runner/work/code-graph-analysis-examples/code-graph-analysis-examples/temp/react-router-7.16.0/source/react-router-7.16.0/packages/react-router-dev/vite/load-dotenv.ts","""/home/runner/work/code-graph-analysis-examples/code-graph-analysis-examples/temp/react-router-7.16.0/source/react-router-7.16.0/packages/react-router-dev/vite/load-dotenv.ts"".loadDotenv",""
"loading-indicator",,1,1,1,1,1,1,0,1,1,1,1,0,100,100,100,100,0,"@types/process","/home/runner/work/code-graph-analysis-examples/code-graph-analysis-examples/temp/react-router-7.16.0/source/react-router-7.16.0/packages/create-react-router/loading-indicator.ts","""/home/runner/work/code-graph-analysis-examples/code-graph-analysis-examples/temp/react-router-7.16.0/source/react-router-7.16.0/packages/create-react-router/loading-indicator.ts"".renderLoadingIndicator",""
"node-adapter",,2,2,1,1,1,1,0,2,2,2,2,0,100,100,100,100,0,"node,http","/home/runner/work/code-graph-analysis-examples/code-graph-analysis-examples/temp/react-router-7.16.0/source/react-router-7.16.0/packages/react-router-dev/vite/node-adapter.ts","""/home/runner/work/code-graph-analysis-examples/code-graph-analysis-examples/temp/react-router-7.16.0/source/react-router-7.16.0/packages/react-router-dev/vite/node-adapter.ts"".fromNodeRequest,""/home/runner/work/code-graph-analysis-examples/code-graph-analysis-examples/temp/react-router-7.16.0/source/react-router-7.16.0/packages/react-router-dev/vite/node-adapter.ts"".NodeRequestHandler",""
"optimize-deps-entries",,1,2,1,1,1,1,0,1,1,1,1,0,100,100,100,100,0,"node,dist","/home/runner/work/code-graph-analysis-examples/code-graph-analysis-examples/temp/react-router-7.16.0/source/react-router-7.16.0/packages/react-router-dev/vite/optimize-deps-entries.ts","""/home/runner/work/code-graph-analysis-examples/code-graph-analysis-examples/temp/react-router-7.16.0/source/react-router-7.16.0/packages/react-router-dev/vite/optimize-deps-entries.ts"".getOptimizeDepsEntries",""
"prerender",,6,6,1,1,1,1,0,1,1,1,1,0,16.666666666666668,16.666666666666668,16.666666666666668,16.666666666666668,0,"node,@types/path,promises,@types/process,p-map,node:path","/home/runner/work/code-graph-analysis-examples/code-graph-analysis-examples/temp/react-router-7.16.0/source/react-router-7.16.0/packages/react-router-dev/vite/plugins/prerender.ts","""/home/runner/work/code-graph-analysis-examples/code-graph-analysis-examples/temp/react-router-7.16.0/source/react-router-7.16.0/packages/react-router-dev/vite/plugins/prerender.ts"".prerender",""
"profiler",,3,6,1,1,1,1,0,1,3,1,1.3333333333333333,0.816496580927726,33.333333333333336,100,33.333333333333336,44.44444444444444,27.216552697590867,"node:fs,@types/path,inspector,node:path,picocolors,node:inspector","/home/runner/work/code-graph-analysis-examples/code-graph-analysis-examples/temp/react-router-7.16.0/source/react-router-7.16.0/packages/react-router-dev/vite/profiler.ts","""/home/runner/work/code-graph-analysis-examples/code-graph-analysis-examples/temp/react-router-7.16.0/source/react-router-7.16.0/packages/react-router-dev/vite/profiler.ts"".stop",""
"prompts-confirm",,3,2,1,1,1,1,0,1,1,1,1,0,33.333333333333336,33.333333333333336,33.333333333333336,33.333333333333336,0,"readline,sisteransi","/home/runner/work/code-graph-analysis-examples/code-graph-analysis-examples/temp/react-router-7.16.0/source/react-router-7.16.0/packages/create-react-router/prompts-confirm.ts","""/home/runner/work/code-graph-analysis-examples/code-graph-analysis-examples/temp/react-router-7.16.0/source/react-router-7.16.0/packages/create-react-router/prompts-confirm.ts"".ConfirmPrompt",""
"prompts-multi-select",,2,2,1,1,1,1,0,1,1,1,1,0,50,50,50,50,0,"sisteransi,readline","/home/runner/work/code-graph-analysis-examples/code-graph-analysis-examples/temp/react-router-7.16.0/source/react-router-7.16.0/packages/create-react-router/prompts-multi-select.ts","""/home/runner/work/code-graph-analysis-examples/code-graph-analysis-examples/temp/react-router-7.16.0/source/react-router-7.16.0/packages/create-react-router/prompts-multi-select.ts"".MultiSelectPrompt",""
"prompts-prompt-base",,2,6,1,1,1,1,0,1,2,1,1.3333333333333333,0.5163977794943222,50,100,50,66.66666666666667,25.819888974716115,"@types/process,node:readline,readline,node:process,sisteransi,@types/events","/home/runner/work/code-graph-analysis-examples/code-graph-analysis-examples/temp/react-router-7.16.0/source/react-router-7.16.0/packages/create-react-router/prompts-prompt-base.ts","""/home/runner/work/code-graph-analysis-examples/code-graph-analysis-examples/temp/react-router-7.16.0/source/react-router-7.16.0/packages/create-react-router/prompts-prompt-base.ts"".Prompt,""/home/runner/work/code-graph-analysis-examples/code-graph-analysis-examples/temp/react-router-7.16.0/source/react-router-7.16.0/packages/create-react-router/prompts-prompt-base.ts"".PromptOptions",""
"prompts-select",,3,3,1,1,1,1,0,1,1,1,1,0,33.333333333333336,33.333333333333336,33.333333333333336,33.333333333333336,0,"sisteransi,@types/timers,readline","/home/runner/work/code-graph-analysis-examples/code-graph-analysis-examples/temp/react-router-7.16.0/source/react-router-7.16.0/packages/create-react-router/prompts-select.ts","""/home/runner/work/code-graph-analysis-examples/code-graph-analysis-examples/temp/react-router-7.16.0/source/react-router-7.16.0/packages/create-react-router/prompts-select.ts"".SelectPrompt",""
"prompts-text",,2,2,1,1,1,1,0,1,1,1,1,0,50,50,50,50,0,"sisteransi,readline","/home/runner/work/code-graph-analysis-examples/code-graph-analysis-examples/temp/react-router-7.16.0/source/react-router-7.16.0/packages/create-react-router/prompts-text.ts","""/home/runner/work/code-graph-analysis-examples/code-graph-analysis-examples/temp/react-router-7.16.0/source/react-router-7.16.0/packages/create-react-router/prompts-text.ts"".TextPrompt",""
"react-router-fs-routes",,1,3,1,1,1,1,0,1,1,1,1,0,100,100,100,100,0,"node:fs,@types/path,node:path","/home/runner/work/code-graph-analysis-examples/code-graph-analysis-examples/temp/react-router-7.16.0/source/react-router-7.16.0/packages/react-router-fs-routes/index.ts","""/home/runner/work/code-graph-analysis-examples/code-graph-analysis-examples/temp/react-router-7.16.0/source/react-router-7.16.0/packages/react-router-fs-routes"".flatRoutes",""
"remove-exports",,1,4,1,1,1,1,0,1,1,1,1,0,100,100,100,100,0,"@babel/lib,@types/babel__traverse,dist,@babel/babel-parser","/home/runner/work/code-graph-analysis-examples/code-graph-analysis-examples/temp/react-router-7.16.0/source/react-router-7.16.0/packages/react-router-dev/vite/remove-exports.ts","""/home/runner/work/code-graph-analysis-examples/code-graph-analysis-examples/temp/react-router-7.16.0/source/react-router-7.16.0/packages/react-router-dev/vite/remove-exports.ts"".removeExports",""
"resolve-file-url",,1,2,1,1,1,1,0,1,1,1,1,0,100,100,100,100,0,"@types/path,node","/home/runner/work/code-graph-analysis-examples/code-graph-analysis-examples/temp/react-router-7.16.0/source/react-router-7.16.0/packages/react-router-dev/vite/resolve-file-url.ts","""/home/runner/work/code-graph-analysis-examples/code-graph-analysis-examples/temp/react-router-7.16.0/source/react-router-7.16.0/packages/react-router-dev/vite/resolve-file-url.ts"".resolveFileUrl",""
"resolve-relative-route-file-path",,1,2,1,1,1,1,0,1,1,1,1,0,100,100,100,100,0,"dist,node","/home/runner/work/code-graph-analysis-examples/code-graph-analysis-examples/temp/react-router-7.16.0/source/react-router-7.16.0/packages/react-router-dev/vite/resolve-relative-route-file-path.ts","""/home/runner/work/code-graph-analysis-examples/code-graph-analysis-examples/temp/react-router-7.16.0/source/react-router-7.16.0/packages/react-router-dev/vite/resolve-relative-route-file-path.ts"".resolveRelativeRouteFilePath",""
"route-chunks",,13,2,1,1,1,1,0,3,3,3,3,0,23.076923076923077,23.076923076923077,23.076923076923077,23.076923076923077,0,"@babel/lib,@types/babel__generator","/home/runner/work/code-graph-analysis-examples/code-graph-analysis-examples/temp/react-router-7.16.0/source/react-router-7.16.0/packages/react-router-dev/vite/route-chunks.ts","""/home/runner/work/code-graph-analysis-examples/code-graph-analysis-examples/temp/react-router-7.16.0/source/react-router-7.16.0/packages/react-router-dev/vite/route-chunks.ts"".omitChunkedExports,""/home/runner/work/code-graph-analysis-examples/code-graph-analysis-examples/temp/react-router-7.16.0/source/react-router-7.16.0/packages/react-router-dev/vite/route-chunks.ts"".getChunkedExport,""/home/runner/work/code-graph-analysis-examples/code-graph-analysis-examples/temp/react-router-7.16.0/source/react-router-7.16.0/packages/react-router-dev/vite/route-chunks.ts"".codeToAst",""
"routeModules",,21,1,1,1,1,1,0,5,5,5,5,0,23.80952380952381,23.80952380952381,23.80952380952381,23.80952380952381,0,"@types/react","/home/runner/work/code-graph-analysis-examples/code-graph-analysis-examples/temp/react-router-7.16.0/source/react-router-7.16.0/packages/react-router/lib/dom/ssr/routeModules.ts","""/home/runner/work/code-graph-analysis-examples/code-graph-analysis-examples/temp/react-router-7.16.0/source/react-router-7.16.0/packages/react-router/lib/dom/ssr/routeModules.ts"".HydrateFallbackComponent,""/home/runner/work/code-graph-analysis-examples/code-graph-analysis-examples/temp/react-router-7.16.0/source/react-router-7.16.0/packages/react-router/lib/dom/ssr/routeModules.ts"".RouteModule,""/home/runner/work/code-graph-analysis-examples/code-graph-analysis-examples/temp/react-router-7.16.0/source/react-router-7.16.0/packages/react-router/lib/dom/ssr/routeModules.ts"".ErrorBoundaryComponent,""/home/runner/work/code-graph-analysis-examples/code-graph-analysis-examples/temp/react-router-7.16.0/source/react-router-7.16.0/packages/react-router/lib/dom/ssr/routeModules.ts"".LayoutComponent,""/home/runner/work/code-graph-analysis-examples/code-graph-analysis-examples/temp/react-router-7.16.0/source/react-router-7.16.0/packages/react-router/lib/dom/ssr/routeModules.ts"".RouteComponent",""
"run",,1,5,1,1,1,1,0,1,1,1,1,0,100,100,100,100,0,"@types/semver,@types/module,arg,arg.Result.""--no-typescript,@types/process","/home/runner/work/code-graph-analysis-examples/code-graph-analysis-examples/temp/react-router-7.16.0/source/react-router-7.16.0/packages/react-router-dev/cli/run.ts","""/home/runner/work/code-graph-analysis-examples/code-graph-analysis-examples/temp/react-router-7.16.0/source/react-router-7.16.0/packages/react-router-dev/cli/run.ts"".run",""
"sessions",,11,1,1,1,1,1,0,3,3,3,3,0,27.272727272727273,27.272727272727273,27.272727272727273,27.272727272727273,0,"dist","/home/runner/work/code-graph-analysis-examples/code-graph-analysis-examples/temp/react-router-7.16.0/source/react-router-7.16.0/packages/react-router/lib/server-runtime/sessions.ts","""/home/runner/work/code-graph-analysis-examples/code-graph-analysis-examples/temp/react-router-7.16.0/source/react-router-7.16.0/packages/react-router/lib/server-runtime/sessions.ts"".createSessionStorage,""/home/runner/work/code-graph-analysis-examples/code-graph-analysis-examples/temp/react-router-7.16.0/source/react-router-7.16.0/packages/react-router/lib/server-runtime/sessions.ts"".SessionStorage,""/home/runner/work/code-graph-analysis-examples/code-graph-analysis-examples/temp/react-router-7.16.0/source/react-router-7.16.0/packages/react-router/lib/server-runtime/sessions.ts"".SessionIdStorageStrategy",""
"styles",,4,5,1,1,1,1,0,1,1,1,1,0,25,25,25,25,0,"@babel/lib,@types/babel__traverse,@types/process,node,@types/path","/home/runner/work/code-graph-analysis-examples/code-graph-analysis-examples/temp/react-router-7.16.0/source/react-router-7.16.0/packages/react-router-dev/vite/styles.ts","""/home/runner/work/code-graph-analysis-examples/code-graph-analysis-examples/temp/react-router-7.16.0/source/react-router-7.16.0/packages/react-router-dev/vite/styles.ts"".getCssStringFromViteDevModuleCode",""
"typegen",,3,3,1,1,1,1,0,1,2,1,1.3333333333333333,0.5773502691896257,33.333333333333336,66.66666666666667,33.333333333333336,44.44444444444444,19.245008972987524,"promises,picocolors,node","/home/runner/work/code-graph-analysis-examples/code-graph-analysis-examples/temp/react-router-7.16.0/source/react-router-7.16.0/packages/react-router-dev/typegen/index.ts","""/home/runner/work/code-graph-analysis-examples/code-graph-analysis-examples/temp/react-router-7.16.0/source/react-router-7.16.0/packages/react-router-dev/typegen"".run,""/home/runner/work/code-graph-analysis-examples/code-graph-analysis-examples/temp/react-router-7.16.0/source/react-router-7.16.0/packages/react-router-dev/typegen"".watch",""
"useJavascript",,1,3,1,1,1,1,0,1,1,1,1,0,100,100,100,100,0,"@babel/lib,@types/babel__core,prettier","/home/runner/work/code-graph-analysis-examples/code-graph-analysis-examples/temp/react-router-7.16.0/source/react-router-7.16.0/packages/react-router-dev/cli/useJavascript.ts","""/home/runner/work/code-graph-analysis-examples/code-graph-analysis-examples/temp/react-router-7.16.0/source/react-router-7.16.0/packages/react-router-dev/cli/useJavascript.ts"".transpile",""
"validate-plugin-order",,1,1,1,1,1,1,0,1,1,1,1,0,100,100,100,100,0,"node","/home/runner/work/code-graph-analysis-examples/code-graph-analysis-examples/temp/react-router-7.16.0/source/react-router-7.16.0/packages/react-router-dev/vite/plugins/validate-plugin-order.ts","""/home/runner/work/code-graph-analysis-examples/code-graph-analysis-examples/temp/react-router-7.16.0/source/react-router-7.16.0/packages/react-router-dev/vite/plugins/validate-plugin-order.ts"".validatePluginOrder",""
"virtual-route-config",,1,1,1,1,1,1,0,1,1,1,1,0,100,100,100,100,0,"dist","/home/runner/work/code-graph-analysis-examples/code-graph-analysis-examples/temp/react-router-7.16.0/source/react-router-7.16.0/packages/react-router-dev/vite/rsc/virtual-route-config.ts","""/home/runner/work/code-graph-analysis-examples/code-graph-analysis-examples/temp/react-router-7.16.0/source/react-router-7.16.0/packages/react-router-dev/vite/rsc/virtual-route-config.ts"".createVirtualRouteConfig",""
"virtual-route-modules",,3,2,1,1,1,1,0,1,1,1,1,0,33.333333333333336,33.333333333333336,33.333333333333336,33.333333333333336,0,"lexer,@types/babel__generator","/home/runner/work/code-graph-analysis-examples/code-graph-analysis-examples/temp/react-router-7.16.0/source/react-router-7.16.0/packages/react-router-dev/vite/rsc/virtual-route-modules.ts","""/home/runner/work/code-graph-analysis-examples/code-graph-analysis-examples/temp/react-router-7.16.0/source/react-router-7.16.0/packages/react-router-dev/vite/rsc/virtual-route-modules.ts"".parseRouteExports",""
"vite-node",,2,3,1,1,1,1,0,1,2,2,1.6666666666666667,0.5773502691896257,50,100,100,83.33333333333333,28.867513459481287,"dist,node,server","/home/runner/work/code-graph-analysis-examples/code-graph-analysis-examples/temp/react-router-7.16.0/source/react-router-7.16.0/packages/react-router-dev/vite/vite-node.ts","""/home/runner/work/code-graph-analysis-examples/code-graph-analysis-examples/temp/react-router-7.16.0/source/react-router-7.16.0/packages/react-router-dev/vite/vite-node.ts"".Context",""
"warn-on-client-source-maps",,1,2,1,1,1,1,0,1,1,1,1,0,100,100,100,100,0,"node,picocolors","/home/runner/work/code-graph-analysis-examples/code-graph-analysis-examples/temp/react-router-7.16.0/source/react-router-7.16.0/packages/react-router-dev/vite/plugins/warn-on-client-source-maps.ts","""/home/runner/work/code-graph-analysis-examples/code-graph-analysis-examples/temp/react-router-7.16.0/source/react-router-7.16.0/packages/react-router-dev/vite/plugins/warn-on-client-source-maps.ts"".warnOnClientSourceMaps",""
"with-props",,1,3,1,1,1,1,0,1,1,1,1,0,100,100,100,100,0,"@babel/lib,@types/babel__traverse,@babel/babel-parser","/home/runner/work/code-graph-analysis-examples/code-graph-analysis-examples/temp/react-router-7.16.0/source/react-router-7.16.0/packages/react-router-dev/vite/with-props.ts","""/home/runner/work/code-graph-analysis-examples/code-graph-analysis-examples/temp/react-router-7.16.0/source/react-router-7.16.0/packages/react-router-dev/vite/with-props.ts"".decorateComponentExportsWithProps",""
