"filePath","commitCount","Source Cypher File: GitLog/List_git_files_that_were_changed_together_with_another_file.cypher"
"AxonFramework-4.11.2/integrationtests/pom.xml",576,""
"AxonFramework-4.11.2/spring/pom.xml",491,""
"AxonFramework-4.11.2/test/pom.xml",484,""
"AxonFramework-4.11.2/spring-boot-autoconfigure/pom.xml",477,""
"AxonFramework-4.11.2/spring-boot-starter/pom.xml",412,""
"AxonFramework-4.11.2/metrics/pom.xml",402,""
"AxonFramework-4.11.2/legacy/pom.xml",385,""
"AxonFramework-4.11.2/messaging/pom.xml",325,""
"AxonFramework-4.11.2/eventsourcing/pom.xml",303,""
"AxonFramework-4.11.2/axon-server-connector/src/main/java/org/axonframework/axonserver/connector/query/AxonServerQueryBus.java",293,""
"AxonFramework-4.11.2/axon-server-connector/pom.xml",289,""
"AxonFramework-4.11.2/modelling/pom.xml",285,""
"AxonFramework-4.11.2/spring/src/main/java/org/axonframework/spring/config/SpringAxonAutoConfigurer.java",273,""
"AxonFramework-4.11.2/config/pom.xml",268,""
"AxonFramework-4.11.2/test/src/main/java/org/axonframework/test/aggregate/AggregateTestFixture.java",253,""
"AxonFramework-4.11.2/disruptor/pom.xml",243,""
"AxonFramework-4.11.2/metrics-micrometer/pom.xml",226,""
"AxonFramework-4.11.2/messaging/src/main/java/org/axonframework/eventhandling/TrackingEventProcessor.java",217,""
"AxonFramework-4.11.2/axon-server-connector/src/main/java/org/axonframework/axonserver/connector/command/AxonServerCommandBus.java",216,""
"AxonFramework-4.11.2/axon-server-connector/src/main/java/org/axonframework/axonserver/connector/event/axon/AxonServerEventStore.java",201,""
"AxonFramework-4.11.2/.github/workflows/main.yml",199,""
"AxonFramework-4.11.2/spring/src/test/java/org/axonframework/spring/config/SpringAxonAutoConfigurerTest.java",197,""
"AxonFramework-4.11.2/.github/workflows/pullrequest.yml",194,""
"AxonFramework-4.11.2/integrationtests/src/test/java/org/axonframework/integrationtests/eventhandling/TrackingEventProcessorTest.java",190,""
"AxonFramework-4.11.2/test/src/main/java/org/axonframework/test/saga/SagaTestFixture.java",189,""
"AxonFramework-4.11.2/axon-server-connector/src/test/java/org/axonframework/axonserver/connector/query/AxonServerQueryBusTest.java",176,""
"AxonFramework-4.11.2/config/src/main/java/org/axonframework/config/EventProcessingModule.java",165,""
"AxonFramework-4.11.2/axon-server-connector/src/main/java/org/axonframework/axonserver/connector/AxonServerConnectionManager.java",153,""
"AxonFramework-4.11.2/test/src/main/java/org/axonframework/test/aggregate/ResultValidatorImpl.java",150,""
"AxonFramework-4.11.2/axon-server-connector/src/test/java/org/axonframework/axonserver/connector/command/AxonServerCommandBusTest.java",148,""
"AxonFramework-4.11.2/integrationtests/src/test/java/org/axonframework/integrationtests/loopbacktest/synchronous/SynchronousLoopbackTest.java",147,""
"AxonFramework-4.11.2/tracing-opentelemetry/pom.xml",146,""
"AxonFramework-4.11.2/spring/src/main/java/org/axonframework/spring/config/AxonConfiguration.java",142,""
"AxonFramework-4.11.2/axon-server-connector/src/main/java/org/axonframework/axonserver/connector/AxonServerConfiguration.java",140,""
"AxonFramework-4.11.2/spring-boot-3-integrationtests/pom.xml",132,""
"AxonFramework-4.11.2/spring-boot-autoconfigure/src/main/java/org/axonframework/springboot/autoconfig/AxonServerAutoConfiguration.java",131,""
"AxonFramework-4.11.2/test/src/main/java/org/axonframework/test/saga/FixtureConfiguration.java",128,""
"AxonFramework-4.11.2/config/src/main/java/org/axonframework/config/DefaultConfigurer.java",127,""
"AxonFramework-4.11.2/config/src/test/java/org/axonframework/config/EventProcessingModuleTest.java",126,""
"AxonFramework-4.11.2/spring-boot-autoconfigure/src/main/resources/META-INF/spring.factories",125,""
"AxonFramework-4.11.2/test/src/test/java/org/axonframework/test/saga/AnnotatedSagaTest.java",117,""
"AxonFramework-4.11.2/reactorless-test/pom.xml",112,""
"AxonFramework-4.11.2/test/src/main/java/org/axonframework/test/aggregate/FixtureConfiguration.java",106,""
"AxonFramework-4.11.2/messaging/src/main/java/org/axonframework/eventhandling/pooled/Coordinator.java",104,""
"AxonFramework-4.11.2/spring-boot-autoconfigure/src/main/java/org/axonframework/springboot/autoconfig/AxonAutoConfiguration.java",104,""
"AxonFramework-4.11.2/test/src/main/java/org/axonframework/test/saga/FixtureExecutionResultImpl.java",99,""
"AxonFramework-4.11.2/test/src/main/java/org/axonframework/test/aggregate/ResultValidator.java",99,""
"AxonFramework-4.11.2/axon-server-connector/src/main/java/org/axonframework/axonserver/connector/processor/EventProcessorControlService.java",99,""
"AxonFramework-4.11.2/test/src/test/java/org/axonframework/test/saga/FixtureExecutionResultImplTest.java",98,""
"AxonFramework-4.11.2/messaging/src/test/java/org/axonframework/eventhandling/pooled/PooledStreamingEventProcessorTest.java",97,""
"AxonFramework-4.11.2/axon-server-connector/src/test/java/org/axonframework/axonserver/connector/event/axon/AxonServerEventStoreTest.java",93,""
"AxonFramework-4.11.2/integrationtests/src/test/java/org/axonframework/integrationtests/commandhandling/EventPublicationOrderTest.java",92,""
"AxonFramework-4.11.2/config/src/main/java/org/axonframework/config/AggregateConfigurer.java",92,""
"AxonFramework-4.11.2/axon-server-connector/src/main/java/org/axonframework/axonserver/connector/ServerConnectorConfigurerModule.java",91,""
"AxonFramework-4.11.2/messaging/src/main/java/org/axonframework/queryhandling/SimpleQueryBus.java",88,""
"AxonFramework-4.11.2/messaging/src/main/java/org/axonframework/eventhandling/pooled/PooledStreamingEventProcessor.java",86,""
"AxonFramework-4.11.2/modelling/src/main/java/org/axonframework/modelling/command/AggregateAnnotationCommandHandler.java",85,""
"AxonFramework-4.11.2/axon-4-api-changes.md",82,""
"AxonFramework-4.11.2/spring/src/test/java/org/axonframework/spring/config/SpringAxonAutoConfigurerTest_CustomEventHandlerConfiguration.java",76,""
"AxonFramework-4.11.2/config/src/main/java/org/axonframework/config/EventProcessingConfigurer.java",75,""
"AxonFramework-4.11.2/hibernate-6-integrationtests/pom.xml",72,""
"AxonFramework-4.11.2/axon-server-connector/src/main/java/org/axonframework/axonserver/connector/event/axon/EventBuffer.java",71,""
"AxonFramework-4.11.2/spring/src/test/java/org/axonframework/spring/eventsourcing/SpringAggregateSnapshotterFactoryBeanTest.java",71,""
"AxonFramework-4.11.2/coverage-report/pom.xml",69,""
"AxonFramework-4.11.2/test/src/main/java/org/axonframework/test/saga/EventValidator.java",68,""
"AxonFramework-4.11.2/axon-server-connector/src/main/java/org/axonframework/axonserver/connector/event/axon/EventProcessorInfoConfiguration.java",67,""
"AxonFramework-4.11.2/test/src/main/java/org/axonframework/test/saga/FixtureExecutionResult.java",67,""
"AxonFramework-4.11.2/integrationtests/src/test/java/org/axonframework/integrationtests/commandhandling/CommandRetryAndDispatchInterceptorIntegrationTest.java",66,""
"AxonFramework-4.11.2/test/src/main/java/org/axonframework/test/matchers/Matchers.java",65,""
"AxonFramework-4.11.2/messaging/src/main/java/org/axonframework/eventhandling/pooled/WorkPackage.java",63,""
"AxonFramework-4.11.2/axon-server-connector/src/main/java/org/axonframework/axonserver/connector/command/CommandSerializer.java",63,""
"AxonFramework-4.11.2/axon-server-connector/src/test/java/org/axonframework/axonserver/connector/AxonServerConnectionManagerTest.java",60,""
"AxonFramework-4.11.2/spring-boot-autoconfigure/src/main/java/org/axonframework/springboot/autoconfig/JdbcAutoConfiguration.java",60,""
"AxonFramework-4.11.2/test/src/main/java/org/axonframework/test/aggregate/Reporter.java",60,""
"AxonFramework-4.11.2/config/src/main/java/org/axonframework/config/Configuration.java",59,""
"AxonFramework-4.11.2/test/src/test/java/org/axonframework/test/saga/StubSaga.java",59,""
"AxonFramework-4.11.2/spring/src/main/java/org/axonframework/spring/eventsourcing/SpringAggregateSnapshotterFactoryBean.java",58,""
"AxonFramework-4.11.2/messaging/src/main/java/org/axonframework/eventhandling/SimpleEventHandlerInvoker.java",58,""
"AxonFramework-4.11.2/spring/src/main/java/org/axonframework/spring/config/annotation/AnnotationCommandHandlerBeanPostProcessor.java",58,""
"AxonFramework-4.11.2/spring/src/main/java/org/axonframework/spring/config/AbstractAnnotationHandlerBeanPostProcessor.java",57,""
"AxonFramework-4.11.2/axon-server-connector/src/main/java/org/axonframework/axonserver/connector/ErrorCode.java",56,""
"AxonFramework-4.11.2/messaging/src/main/java/org/axonframework/eventhandling/SubscribingEventProcessor.java",56,""
"AxonFramework-4.11.2/messaging/src/main/java/org/axonframework/deadline/quartz/QuartzDeadlineManager.java",56,""
"AxonFramework-4.11.2/test/src/main/java/org/axonframework/test/deadline/StubDeadlineManager.java",56,""
"AxonFramework-4.11.2/eventsourcing/src/main/java/org/axonframework/eventsourcing/eventstore/jdbc/JdbcEventStorageEngine.java",54,""
"AxonFramework-4.11.2/config/src/main/java/org/axonframework/config/Configurer.java",53,""
"AxonFramework-4.11.2/config/src/test/java/org/axonframework/config/DefaultConfigurerTest.java",53,""
"AxonFramework-4.11.2/spring-boot3-dummy/pom.xml",53,""
"AxonFramework-4.11.2/test/src/test/java/org/axonframework/test/aggregate/FixtureTest_Annotated.java",51,""
"AxonFramework-4.11.2/modelling/src/main/java/org/axonframework/modelling/command/inspection/AnnotatedAggregateMetaModelFactory.java",51,""
"AxonFramework-4.11.2/test/src/main/java/org/axonframework/test/utils/RecordingCommandBus.java",51,""
"AxonFramework-4.11.2/eventsourcing/src/main/java/org/axonframework/eventsourcing/eventstore/AbstractEventStorageEngine.java",50,""
"AxonFramework-4.11.2/spring/src/main/java/org/axonframework/spring/stereotype/Aggregate.java",50,""
"AxonFramework-4.11.2/messaging/src/main/java/org/axonframework/commandhandling/distributed/DistributedCommandBus.java",49,""
"AxonFramework-4.11.2/test/src/main/java/org/axonframework/test/aggregate/TestExecutor.java",49,""
"AxonFramework-4.11.2/spring/src/main/java/org/axonframework/spring/config/EventHandlerRegistrar.java",49,""
"AxonFramework-4.11.2/messaging/src/main/java/org/axonframework/queryhandling/SimpleQueryUpdateEmitter.java",48,""
"AxonFramework-4.11.2/axon-server-connector/src/test/java/org/axonframework/axonserver/connector/command/CommandSerializerTest.java",48,""
"AxonFramework-4.11.2/messaging/src/test/java/org/axonframework/eventhandling/SimpleEventHandlerInvokerTest.java",47,""
"AxonFramework-4.11.2/test/src/test/java/org/axonframework/test/aggregate/ResultValidatorImplTest.java",47,""
"AxonFramework-4.11.2/config/src/test/java/org/axonframework/config/AggregateConfigurerTest.java",47,""
"AxonFramework-4.11.2/messaging/src/main/java/org/axonframework/messaging/annotation/AnnotatedMessageHandlingMember.java",47,""
"AxonFramework-4.11.2/spring-boot-autoconfigure/src/test/java/org/axonframework/springboot/AxonAutoConfigurationTest.java",44,""
"AxonFramework-4.11.2/messaging/src/main/java/org/axonframework/eventhandling/TrackingEventProcessorConfiguration.java",44,""
"AxonFramework-4.11.2/messaging/src/main/java/org/axonframework/eventhandling/tokenstore/jdbc/JdbcTokenStore.java",42,""
"AxonFramework-4.11.2/messaging/src/main/java/org/axonframework/common/ReflectionUtils.java",42,""
"AxonFramework-4.11.2/axon-server-connector/src/main/java/org/axonframework/axonserver/connector/query/QuerySerializer.java",42,""
"AxonFramework-4.11.2/messaging/src/main/java/org/axonframework/queryhandling/DefaultQueryGateway.java",42,""
"AxonFramework-4.11.2/modelling/src/test/java/org/axonframework/modelling/command/AggregateAnnotationCommandHandlerTest.java",41,""
"AxonFramework-4.11.2/messaging/src/main/java/org/axonframework/deadline/SimpleDeadlineManager.java",40,""
"AxonFramework-4.11.2/axon-server-connector/src/test/java/org/axonframework/axonserver/connector/command/DummyMessagePlatformServer.java",40,""
"AxonFramework-4.11.2/messaging/src/main/java/org/axonframework/eventhandling/ReplayToken.java",40,""
"AxonFramework-4.11.2/integrationtests/src/test/java/org/axonframework/integrationtests/commandhandling/StubAggregate.java",40,""
"AxonFramework-4.11.2/axon-server-connector/src/main/java/org/axonframework/axonserver/connector/query/subscription/SubscriptionMessageSerializer.java",39,""
"AxonFramework-4.11.2/messaging/src/main/java/org/axonframework/eventhandling/scheduling/quartz/QuartzEventScheduler.java",39,""
"AxonFramework-4.11.2/spring/src/main/java/org/axonframework/spring/config/CommandHandlerSubscriber.java",39,""
"AxonFramework-4.11.2/test/src/main/java/org/axonframework/test/saga/CommandValidator.java",39,""
"AxonFramework-4.11.2/test/src/test/java/org/axonframework/test/utils/RecordingCommandBusTest.java",38,""
"AxonFramework-4.11.2/messaging/src/test/java/org/axonframework/eventhandling/tokenstore/jdbc/JdbcTokenStoreTest.java",38,""
"AxonFramework-4.11.2/messaging/src/main/java/org/axonframework/commandhandling/SimpleCommandBus.java",38,""
"AxonFramework-4.11.2/spring-boot-autoconfigure/src/test/java/org/axonframework/springboot/JdbcAutoConfigurationTest.java",38,""
"AxonFramework-4.11.2/messaging/src/main/java/org/axonframework/eventhandling/GapAwareTrackingToken.java",38,""
"AxonFramework-4.11.2/axon-server-connector/src/test/java/org/axonframework/axonserver/connector/event/axon/EventBufferTest.java",37,""
"AxonFramework-4.11.2/messaging/src/main/java/org/axonframework/eventhandling/tokenstore/jpa/JpaTokenStore.java",37,""
"AxonFramework-4.11.2/test/src/main/java/org/axonframework/test/utils/DefaultCallbackBehavior.java",37,""
"AxonFramework-4.11.2/spring-boot-autoconfigure/src/main/java/org/axonframework/springboot/autoconfig/JpaAutoConfiguration.java",36,""
"AxonFramework-4.11.2/spring-boot-autoconfigure/src/main/resources/META-INF/spring/org.springframework.boot.autoconfigure.AutoConfiguration.imports",36,""
"AxonFramework-4.11.2/axon-server-connector/src/test/java/org/axonframework/axonserver/connector/query/QuerySerializerTest.java",36,""
"AxonFramework-4.11.2/test/src/main/java/org/axonframework/test/saga/RepositoryContentValidator.java",36,""
"AxonFramework-4.11.2/spring/src/test/java/org/axonframework/spring/config/AnnotationDrivenConfigurationTest_DefaultValues.java",36,""
"AxonFramework-4.11.2/messaging/src/test/java/org/axonframework/queryhandling/SimpleQueryBusTest.java",35,""
"AxonFramework-4.11.2/messaging/src/main/java/org/axonframework/messaging/annotation/AnnotatedHandlerInspector.java",35,""
"AxonFramework-4.11.2/messaging/src/main/java/org/axonframework/messaging/responsetypes/MultipleInstancesResponseType.java",34,""
"AxonFramework-4.11.2/eventsourcing/src/main/java/org/axonframework/eventsourcing/eventstore/jpa/JpaEventStorageEngine.java",34,""
"AxonFramework-4.11.2/eventsourcing/src/test/java/org/axonframework/eventsourcing/eventstore/jdbc/JdbcEventStorageEngineTest.java",34,""
"AxonFramework-4.11.2/spring/src/main/java/org/axonframework/spring/config/AnnotationDrivenRegistrar.java",34,""
"AxonFramework-4.11.2/axon-server-connector/src/main/java/org/axonframework/axonserver/connector/query/subscription/AxonServerSubscriptionQueryResult.java",34,""
"AxonFramework-4.11.2/disruptor/src/test/java/org/axonframework/disruptor/commandhandling/DisruptorCommandBusTest.java",34,""
"AxonFramework-4.11.2/messaging/src/main/java/org/axonframework/serialization/xml/XStreamSerializer.java",33,""
"AxonFramework-4.11.2/metrics/src/test/java/org/axonframework/metrics/EventProcessorLatencyMonitorTest.java",33,""
"AxonFramework-4.11.2/modelling/src/main/java/org/axonframework/modelling/command/LockingRepository.java",33,""
"AxonFramework-4.11.2/test/src/main/java/org/axonframework/test/eventscheduler/StubEventScheduler.java",33,""
"AxonFramework-4.11.2/test/src/test/java/org/axonframework/test/aggregate/FixtureTest_MatcherParams.java",32,""
"AxonFramework-4.11.2/integrationtests/src/test/java/org/axonframework/integrationtests/deadline/jobrunr/JobrunrDeadlineManagerTest.java",32,""
"AxonFramework-4.11.2/messaging/src/test/java/org/axonframework/eventhandling/pooled/CoordinatorTest.java",32,""
"AxonFramework-4.11.2/messaging/src/main/java/org/axonframework/eventhandling/AnnotationEventHandlerAdapter.java",32,""
"AxonFramework-4.11.2/spring/src/test/java/org/axonframework/spring/config/annotation/StubAggregate.java",31,""
"AxonFramework-4.11.2/.github/workflows/slack-release-notification.yml",31,""
"AxonFramework-4.11.2/messaging/src/main/java/org/axonframework/messaging/annotation/MessageHandlingMember.java",31,""
"AxonFramework-4.11.2/test/src/test/java/org/axonframework/test/eventscheduler/StubEventSchedulerTest.java",31,""
"AxonFramework-4.11.2/config/src/main/java/org/axonframework/config/EventProcessingConfiguration.java",31,""
"AxonFramework-4.11.2/test/src/test/java/org/axonframework/test/aggregate/FixtureTest_RegularParams.java",31,""
"AxonFramework-4.11.2/spring/src/test/java/org/axonframework/spring/config/AutoWiredStateStoredAggregateTest.java",30,""
"AxonFramework-4.11.2/messaging/src/test/java/org/axonframework/common/ReflectionUtilsTest.java",30,""
"AxonFramework-4.11.2/axon-server-connector/src/test/java/org/axonframework/axonserver/connector/event/EventStoreImpl.java",30,""
"AxonFramework-4.11.2/messaging/src/main/java/org/axonframework/eventhandling/deadletter/DeadLetteringEventHandlerInvoker.java",30,""
"AxonFramework-4.11.2/spring-boot-autoconfigure/src/main/java/org/axonframework/springboot/autoconfig/JpaEventStoreAutoConfiguration.java",30,""
"AxonFramework-4.11.2/messaging/src/main/java/org/axonframework/eventhandling/EventHandlerInvoker.java",29,""
"AxonFramework-4.11.2/messaging/src/main/java/org/axonframework/serialization/json/JacksonSerializer.java",29,""
"AxonFramework-4.11.2/metrics/src/main/java/org/axonframework/metrics/EventProcessorLatencyMonitor.java",29,""
"AxonFramework-4.11.2/messaging/src/main/java/org/axonframework/eventhandling/MultiSourceTrackingToken.java",28,""
"AxonFramework-4.11.2/messaging/src/test/java/org/axonframework/eventhandling/GapAwareTrackingTokenTest.java",28,""
"AxonFramework-4.11.2/messaging/src/main/java/org/axonframework/eventhandling/MergedTrackingToken.java",28,""
"AxonFramework-4.11.2/messaging/src/main/java/org/axonframework/eventhandling/EventTrackerStatus.java",28,""
"AxonFramework-4.11.2/axon-server-connector/src/main/java/org/axonframework/axonserver/connector/heartbeat/HeartbeatMonitor.java",28,""
"AxonFramework-4.11.2/axon-server-connector/src/test/java/org/axonframework/axonserver/connector/event/StubServer.java",28,""
"AxonFramework-4.11.2/messaging/src/test/java/org/axonframework/eventhandling/MergedTrackingTokenTest.java",28,""
"AxonFramework-4.11.2/spring/src/main/java/org/axonframework/spring/config/annotation/AnnotationQueryHandlerBeanPostProcessor.java",28,""
"AxonFramework-4.11.2/axon-server-connector/src/test/java/org/axonframework/axonserver/connector/query/subscription/SubscriptionMessageSerializerTest.java",28,""
"AxonFramework-4.11.2/modelling/src/main/java/org/axonframework/modelling/command/AbstractRepository.java",27,""
"AxonFramework-4.11.2/axon-server-connector/src/main/java/org/axonframework/axonserver/connector/query/QueryProcessingTask.java",27,""
"AxonFramework-4.11.2/test/src/main/java/org/axonframework/test/utils/AutowiredResourceInjector.java",27,""
"AxonFramework-4.11.2/test/src/main/java/org/axonframework/test/aggregate/StubAggregateLifecycle.java",27,""
"AxonFramework-4.11.2/axon-server-connector/src/test/java/org/axonframework/axonserver/connector/ServerConnectorConfigurerModuleTest.java",27,""
"AxonFramework-4.11.2/axon-server-connector/src/main/java/org/axonframework/axonserver/connector/query/subscription/GrpcBackedQueryUpdateMessage.java",27,""
"AxonFramework-4.11.2/test/src/main/java/org/axonframework/test/matchers/EqualFieldsMatcher.java",27,""
"AxonFramework-4.11.2/test/src/test/java/org/axonframework/test/aggregate/FixtureTest_ExceptionHandling.java",26,""
"AxonFramework-4.11.2/test/src/main/java/org/axonframework/test/eventscheduler/StubScheduleToken.java",26,""
"AxonFramework-4.11.2/test/src/test/java/org/axonframework/test/aggregate/AnnotatedAggregate.java",26,""
"AxonFramework-4.11.2/spring/src/main/java/org/axonframework/spring/eventhandling/scheduling/java/SimpleEventSchedulerFactoryBean.java",26,""
"AxonFramework-4.11.2/messaging/src/test/java/org/axonframework/eventhandling/deadletter/DeadLetteringEventHandlerInvokerTest.java",26,""
"AxonFramework-4.11.2/test/src/main/java/org/axonframework/test/saga/ContinuedGivenState.java",26,""
"AxonFramework-4.11.2/spring/src/main/java/org/axonframework/spring/config/annotation/SpringBeanParameterResolverFactory.java",25,""
"AxonFramework-4.11.2/test/src/test/java/org/axonframework/test/aggregate/FixtureTest_CommandInterceptors.java",25,""
"AxonFramework-4.11.2/messaging/src/main/java/org/axonframework/eventhandling/GlobalSequenceTrackingToken.java",25,""
"AxonFramework-4.11.2/spring-boot-autoconfigure/src/test/java/org/axonframework/springboot/AxonAutoConfigurationWithDisruptorTest.java",25,""
"AxonFramework-4.11.2/messaging/src/main/java/org/axonframework/eventhandling/AbstractEventProcessor.java",25,""
"AxonFramework-4.11.2/messaging/src/main/java/org/axonframework/queryhandling/QueryBus.java",25,""
"AxonFramework-4.11.2/eventsourcing/src/main/java/org/axonframework/eventsourcing/EventSourcingRepository.java",25,""
"AxonFramework-4.11.2/metrics/src/main/java/org/axonframework/metrics/GlobalMetricRegistry.java",24,""
"AxonFramework-4.11.2/messaging/src/test/java/org/axonframework/eventhandling/MultiSourceTrackingTokenTest.java",24,""
"AxonFramework-4.11.2/messaging/src/test/java/org/axonframework/queryhandling/DefaultQueryGatewayTest.java",24,""
"AxonFramework-4.11.2/axon-server-connector/src/main/java/org/axonframework/axonserver/connector/event/axon/AxonServerEventScheduler.java",24,""
"AxonFramework-4.11.2/modelling/src/main/java/org/axonframework/modelling/saga/repository/jdbc/JdbcSagaStore.java",24,""
"AxonFramework-4.11.2/messaging/src/test/java/org/axonframework/commandhandling/distributed/DistributedCommandBusTest.java",24,""
"AxonFramework-4.11.2/spring-boot-autoconfigure/src/main/java/org/axonframework/springboot/autoconfig/legacyjpa/JpaJavaxAutoConfiguration.java",24,""
"AxonFramework-4.11.2/disruptor/src/main/java/org/axonframework/disruptor/commandhandling/DisruptorCommandBus.java",24,""
"AxonFramework-4.11.2/messaging/src/main/java/org/axonframework/serialization/AbstractXStreamSerializer.java",24,""
"AxonFramework-4.11.2/spring/src/main/java/org/axonframework/spring/eventhandling/scheduling/quartz/QuartzEventSchedulerFactoryBean.java",23,""
"AxonFramework-4.11.2/test/src/test/java/org/axonframework/test/matchers/EqualFieldsMatcherTest.java",22,""
"AxonFramework-4.11.2/spring/src/test/java/org/axonframework/spring/eventhandling/scheduling/quartz/QuartzTableMaker.java",22,""
"AxonFramework-4.11.2/eventsourcing/src/main/java/org/axonframework/eventsourcing/AbstractAggregateFactory.java",22,""
"AxonFramework-4.11.2/spring/src/main/java/org/axonframework/spring/messaging/DefaultEventMessageConverter.java",22,""
"AxonFramework-4.11.2/messaging/src/test/java/org/axonframework/messaging/annotation/AnnotatedHandlerInspectorTest.java",22,""
"AxonFramework-4.11.2/spring/src/test/java/org/axonframework/integrationtests/deadline/AbstractDeadlineManagerTestSuite.java",22,""
"AxonFramework-4.11.2/metrics/src/test/java/org/axonframework/metrics/MessageTimerMonitorTest.java",22,""
"AxonFramework-4.11.2/test/src/main/java/org/axonframework/test/matchers/PayloadsMatcher.java",22,""
"AxonFramework-4.11.2/axon-server-connector/src/main/java/org/axonframework/axonserver/connector/command/GrpcBackedCommandMessage.java",22,""
"AxonFramework-4.11.2/messaging/src/main/java/org/axonframework/eventhandling/EventProcessor.java",22,""
"AxonFramework-4.11.2/metrics/src/test/java/org/axonframework/metrics/CapacityMonitorTest.java",22,""
"AxonFramework-4.11.2/messaging/src/test/java/org/axonframework/eventhandling/scheduling/jobrunr/JobRunrEventSchedulerTest.java",22,""
"AxonFramework-4.11.2/axon-server-connector/src/main/java/org/axonframework/axonserver/connector/query/GrpcBackedResponseMessage.java",22,""
"AxonFramework-4.11.2/messaging/src/main/java/org/axonframework/eventhandling/deadletter/jpa/JpaSequencedDeadLetterQueue.java",22,""
"AxonFramework-4.11.2/integrationtests/src/test/java/org/axonframework/integrationtests/eventhandling/TrackingEventProcessorTest_MultiThreaded.java",22,""
"AxonFramework-4.11.2/config/src/main/java/org/axonframework/config/AggregateConfiguration.java",22,""
"AxonFramework-4.11.2/messaging/src/main/java/org/axonframework/common/stream/BlockingStream.java",22,""
"AxonFramework-4.11.2/messaging/src/main/java/org/axonframework/messaging/annotation/WrappedMessageHandlingMember.java",22,""
"AxonFramework-4.11.2/messaging/src/test/java/org/axonframework/serialization/json/JacksonSerializerTest.java",21,""
"AxonFramework-4.11.2/messaging/src/main/java/org/axonframework/eventhandling/WrappedToken.java",21,""
"AxonFramework-4.11.2/messaging/src/test/java/org/axonframework/eventhandling/deadletter/DeadLetteringEventIntegrationTest.java",21,""
"AxonFramework-4.11.2/modelling/src/main/java/org/axonframework/modelling/saga/AbstractSagaManager.java",21,""
"AxonFramework-4.11.2/messaging/src/main/java/org/axonframework/common/caching/WeakReferenceCache.java",21,""
"AxonFramework-4.11.2/integrationtests/src/test/java/org/axonframework/integrationtests/loopbacktest/Message.java",21,""
"AxonFramework-4.11.2/spring/src/test/java/org/axonframework/spring/config/AutoWiredEventSourcedAggregateTest.java",21,""
"AxonFramework-4.11.2/test/src/test/java/org/axonframework/test/aggregate/FixtureTest_CreationPolicy.java",21,""
"AxonFramework-4.11.2/axon-server-connector/src/test/java/org/axonframework/axonserver/connector/query/QueryProcessingTaskIntegrationTest.java",21,""
"AxonFramework-4.11.2/integrationtests/src/test/java/org/axonframework/integrationtests/cache/TestAggregateRoot.java",21,""
"AxonFramework-4.11.2/messaging/src/main/java/org/axonframework/eventhandling/scheduling/java/SimpleEventScheduler.java",21,""
"AxonFramework-4.11.2/axon-server-connector/src/main/java/org/axonframework/axonserver/connector/event/axon/GrpcMetaDataAwareSerializer.java",21,""
"AxonFramework-4.11.2/modelling/src/main/java/org/axonframework/modelling/command/inspection/AggregateMemberAnnotatedChildEntityCollectionDefinition.java",21,""
"AxonFramework-4.11.2/messaging/src/test/java/org/axonframework/queryhandling/SimpleQueryUpdateEmitterTest.java",21,""
"AxonFramework-4.11.2/axon-server-connector/src/main/java/org/axonframework/axonserver/connector/heartbeat/HeartbeatConfiguration.java",20,""
"AxonFramework-4.11.2/messaging/src/test/java/org/axonframework/eventhandling/ReplayTokenTest.java",20,""
"AxonFramework-4.11.2/axon-server-connector/src/main/java/org/axonframework/axonserver/connector/util/UpstreamAwareStreamObserver.java",20,""
"AxonFramework-4.11.2/axon-server-connector/src/main/java/org/axonframework/axonserver/connector/event/axon/PersistentStreamConnection.java",20,""
"AxonFramework-4.11.2/metrics/src/main/java/org/axonframework/metrics/MessageTimerMonitor.java",20,""
"AxonFramework-4.11.2/spring-boot-autoconfigure/src/main/java/org/axonframework/springboot/EventProcessorProperties.java",20,""
"AxonFramework-4.11.2/modelling/src/main/java/org/axonframework/modelling/saga/repository/jpa/JpaSagaStore.java",20,""
"AxonFramework-4.11.2/modelling/src/test/java/org/axonframework/modelling/saga/repository/CachingSagaStoreTest.java",20,""
"AxonFramework-4.11.2/modelling/src/main/java/org/axonframework/modelling/command/inspection/AggregateMemberAnnotatedChildEntityDefinition.java",20,""
"AxonFramework-4.11.2/modelling/src/main/java/org/axonframework/modelling/command/inspection/AggregateMemberAnnotatedChildEntityMapDefinition.java",19,""
"AxonFramework-4.11.2/messaging/src/main/java/org/axonframework/eventhandling/tokenstore/TokenStore.java",19,""
"AxonFramework-4.11.2/messaging/src/main/java/org/axonframework/serialization/upcasting/event/InitialEventRepresentation.java",19,""
"AxonFramework-4.11.2/messaging/src/test/java/org/axonframework/messaging/annotation/HandlerComparatorTest.java",19,""
"AxonFramework-4.11.2/spring/src/test/java/org/axonframework/spring/saga/SpringResourceInjectorTest.java",19,""
"AxonFramework-4.11.2/axon-server-connector/src/test/java/org/axonframework/axonserver/connector/event/axon/ErrorCodeTest.java",19,""
"AxonFramework-4.11.2/modelling/src/main/java/org/axonframework/modelling/saga/repository/CachingSagaStore.java",19,""
"AxonFramework-4.11.2/messaging/src/main/java/org/axonframework/serialization/upcasting/event/IntermediateEventRepresentation.java",19,""
"AxonFramework-4.11.2/eventsourcing/src/main/java/org/axonframework/eventsourcing/MultiStreamableMessageSource.java",19,""
"AxonFramework-4.11.2/messaging/src/main/java/org/axonframework/serialization/upcasting/event/UpcastedEventRepresentation.java",19,""
"AxonFramework-4.11.2/spring/src/main/java/org/axonframework/spring/config/AnnotationDriven.java",19,""
"AxonFramework-4.11.2/spring/src/test/java/org/axonframework/spring/eventsourcing/SpringPrototypeAggregateFactoryTest.java",19,""
"AxonFramework-4.11.2/test/src/main/java/org/axonframework/test/deadline/ScheduledDeadlineInfo.java",19,""
"AxonFramework-4.11.2/messaging/src/main/java/org/axonframework/eventhandling/MultiEventHandlerInvoker.java",19,""
"AxonFramework-4.11.2/messaging/src/main/java/org/axonframework/common/lock/PessimisticLockFactory.java",18,""
"AxonFramework-4.11.2/messaging/src/main/java/org/axonframework/eventhandling/AbstractEventBus.java",18,""
"AxonFramework-4.11.2/messaging/src/main/java/org/axonframework/messaging/responsetypes/InstanceResponseType.java",18,""
"AxonFramework-4.11.2/integrationtests/src/test/java/org/axonframework/integrationtests/commandhandling/StubAggregateCommandHandler.java",18,""
"AxonFramework-4.11.2/spring-boot-autoconfigure/src/test/java/org/axonframework/springboot/legacyjpa/JpaJavaxAutoConfigurationTest.java",18,""
"AxonFramework-4.11.2/spring/src/main/java/org/axonframework/spring/stereotype/Saga.java",18,""
"AxonFramework-4.11.2/test/src/test/java/org/axonframework/test/saga/EventValidatorTest.java",18,""
"AxonFramework-4.11.2/test/src/main/java/org/axonframework/test/saga/WhenState.java",18,""
"AxonFramework-4.11.2/.gitignore",18,""
"AxonFramework-4.11.2/spring/src/main/java/org/axonframework/spring/eventsourcing/SpringPrototypeAggregateFactory.java",18,""
"AxonFramework-4.11.2/messaging/src/test/java/org/axonframework/common/lock/PessimisticLockFactoryTest.java",18,""
"AxonFramework-4.11.2/messaging/src/main/java/org/axonframework/lifecycle/Phase.java",18,""
"AxonFramework-4.11.2/test/src/test/java/org/axonframework/test/aggregate/FixtureTest_Resources.java",18,""
"AxonFramework-4.11.2/axon-server-connector/src/main/java/org/axonframework/axonserver/connector/AxonServerException.java",18,""
"AxonFramework-4.11.2/messaging/src/test/java/org/axonframework/eventhandling/pooled/WorkPackageTest.java",17,""
"AxonFramework-4.11.2/metrics/src/test/java/org/axonframework/metrics/MessageCountingMonitorTest.java",17,""
"AxonFramework-4.11.2/spring/src/test/java/org/axonframework/spring/config/EventHandlerRegistrarTest.java",17,""
"AxonFramework-4.11.2/messaging/src/main/java/org/axonframework/eventhandling/tokenstore/inmemory/InMemoryTokenStore.java",17,""
"AxonFramework-4.11.2/spring/src/test/java/org/axonframework/spring/messaging/DefaultEventMessageConverterTest.java",17,""
"AxonFramework-4.11.2/test/src/main/java/org/axonframework/test/utils/CallbackBehavior.java",17,""
"AxonFramework-4.11.2/axon-server-connector/src/main/java/org/axonframework/axonserver/connector/event/util/GrpcExceptionParser.java",17,""
"AxonFramework-4.11.2/spring-boot-3-integrationtests/src/test/java/org/axonframework/springboot/JpaAutoConfigurationTest.java",17,""
"AxonFramework-4.11.2/modelling/src/test/java/org/axonframework/modelling/command/AnnotationCommandTargetResolverTest.java",16,""
"AxonFramework-4.11.2/test/src/test/java/org/axonframework/test/saga/FixtureTest_Deadlines.java",16,""
"AxonFramework-4.11.2/eventsourcing/src/main/java/org/axonframework/eventsourcing/eventstore/BatchingEventStorageEngine.java",16,""
"AxonFramework-4.11.2/messaging/src/test/java/org/axonframework/eventhandling/GlobalSequenceTrackingTokenTest.java",16,""
"AxonFramework-4.11.2/test/src/test/java/org/axonframework/test/aggregate/FixtureTest_Deadlines.java",16,""
"AxonFramework-4.11.2/messaging/src/test/java/org/axonframework/eventhandling/AbstractEventProcessorTest.java",16,""
"AxonFramework-4.11.2/modelling/src/main/java/org/axonframework/modelling/command/AnnotationCommandTargetResolver.java",16,""
"AxonFramework-4.11.2/test/src/main/java/org/axonframework/test/deadline/DeadlineManagerValidator.java",15,""
"AxonFramework-4.11.2/docs/old-reference-guide/antora.yml",15,""
"AxonFramework-4.11.2/messaging/src/main/java/org/axonframework/messaging/responsetypes/ResponseTypes.java",15,""
"AxonFramework-4.11.2/integrationtests/src/test/java/org/axonframework/integrationtests/eventhandling/SubscribingEventProcessorTest.java",15,""
"AxonFramework-4.11.2/messaging/src/test/java/org/axonframework/eventhandling/MultiEventHandlerInvokerTest.java",15,""
"AxonFramework-4.11.2/test/src/test/java/org/axonframework/test/saga/CommandValidatorTest.java",15,""
"AxonFramework-4.11.2/eventsourcing/src/test/java/org/axonframework/eventsourcing/eventstore/BatchingEventStorageEngineTest.java",15,""
"AxonFramework-4.11.2/messaging/src/main/java/org/axonframework/common/caching/Cache.java",15,""
"AxonFramework-4.11.2/messaging/src/main/java/org/axonframework/eventhandling/deadletter/legacyjpa/JpaSequencedDeadLetterQueue.java",15,""
"AxonFramework-4.11.2/metrics/src/main/java/org/axonframework/metrics/PayloadTypeMessageMonitorWrapper.java",15,""
"AxonFramework-4.11.2/modelling/src/test/java/org/axonframework/modelling/command/inspection/AnnotatedAggregateMetaModelFactoryTest.java",15,""
"AxonFramework-4.11.2/test/src/main/java/org/axonframework/test/deadline/DeadlineConsumer.java",15,""
"AxonFramework-4.11.2/test/src/main/java/org/axonframework/test/matchers/ListMatcher.java",15,""
"AxonFramework-4.11.2/spring/src/main/java/org/axonframework/spring/config/annotation/SpringContextParameterResolverFactoryBuilder.java",14,""
"AxonFramework-4.11.2/test/src/main/java/org/axonframework/test/matchers/ListWithAllOfMatcher.java",14,""
"AxonFramework-4.11.2/test/src/main/java/org/axonframework/test/matchers/ListWithAnyOfMatcher.java",14,""
"AxonFramework-4.11.2/messaging/src/test/java/org/axonframework/commandhandling/SimpleCommandBusTest.java",14,""
"AxonFramework-4.11.2/metrics/src/main/java/org/axonframework/metrics/CapacityMonitor.java",14,""
"AxonFramework-4.11.2/spring/src/main/java/org/axonframework/spring/config/QueryHandlerSubscriber.java",14,""
"AxonFramework-4.11.2/.mvn/wrapper/maven-wrapper.properties",14,""
"AxonFramework-4.11.2/test/src/test/java/org/axonframework/test/aggregate/FixtureTest_StateStorage.java",14,""
"AxonFramework-4.11.2/spring-boot-autoconfigure/src/main/java/org/axonframework/springboot/SerializerProperties.java",14,""
"AxonFramework-4.11.2/config/src/main/java/org/axonframework/config/Component.java",14,""
"AxonFramework-4.11.2/modelling/src/main/java/org/axonframework/modelling/command/inspection/AbstractChildEntityDefinition.java",14,""
"AxonFramework-4.11.2/.mvn/wrapper/maven-wrapper.jar",14,""
"AxonFramework-4.11.2/spring/src/test/java/org/axonframework/spring/config/annotation/AnnotationQueryHandlerBeanPostProcessorTest.java",14,""
"AxonFramework-4.11.2/eventsourcing/src/test/java/org/axonframework/eventsourcing/EventSourcingRepositoryTest.java",13,""
"AxonFramework-4.11.2/test/src/test/java/org/axonframework/test/matchers/ExactSequenceOfEventsMatcherTest.java",13,""
"AxonFramework-4.11.2/messaging/src/main/java/org/axonframework/eventhandling/EventMessageHandler.java",13,""
"AxonFramework-4.11.2/integrationtests/src/test/java/org/axonframework/integrationtests/eventsourcing/eventstore/jdbc/Oracle11EventTableFactoryTest.java",13,""
"AxonFramework-4.11.2/modelling/src/main/java/org/axonframework/modelling/command/inspection/AnnotatedAggregate.java",13,""
"AxonFramework-4.11.2/modelling/src/main/java/org/axonframework/modelling/command/GenericJpaRepository.java",13,""
"AxonFramework-4.11.2/eventsourcing/src/test/java/org/axonframework/eventsourcing/eventstore/AbstractEventStorageEngineTest.java",13,""
"AxonFramework-4.11.2/test/src/test/java/org/axonframework/test/server/AxonServerSEContainerTest.java",13,""
"AxonFramework-4.11.2/modelling/src/test/java/org/axonframework/modelling/command/LockingRepositoryTest.java",13,""
"AxonFramework-4.11.2/axon-server-connector/src/main/java/org/axonframework/axonserver/connector/query/subscription/GrpcBackedSubscriptionQueryMessage.java",13,""
"AxonFramework-4.11.2/docs/old-reference-guide/modules/events/pages/event-processors/subscribing.adoc",13,""
"AxonFramework-4.11.2/test/src/test/java/org/axonframework/test/matchers/SequenceOfEventsMatcherTest.java",13,""
"AxonFramework-4.11.2/messaging/src/main/java/org/axonframework/common/caching/JCacheAdapter.java",13,""
"AxonFramework-4.11.2/messaging/src/main/java/org/axonframework/common/StringUtils.java",13,""
"AxonFramework-4.11.2/test/src/test/java/org/axonframework/test/server/AxonServerEEContainerTest.java",13,""
"AxonFramework-4.11.2/messaging/src/test/java/org/axonframework/eventhandling/tokenstore/inmemory/InMemoryTokenStoreTest.java",13,""
"AxonFramework-4.11.2/config/src/test/java/org/axonframework/config/DefaultConfigurerLifecycleOperationsTest.java",13,""
"AxonFramework-4.11.2/integrationtests/src/test/java/org/axonframework/integrationtests/modelling/saga/repository/jdbc/Oracle11SagaSqlSchemaTest.java",13,""
"AxonFramework-4.11.2/messaging/src/test/java/org/axonframework/eventhandling/AnnotationEventHandlerAdapterTest.java",13,""
"AxonFramework-4.11.2/messaging/src/test/java/org/axonframework/common/StringUtilsTest.java",13,""
"AxonFramework-4.11.2/modelling/src/main/java/org/axonframework/modelling/command/inspection/ChildForwardingCommandMessageHandlingMember.java",13,""
"AxonFramework-4.11.2/messaging/src/main/java/org/axonframework/messaging/deadletter/InMemorySequencedDeadLetterQueue.java",13,""
"AxonFramework-4.11.2/eventsourcing/src/test/java/org/axonframework/eventsourcing/GenericAggregateFactoryTest.java",12,""
"AxonFramework-4.11.2/eventsourcing/src/main/java/org/axonframework/eventsourcing/eventstore/jdbc/statements/AppendEventsStatementBuilder.java",12,""
"AxonFramework-4.11.2/modelling/src/main/java/org/axonframework/modelling/command/ForwardMatchingInstances.java",12,""
"AxonFramework-4.11.2/messaging/src/test/java/org/axonframework/messaging/responsetypes/InstanceResponseTypeTest.java",12,""
"AxonFramework-4.11.2/axon-server-connector/src/main/java/org/axonframework/axonserver/connector/event/axon/PersistentStreamMessageSource.java",12,""
"AxonFramework-4.11.2/eventsourcing/src/main/java/org/axonframework/eventsourcing/eventstore/jdbc/statements/AppendSnapshotStatementBuilder.java",12,""
"AxonFramework-4.11.2/test/src/main/java/org/axonframework/test/FixtureResourceParameterResolverFactory.java",12,""
"AxonFramework-4.11.2/eventsourcing/src/main/java/org/axonframework/eventsourcing/AbstractSnapshotter.java",12,""
"AxonFramework-4.11.2/test/src/test/java/org/axonframework/test/aggregate/FixtureTest_SpawningNewAggregate.java",12,""
"AxonFramework-4.11.2/modelling/src/main/java/org/axonframework/modelling/command/Repository.java",12,""
"AxonFramework-4.11.2/test/src/test/java/org/axonframework/test/matchers/ListWithAnyOfMatcherTest.java",12,""
"AxonFramework-4.11.2/modelling/src/test/java/org/axonframework/modelling/saga/AnnotatedSagaManagerTest.java",12,""
"AxonFramework-4.11.2/messaging/src/main/java/org/axonframework/eventhandling/ResetHandler.java",12,""
"AxonFramework-4.11.2/messaging/src/main/java/org/axonframework/queryhandling/QueryGateway.java",12,""
"AxonFramework-4.11.2/integrationtests/src/test/java/org/axonframework/integrationtests/eventhandling/RegisteringEventHandler.java",12,""
"AxonFramework-4.11.2/modelling/src/main/java/org/axonframework/modelling/command/ForwardingMode.java",12,""
"AxonFramework-4.11.2/messaging/src/test/java/org/axonframework/messaging/responsetypes/MultipleInstancesResponseTypeTest.java",12,""
"AxonFramework-4.11.2/messaging/src/main/java/org/axonframework/eventhandling/tokenstore/jdbc/GenericTokenTableFactory.java",12,""
"AxonFramework-4.11.2/test/src/test/java/org/axonframework/test/aggregate/StandardAggregate.java",12,""
"AxonFramework-4.11.2/messaging/src/main/java/org/axonframework/commandhandling/distributed/AnnotationRoutingStrategy.java",12,""
"AxonFramework-4.11.2/metrics-micrometer/src/main/java/org/axonframework/micrometer/EventProcessorLatencyMonitor.java",12,""
"AxonFramework-4.11.2/axon-server-connector/src/main/java/org/axonframework/axonserver/connector/util/ProcessingInstructionHelper.java",12,""
"AxonFramework-4.11.2/messaging/src/main/java/org/axonframework/common/annotation/AnnotationUtils.java",12,""
"AxonFramework-4.11.2/messaging/src/main/java/org/axonframework/queryhandling/GenericSubscriptionQueryUpdateMessage.java",12,""
"AxonFramework-4.11.2/messaging/src/main/java/org/axonframework/commandhandling/gateway/IntervalRetryScheduler.java",12,""
"AxonFramework-4.11.2/messaging/src/test/java/org/axonframework/messaging/annotation/AnnotatedMessageHandlingMemberTest.java",12,""
"AxonFramework-4.11.2/messaging/src/main/java/org/axonframework/eventhandling/tokenstore/jdbc/Oracle11TokenTableFactory.java",12,""
"AxonFramework-4.11.2/messaging/src/test/java/org/axonframework/commandhandling/distributed/AnnotationRoutingStrategyTest.java",12,""
"AxonFramework-4.11.2/disruptor/src/test/java/org/axonframework/disruptor/commandhandling/CommandHandlerInvokerTest.java",12,""
"AxonFramework-4.11.2/axon-server-connector/src/test/java/org/axonframework/axonserver/connector/event/axon/PersistentStreamConnectionTest.java",12,""
"AxonFramework-4.11.2/messaging/src/main/java/org/axonframework/common/BuilderUtils.java",12,""
"AxonFramework-4.11.2/test/src/test/java/org/axonframework/test/matchers/ListWithAllOfMatcherTest.java",12,""
"AxonFramework-4.11.2/messaging/src/main/java/org/axonframework/messaging/responsetypes/OptionalResponseType.java",12,""
"AxonFramework-4.11.2/test/src/main/java/org/axonframework/test/eventscheduler/ScheduledItem.java",12,""
"AxonFramework-4.11.2/test/src/main/java/org/axonframework/test/saga/WhenAggregateEventPublisher.java",12,""
