"artifactName","artifactPackages","artifactTypes","artifactExternalPackages","artifactExternalCallingPackages","artifactExternalCallingPackagesRate","externalPackageName","numberOfPackages","numberOfTypes","packagesCallingExternalRate","typesCallingExternalRate","nameOfPackages","someTypeNames","Source Cypher File: External_Dependencies/External_package_usage_per_artifact_and_external_package.cypher"
"axon-conversion-5.0.1",4,30,11,4,100,"jakarta.annotation",4,25,100,83.33333333333334,"org.axonframework.conversion,org.axonframework.conversion.converter,org.axonframework.conversion.avro,org.axonframework.conversion.json","org.axonframework.conversion.ContentTypeConverter,org.axonframework.conversion.PassThroughConverter,org.axonframework.conversion.ConversionException,org.axonframework.conversion.Converter,org.axonframework.conversion.ChainedConverter,org.axonframework.conversion.ChainingContentTypeConverter,org.axonframework.conversion.converter.StringToByteArrayConverter,org.axonframework.conversion.converter.BlobToInputStreamConverter,org.axonframework.conversion.converter.ByteArrayToInputStreamConverter",""
"axon-conversion-5.0.1",4,30,11,4,100,"org.slf4j",3,3,75,10,"org.axonframework.conversion,org.axonframework.conversion.avro,org.axonframework.conversion.json","org.axonframework.conversion.ChainingContentTypeConverter,org.axonframework.conversion.avro.AvroConverter,org.axonframework.conversion.json.JacksonConverter",""
"axon-conversion-5.0.1",4,30,11,4,100,"com.fasterxml.jackson.core",1,1,25,3.3333333333333335,"org.axonframework.conversion.json","org.axonframework.conversion.json.JsonNodeToByteArrayConverter",""
"axon-conversion-5.0.1",4,30,11,4,100,"com.fasterxml.jackson.databind",1,5,25,16.666666666666668,"org.axonframework.conversion.json","org.axonframework.conversion.json.JsonNodeToByteArrayConverter,org.axonframework.conversion.json.JacksonConverter,org.axonframework.conversion.json.JsonNodeToObjectNodeConverter,org.axonframework.conversion.json.ObjectNodeToJsonNodeConverter,org.axonframework.conversion.json.ByteArrayToJsonNodeConverter",""
"axon-conversion-5.0.1",4,30,11,4,100,"com.fasterxml.jackson.databind.node",1,2,25,6.666666666666667,"org.axonframework.conversion.json","org.axonframework.conversion.json.JsonNodeToObjectNodeConverter,org.axonframework.conversion.json.ObjectNodeToJsonNodeConverter",""
"axon-conversion-5.0.1",4,30,11,4,100,"org.apache.avro",1,4,25,13.333333333333334,"org.axonframework.conversion.avro","org.axonframework.conversion.avro.SpecificRecordBaseConverterStrategy,org.axonframework.conversion.avro.DefaultSchemaIncompatibilityChecker,org.axonframework.conversion.avro.AvroUtil,org.axonframework.conversion.avro.SchemaIncompatibilityChecker",""
"axon-conversion-5.0.1",4,30,11,4,100,"org.apache.avro.generic",1,6,25,20,"org.axonframework.conversion.avro","org.axonframework.conversion.avro.SpecificRecordBaseConverterStrategy,org.axonframework.conversion.avro.GenericRecordToByteArrayConverter,org.axonframework.conversion.avro.AvroConverter,org.axonframework.conversion.avro.AvroConverterStrategy,org.axonframework.conversion.avro.AvroUtil,org.axonframework.conversion.avro.ByteArrayToGenericRecordConverter",""
"axon-conversion-5.0.1",4,30,11,4,100,"org.apache.avro.io",1,1,25,3.3333333333333335,"org.axonframework.conversion.avro","org.axonframework.conversion.avro.ByteArrayToGenericRecordConverter",""
"axon-conversion-5.0.1",4,30,11,4,100,"org.apache.avro.message",1,6,25,20,"org.axonframework.conversion.avro","org.axonframework.conversion.avro.AvroConverterConfiguration,org.axonframework.conversion.avro.SpecificRecordBaseConverterStrategy,org.axonframework.conversion.avro.GenericRecordToByteArrayConverter,org.axonframework.conversion.avro.AvroConverter,org.axonframework.conversion.avro.AvroUtil,org.axonframework.conversion.avro.ByteArrayToGenericRecordConverter",""
"axon-conversion-5.0.1",4,30,11,4,100,"org.apache.avro.specific",1,2,25,6.666666666666667,"org.axonframework.conversion.avro","org.axonframework.conversion.avro.SpecificRecordBaseConverterStrategy,org.axonframework.conversion.avro.AvroUtil",""
"axon-conversion-5.0.1",4,30,11,4,100,"org.apache.commons.lang3.tuple",1,1,25,3.3333333333333335,"org.axonframework.conversion.avro","org.axonframework.conversion.avro.DefaultSchemaIncompatibilityChecker",""
"axon-eventsourcing-5.0.1",7,100,6,7,100,"jakarta.annotation",7,62,100,62,"org.axonframework.eventsourcing,org.axonframework.eventsourcing.annotation,org.axonframework.eventsourcing.annotation.reflection,org.axonframework.eventsourcing.eventstore,org.axonframework.eventsourcing.eventstore.inmemory,org.axonframework.eventsourcing.eventstore.jpa,org.axonframework.eventsourcing.configuration","org.axonframework.eventsourcing.EventSourcingRepository,org.axonframework.eventsourcing.EventSourcedEntityFactory,org.axonframework.eventsourcing.CriteriaResolver,org.axonframework.eventsourcing.annotation.AnnotationBasedEventCriteriaResolverDefinition,org.axonframework.eventsourcing.annotation.AnnotationBasedEventCriteriaResolver,org.axonframework.eventsourcing.annotation.CriteriaResolverDefinition,org.axonframework.eventsourcing.annotation.EventSourcedEntityFactoryDefinition,org.axonframework.eventsourcing.annotation.reflection.AnnotationBasedEventSourcedEntityFactory,org.axonframework.eventsourcing.annotation.reflection.AnnotationBasedEventSourcedEntityFactoryDefinition",""
"axon-eventsourcing-5.0.1",7,100,6,7,100,"org.slf4j",2,6,28.571428571428573,6,"org.axonframework.eventsourcing.eventstore.inmemory,org.axonframework.eventsourcing.eventstore.jpa","org.axonframework.eventsourcing.eventstore.inmemory.InMemoryEventStorageEngine,org.axonframework.eventsourcing.eventstore.inmemory.InMemoryEventStorageEngine$1,org.axonframework.eventsourcing.eventstore.jpa.SQLErrorCodesResolver,org.axonframework.eventsourcing.eventstore.jpa.AggregateBasedJpaEventStorageEngine,org.axonframework.eventsourcing.eventstore.jpa.GapAwareTrackingTokenOperations,org.axonframework.eventsourcing.eventstore.jpa.JpaPollingEventCoordinator",""
"axon-eventsourcing-5.0.1",7,100,6,7,100,"IdTypeParameterResolver",1,1,14.285714285714286,1,"org.axonframework.eventsourcing.annotation.reflection","org.axonframework.eventsourcing.annotation.reflection.AnnotationBasedEventSourcedEntityFactory",""
"axon-eventsourcing-5.0.1",7,100,6,7,100,"ScannedEntityCreator",1,1,14.285714285714286,1,"org.axonframework.eventsourcing.annotation.reflection","org.axonframework.eventsourcing.annotation.reflection.AnnotationBasedEventSourcedEntityFactory",""
"axon-eventsourcing-5.0.1",7,100,6,7,100,"WrappedEventCriteriaBuilderMethod",1,1,14.285714285714286,1,"org.axonframework.eventsourcing.annotation","org.axonframework.eventsourcing.annotation.AnnotationBasedEventCriteriaResolver",""
"axon-eventsourcing-5.0.1",7,100,6,7,100,"jakarta.persistence",1,4,14.285714285714286,4,"org.axonframework.eventsourcing.eventstore.jpa","org.axonframework.eventsourcing.eventstore.jpa.SQLErrorCodesResolver,org.axonframework.eventsourcing.eventstore.jpa.AggregateBasedJpaEventStorageEngine,org.axonframework.eventsourcing.eventstore.jpa.JpaPollingEventCoordinator,org.axonframework.eventsourcing.eventstore.jpa.AggregateEventEntry",""
"axon-metrics-micrometer-5.0.1",2,13,4,2,100,"io.micrometer.core.instrument",2,12,100,92.3076923076923,"org.axonframework.extension.metrics.micrometer,org.axonframework.extension.metrics.micrometer.reservoir","org.axonframework.extension.metrics.micrometer.CapacityMonitor$1,org.axonframework.extension.metrics.micrometer.MessageCountingMonitor,org.axonframework.extension.metrics.micrometer.MessageTimerMonitor,org.axonframework.extension.metrics.micrometer.MessageCountingMonitor$1,org.axonframework.extension.metrics.micrometer.EventProcessorLatencyMonitor$Builder,org.axonframework.extension.metrics.micrometer.GlobalMetricRegistry,org.axonframework.extension.metrics.micrometer.MessageTimerMonitor$1,org.axonframework.extension.metrics.micrometer.CapacityMonitor,org.axonframework.extension.metrics.micrometer.MessageTimerMonitor$Builder",""
"axon-metrics-micrometer-5.0.1",2,13,4,2,100,"io.micrometer.core.instrument.simple",1,1,50,7.6923076923076925,"org.axonframework.extension.metrics.micrometer","org.axonframework.extension.metrics.micrometer.GlobalMetricRegistry",""
"axon-metrics-micrometer-5.0.1",2,13,4,2,100,"jakarta.annotation",1,5,50,38.46153846153846,"org.axonframework.extension.metrics.micrometer","org.axonframework.extension.metrics.micrometer.MessageCountingMonitor,org.axonframework.extension.metrics.micrometer.MessageTimerMonitor,org.axonframework.extension.metrics.micrometer.CapacityMonitor,org.axonframework.extension.metrics.micrometer.EventProcessorLatencyMonitor,org.axonframework.extension.metrics.micrometer.MetricsConfigurerModule",""
"axon-metrics-micrometer-5.0.1",2,13,4,2,100,"org.slf4j",1,1,50,7.6923076923076925,"org.axonframework.extension.metrics.micrometer","org.axonframework.extension.metrics.micrometer.GlobalMetricRegistry",""
"axon-modelling-5.0.1",7,93,2,7,100,"jakarta.annotation",7,77,100,82.79569892473118,"org.axonframework.modelling,org.axonframework.modelling.annotation,org.axonframework.modelling.entity,org.axonframework.modelling.entity.annotation,org.axonframework.modelling.entity.child,org.axonframework.modelling.configuration,org.axonframework.modelling.repository","org.axonframework.modelling.PayloadBasedEntityEvolver,org.axonframework.modelling.EntityIdResolver,org.axonframework.modelling.HierarchicalStateManager,org.axonframework.modelling.SimpleStateManager,org.axonframework.modelling.StateManager,org.axonframework.modelling.SimpleEntityEvolvingComponent,org.axonframework.modelling.PropertyBasedEntityIdResolver,org.axonframework.modelling.EntityEvolvingComponent,org.axonframework.modelling.EntityEvolver",""
"axon-modelling-5.0.1",7,93,2,7,100,"org.slf4j",3,3,42.85714285714286,3.225806451612903,"org.axonframework.modelling,org.axonframework.modelling.entity.annotation,org.axonframework.modelling.repository","org.axonframework.modelling.SimpleEntityEvolvingComponent,org.axonframework.modelling.entity.annotation.AnnotatedEntityMetamodel,org.axonframework.modelling.repository.AccessSerializingRepository",""
"axon-server-connector-5.0.1",5,72,23,5,100,"io.axoniq.axonserver.grpc",5,18,100,25,"org.axonframework.axonserver.connector,org.axonframework.axonserver.connector.util,org.axonframework.axonserver.connector.query,org.axonframework.axonserver.connector.event,org.axonframework.axonserver.connector.command","org.axonframework.axonserver.connector.ErrorCode$ExceptionBuilder,org.axonframework.axonserver.connector.AxonServerException,org.axonframework.axonserver.connector.DefaultInstructionAckSource,org.axonframework.axonserver.connector.MetadataConverter$1,org.axonframework.axonserver.connector.MetadataConverter,org.axonframework.axonserver.connector.InstructionAckSource,org.axonframework.axonserver.connector.ErrorCode,org.axonframework.axonserver.connector.util.ProcessingInstructionUtils,org.axonframework.axonserver.connector.util.ExceptionConverter",""
"axon-server-connector-5.0.1",5,72,23,5,100,"jakarta.annotation",5,25,100,34.72222222222222,"org.axonframework.axonserver.connector,org.axonframework.axonserver.connector.util,org.axonframework.axonserver.connector.query,org.axonframework.axonserver.connector.event,org.axonframework.axonserver.connector.command","org.axonframework.axonserver.connector.MetadataConverter,org.axonframework.axonserver.connector.util.ProcessingInstructionUtils,org.axonframework.axonserver.connector.util.PriorityExecutorService,org.axonframework.axonserver.connector.util.ExceptionConverter,org.axonframework.axonserver.connector.query.AxonServerQueryBusConnector,org.axonframework.axonserver.connector.query.QueryResponseMessageStream,org.axonframework.axonserver.connector.query.AbstractQueryResponseMessageStream,org.axonframework.axonserver.connector.query.QueryConverter,org.axonframework.axonserver.connector.query.QueryUpdateMessageStream",""
"axon-server-connector-5.0.1",5,72,23,5,100,"com.google.protobuf",4,8,80,11.11111111111111,"org.axonframework.axonserver.connector.util,org.axonframework.axonserver.connector.query,org.axonframework.axonserver.connector.event,org.axonframework.axonserver.connector.command","org.axonframework.axonserver.connector.util.GrpcMessageSizeInterceptor$1,org.axonframework.axonserver.connector.util.GrpcMessageSizeInterceptor$1$1,org.axonframework.axonserver.connector.util.ExceptionConverter,org.axonframework.axonserver.connector.query.QueryConverter,org.axonframework.axonserver.connector.event.TaggedEventConverter,org.axonframework.axonserver.connector.event.AggregateBasedAxonServerEventStorageEngine,org.axonframework.axonserver.connector.event.ConditionConverter,org.axonframework.axonserver.connector.command.CommandConverter",""
"axon-server-connector-5.0.1",5,72,23,5,100,"io.axoniq.axonserver.connector",4,15,80,20.833333333333332,"org.axonframework.axonserver.connector,org.axonframework.axonserver.connector.query,org.axonframework.axonserver.connector.event,org.axonframework.axonserver.connector.command","org.axonframework.axonserver.connector.AxonServerConnectionManager,org.axonframework.axonserver.connector.AxonServerConnectionManager$Builder,org.axonframework.axonserver.connector.AxonServerConfigurationEnhancer,org.axonframework.axonserver.connector.query.AxonServerQueryBusConnector$LocalSegmentAdapter,org.axonframework.axonserver.connector.query.FlowControlledResponseSender,org.axonframework.axonserver.connector.query.AxonServerQueryBusConnector,org.axonframework.axonserver.connector.query.QueryResponseMessageStream,org.axonframework.axonserver.connector.query.AbstractQueryResponseMessageStream,org.axonframework.axonserver.connector.query.QueryUpdateMessageStream",""
"axon-server-connector-5.0.1",5,72,23,5,100,"org.slf4j",4,12,80,16.666666666666664,"org.axonframework.axonserver.connector.util,org.axonframework.axonserver.connector.query,org.axonframework.axonserver.connector.event,org.axonframework.axonserver.connector.command","org.axonframework.axonserver.connector.util.GrpcMessageSizeInterceptor,org.axonframework.axonserver.connector.util.GrpcMessageSizeInterceptor$1,org.axonframework.axonserver.connector.util.GrpcMessageSizeInterceptor$1$1,org.axonframework.axonserver.connector.query.AxonServerQueryBusConnector,org.axonframework.axonserver.connector.event.EventProcessorControlService,org.axonframework.axonserver.connector.event.EventProcessorControlService$AxonProcessorInstructionHandler,org.axonframework.axonserver.connector.event.SourcingEventMessageStream,org.axonframework.axonserver.connector.event.AxonServerEventStorageEngine$AxonServerAppendTransaction,org.axonframework.axonserver.connector.event.AxonServerEventStorageEngine",""
"axon-server-connector-5.0.1",5,72,23,5,100,"io.grpc",3,7,60,9.722222222222221,"org.axonframework.axonserver.connector,org.axonframework.axonserver.connector.util,org.axonframework.axonserver.connector.event","org.axonframework.axonserver.connector.AxonServerConnectionManager$Builder,org.axonframework.axonserver.connector.ManagedChannelCustomizer,org.axonframework.axonserver.connector.util.GrpcExceptionParser,org.axonframework.axonserver.connector.util.GrpcMessageSizeInterceptor,org.axonframework.axonserver.connector.util.GrpcMessageSizeInterceptor$1,org.axonframework.axonserver.connector.util.GrpcMessageSizeInterceptor$1$1,org.axonframework.axonserver.connector.event.AggregateBasedAxonServerEventStorageEngine$1",""
"axon-server-connector-5.0.1",5,72,23,5,100,"io.axoniq.axonserver.connector.control",2,4,40,5.555555555555555,"org.axonframework.axonserver.connector,org.axonframework.axonserver.connector.event","org.axonframework.axonserver.connector.AxonServerConnectionManager,org.axonframework.axonserver.connector.AxonServerConfigurationEnhancer,org.axonframework.axonserver.connector.event.EventProcessorControlService,org.axonframework.axonserver.connector.event.EventProcessorControlService$AxonProcessorInstructionHandler",""
"axon-server-connector-5.0.1",5,72,23,5,100,"io.axoniq.axonserver.grpc.control",2,6,40,8.333333333333332,"org.axonframework.axonserver.connector,org.axonframework.axonserver.connector.event","org.axonframework.axonserver.connector.TopologyChangeListener,org.axonframework.axonserver.connector.TopologyChange$1,org.axonframework.axonserver.connector.AxonServerConnectionManager$Builder,org.axonframework.axonserver.connector.TopologyChange,org.axonframework.axonserver.connector.event.EventProcessorControlService,org.axonframework.axonserver.connector.event.EventProcessorInfoUtils",""
"axon-server-connector-5.0.1",5,72,23,5,100,"io.grpc.stub",2,3,40,4.166666666666666,"org.axonframework.axonserver.connector,org.axonframework.axonserver.connector.util","org.axonframework.axonserver.connector.DefaultInstructionAckSource,org.axonframework.axonserver.connector.InstructionAckSource,org.axonframework.axonserver.connector.util.UpstreamAwareStreamObserver",""
"axon-server-connector-5.0.1",5,72,23,5,100,"io.axoniq.axonserver.connector.admin",1,1,20,1.3888888888888888,"org.axonframework.axonserver.connector.event","org.axonframework.axonserver.connector.event.EventProcessorControlService",""
"axon-server-connector-5.0.1",5,72,23,5,100,"io.axoniq.axonserver.connector.command",1,1,20,1.3888888888888888,"org.axonframework.axonserver.connector.command","org.axonframework.axonserver.connector.command.AxonServerCommandBusConnector",""
"axon-server-connector-5.0.1",5,72,23,5,100,"io.axoniq.axonserver.connector.event",1,5,20,6.944444444444445,"org.axonframework.axonserver.connector.event","org.axonframework.axonserver.connector.event.AxonServerMessageStream,org.axonframework.axonserver.connector.event.AggregateBasedAxonServerEventStorageEngine,org.axonframework.axonserver.connector.event.AxonServerEventStorageEngine$AxonServerAppendTransaction,org.axonframework.axonserver.connector.event.AggregateBasedAxonServerEventStorageEngine$1,org.axonframework.axonserver.connector.event.AxonServerEventStorageEngine",""
"axon-server-connector-5.0.1",5,72,23,5,100,"io.axoniq.axonserver.connector.impl",1,1,20,1.3888888888888888,"org.axonframework.axonserver.connector","org.axonframework.axonserver.connector.AxonServerConnectionManager$Builder",""
"axon-server-connector-5.0.1",5,72,23,5,100,"io.axoniq.axonserver.connector.query",1,3,20,4.166666666666666,"org.axonframework.axonserver.connector.query","org.axonframework.axonserver.connector.query.AxonServerQueryBusConnector$LocalSegmentAdapter,org.axonframework.axonserver.connector.query.AxonServerQueryBusConnector,org.axonframework.axonserver.connector.query.AxonServerQueryBusConnector$AxonServerUpdateCallback",""
"axon-server-connector-5.0.1",5,72,23,5,100,"io.axoniq.axonserver.grpc.command",1,3,20,4.166666666666666,"org.axonframework.axonserver.connector.command","org.axonframework.axonserver.connector.command.AxonServerCommandBusConnector,org.axonframework.axonserver.connector.command.AxonServerCommandBusConnector$FutureResultCallback,org.axonframework.axonserver.connector.command.CommandConverter",""
"axon-server-connector-5.0.1",5,72,23,5,100,"io.axoniq.axonserver.grpc.event",1,3,20,4.166666666666666,"org.axonframework.axonserver.connector.event","org.axonframework.axonserver.connector.event.AxonServerMessageStream,org.axonframework.axonserver.connector.event.AggregateBasedAxonServerEventStorageEngine,org.axonframework.axonserver.connector.event.AggregateBasedAxonServerEventStorageEngine$1",""
"axon-server-connector-5.0.1",5,72,23,5,100,"io.axoniq.axonserver.grpc.event.dcb",1,6,20,8.333333333333332,"org.axonframework.axonserver.connector.event","org.axonframework.axonserver.connector.event.TaggedEventConverter,org.axonframework.axonserver.connector.event.SourcingEventMessageStream,org.axonframework.axonserver.connector.event.AxonServerEventStorageEngine$AxonServerAppendTransaction,org.axonframework.axonserver.connector.event.AxonServerEventStorageEngine,org.axonframework.axonserver.connector.event.ConditionConverter,org.axonframework.axonserver.connector.event.StreamingEventMessageStream",""
"axon-server-connector-5.0.1",5,72,23,5,100,"io.axoniq.axonserver.grpc.query",1,5,20,6.944444444444445,"org.axonframework.axonserver.connector.query","org.axonframework.axonserver.connector.query.AxonServerQueryBusConnector$LocalSegmentAdapter,org.axonframework.axonserver.connector.query.FlowControlledResponseSender,org.axonframework.axonserver.connector.query.QueryResponseMessageStream,org.axonframework.axonserver.connector.query.QueryConverter,org.axonframework.axonserver.connector.query.QueryUpdateMessageStream",""
"axon-server-connector-5.0.1",5,72,23,5,100,"io.grpc.netty.shaded.io.grpc.netty",1,1,20,1.3888888888888888,"org.axonframework.axonserver.connector","org.axonframework.axonserver.connector.AxonServerConnectionManager$Builder",""
"axon-server-connector-5.0.1",5,72,23,5,100,"io.grpc.netty.shaded.io.netty.handler.ssl",1,1,20,1.3888888888888888,"org.axonframework.axonserver.connector","org.axonframework.axonserver.connector.AxonServerConnectionManager$Builder",""
"axon-server-connector-5.0.1",5,72,23,5,100,"javax.annotation",1,1,20,1.3888888888888888,"org.axonframework.axonserver.connector","org.axonframework.axonserver.connector.AxonServerConfigurationEnhancer",""
"axon-server-connector-5.0.1",5,72,23,5,100,"org.springframework.boot.context.properties",1,1,20,1.3888888888888888,"org.axonframework.axonserver.connector","org.axonframework.axonserver.connector.AxonServerConfiguration",""
"axon-server-connector-5.0.1",5,72,23,5,100,"reactor.core.scheduler",1,1,20,1.3888888888888888,"org.axonframework.axonserver.connector.util","org.axonframework.axonserver.connector.util.PriorityTaskSchedulers",""
"axon-spring-boot-autoconfigure-5.0.1",7,70,36,7,100,"jakarta.annotation",4,12,57.142857142857146,17.142857142857142,"org.axonframework.extension.springboot,org.axonframework.extension.springboot.autoconfig,org.axonframework.extension.springboot.util,org.axonframework.extension.springboot.util.jpa","org.axonframework.extension.springboot.EventProcessorProperties$ProcessorSettings,org.axonframework.extension.springboot.ConverterProperties,org.axonframework.extension.springboot.autoconfig.JpaEventStoreAutoConfiguration$AggregateBasedJpaEventStorageEngineConfigurationEnhancer,org.axonframework.extension.springboot.autoconfig.AxonTimeoutAutoConfiguration,org.axonframework.extension.springboot.autoconfig.UpdateCheckerAutoConfiguration$1,org.axonframework.extension.springboot.autoconfig.AxonServerAutoConfiguration,org.axonframework.extension.springboot.autoconfig.AxonServerAutoConfiguration$1,org.axonframework.extension.springboot.autoconfig.ConverterAutoConfiguration,org.axonframework.extension.springboot.autoconfig.AxonTimeoutAutoConfiguration$AxonTimeoutConfigurerModule",""
"axon-spring-boot-autoconfigure-5.0.1",7,70,36,7,100,"org.springframework.boot.actuate.health",3,4,42.85714285714286,5.714285714285714,"org.axonframework.extension.springboot.actuator,org.axonframework.extension.springboot.actuator.axonserver,org.axonframework.extension.springboot.autoconfig","org.axonframework.extension.springboot.actuator.HealthStatus,org.axonframework.extension.springboot.actuator.axonserver.AxonServerHealthIndicator,org.axonframework.extension.springboot.actuator.axonserver.AxonServerStatusAggregator,org.axonframework.extension.springboot.autoconfig.AxonServerActuatorAutoConfiguration",""
"axon-spring-boot-autoconfigure-5.0.1",7,70,36,7,100,"jakarta.persistence",2,4,28.571428571428573,5.714285714285714,"org.axonframework.extension.springboot.autoconfig,org.axonframework.extension.springboot.util.jpa","org.axonframework.extension.springboot.autoconfig.JpaEventStoreAutoConfiguration,org.axonframework.extension.springboot.autoconfig.JpaAutoConfiguration,org.axonframework.extension.springboot.autoconfig.TransactionAutoConfiguration,org.axonframework.extension.springboot.util.jpa.ContainerManagedEntityManagerProvider",""
"axon-spring-boot-autoconfigure-5.0.1",7,70,36,7,100,"org.axonframework.extension.spring.config",2,4,28.571428571428573,5.714285714285714,"org.axonframework.extension.springboot,org.axonframework.extension.springboot.autoconfig","org.axonframework.extension.springboot.EventProcessorProperties$ProcessorSettings,org.axonframework.extension.springboot.autoconfig.AxonAutoConfiguration,org.axonframework.extension.springboot.autoconfig.InfrastructureAutoConfiguration,org.axonframework.extension.springboot.autoconfig.EventProcessingAutoConfiguration",""
"axon-spring-boot-autoconfigure-5.0.1",7,70,36,7,100,"org.slf4j",2,2,28.571428571428573,2.857142857142857,"org.axonframework.extension.springboot.service.connection,org.axonframework.extension.springboot.util","org.axonframework.extension.springboot.service.connection.AxonServerDockerComposeConnectionDetailsFactory,org.axonframework.extension.springboot.util.AbstractQualifiedBeanCondition",""
"axon-spring-boot-autoconfigure-5.0.1",7,70,36,7,100,"org.springframework.boot.autoconfigure",2,19,28.571428571428573,27.142857142857142,"org.axonframework.extension.springboot.autoconfig,org.axonframework.extension.springboot.util","org.axonframework.extension.springboot.autoconfig.SecurityAutoConfiguration,org.axonframework.extension.springboot.autoconfig.JpaEventStoreAutoConfiguration,org.axonframework.extension.springboot.autoconfig.InterceptorAutoConfiguration,org.axonframework.extension.springboot.autoconfig.AxonTimeoutAutoConfiguration,org.axonframework.extension.springboot.autoconfig.AxonAutoConfiguration,org.axonframework.extension.springboot.autoconfig.JpaAutoConfiguration,org.axonframework.extension.springboot.autoconfig.AxonServerAutoConfiguration,org.axonframework.extension.springboot.autoconfig.CBORMapperAutoConfiguration,org.axonframework.extension.springboot.autoconfig.InfrastructureAutoConfiguration",""
"axon-spring-boot-autoconfigure-5.0.1",7,70,36,7,100,"org.springframework.boot.autoconfigure.condition",2,28,28.571428571428573,40,"org.axonframework.extension.springboot.autoconfig,org.axonframework.extension.springboot.util","org.axonframework.extension.springboot.autoconfig.SecurityAutoConfiguration,org.axonframework.extension.springboot.autoconfig.AvroSchemaStoreAutoConfiguration$AvroConfiguredCondition$EventsAvroCondition,org.axonframework.extension.springboot.autoconfig.JpaEventStoreAutoConfiguration,org.axonframework.extension.springboot.autoconfig.ObjectMapperAutoConfiguration$JacksonConfiguredCondition$GeneralJacksonCondition,org.axonframework.extension.springboot.autoconfig.InterceptorAutoConfiguration,org.axonframework.extension.springboot.autoconfig.AxonTimeoutAutoConfiguration,org.axonframework.extension.springboot.autoconfig.AxonAutoConfiguration,org.axonframework.extension.springboot.autoconfig.JpaAutoConfiguration,org.axonframework.extension.springboot.autoconfig.AxonServerAutoConfiguration",""
"axon-spring-boot-autoconfigure-5.0.1",7,70,36,7,100,"org.springframework.boot.context.properties",2,20,28.571428571428573,28.571428571428573,"org.axonframework.extension.springboot,org.axonframework.extension.springboot.autoconfig","org.axonframework.extension.springboot.JpaEventStorageEngineConfigurationProperties,org.axonframework.extension.springboot.TokenStoreProperties,org.axonframework.extension.springboot.TimeoutProperties,org.axonframework.extension.springboot.TimeoutProperties$TransactionTimeoutProperties,org.axonframework.extension.springboot.UpdateCheckerProperties,org.axonframework.extension.springboot.TimeoutProperties$MessageHandlerTimeoutProperties,org.axonframework.extension.springboot.TagsConfigurationProperties,org.axonframework.extension.springboot.ConverterProperties,org.axonframework.extension.springboot.DistributedCommandBusProperties",""
"axon-spring-boot-autoconfigure-5.0.1",7,70,36,7,100,"org.springframework.context.annotation",2,27,28.571428571428573,38.57142857142857,"org.axonframework.extension.springboot.autoconfig,org.axonframework.extension.springboot.util","org.axonframework.extension.springboot.autoconfig.SecurityAutoConfiguration,org.axonframework.extension.springboot.autoconfig.JpaEventStoreAutoConfiguration,org.axonframework.extension.springboot.autoconfig.InterceptorAutoConfiguration,org.axonframework.extension.springboot.autoconfig.AxonTimeoutAutoConfiguration,org.axonframework.extension.springboot.autoconfig.AxonAutoConfiguration,org.axonframework.extension.springboot.autoconfig.JpaAutoConfiguration,org.axonframework.extension.springboot.autoconfig.AxonServerAutoConfiguration,org.axonframework.extension.springboot.autoconfig.AvroSchemaStoreAutoConfiguration$AvroConfiguredCondition,org.axonframework.extension.springboot.autoconfig.CBORMapperAutoConfiguration",""
"axon-spring-boot-autoconfigure-5.0.1",7,70,36,7,100,"org.springframework.core.type",2,3,28.571428571428573,4.285714285714286,"org.axonframework.extension.springboot.autoconfig,org.axonframework.extension.springboot.util","org.axonframework.extension.springboot.autoconfig.UpdateCheckerAutoConfiguration$NotTestEnvironmentCondition,org.axonframework.extension.springboot.util.AbstractQualifiedBeanCondition,org.axonframework.extension.springboot.util.DefaultEntityRegistrar",""
"axon-spring-boot-autoconfigure-5.0.1",7,70,36,7,100,"com.fasterxml.jackson.databind",1,3,14.285714285714286,4.285714285714286,"org.axonframework.extension.springboot.autoconfig","org.axonframework.extension.springboot.autoconfig.JpaAutoConfiguration,org.axonframework.extension.springboot.autoconfig.ObjectMapperAutoConfiguration,org.axonframework.extension.springboot.autoconfig.ConverterAutoConfiguration",""
"axon-spring-boot-autoconfigure-5.0.1",7,70,36,7,100,"com.fasterxml.jackson.dataformat.cbor.databind",1,2,14.285714285714286,2.857142857142857,"org.axonframework.extension.springboot.autoconfig","org.axonframework.extension.springboot.autoconfig.CBORMapperAutoConfiguration,org.axonframework.extension.springboot.autoconfig.ConverterAutoConfiguration",""
"axon-spring-boot-autoconfigure-5.0.1",7,70,36,7,100,"io.axoniq.axonserver.connector",1,1,14.285714285714286,1.4285714285714286,"org.axonframework.extension.springboot.autoconfig","org.axonframework.extension.springboot.autoconfig.AxonServerAutoConfiguration",""
"axon-spring-boot-autoconfigure-5.0.1",7,70,36,7,100,"io.axoniq.axonserver.connector.control",1,1,14.285714285714286,1.4285714285714286,"org.axonframework.extension.springboot.autoconfig","org.axonframework.extension.springboot.autoconfig.AxonServerAutoConfiguration",""
"axon-spring-boot-autoconfigure-5.0.1",7,70,36,7,100,"org.apache.avro",1,1,14.285714285714286,1.4285714285714286,"org.axonframework.extension.springboot.autoconfig","org.axonframework.extension.springboot.autoconfig.AvroSchemaStoreAutoConfiguration",""
"axon-spring-boot-autoconfigure-5.0.1",7,70,36,7,100,"org.apache.avro.message",1,3,14.285714285714286,4.285714285714286,"org.axonframework.extension.springboot.autoconfig","org.axonframework.extension.springboot.autoconfig.ConverterAutoConfiguration,org.axonframework.extension.springboot.autoconfig.AvroSchemaStoreAutoConfiguration,org.axonframework.extension.springboot.autoconfig.AvroSchemaStoreAutoConfiguration$OnMissingDefaultSchemaStoreCondition$SchemaStoreIsMissingCondition",""
"axon-spring-boot-autoconfigure-5.0.1",7,70,36,7,100,"org.axonframework.extension.spring",1,1,14.285714285714286,1.4285714285714286,"org.axonframework.extension.springboot.util","org.axonframework.extension.springboot.util.AbstractQualifiedBeanCondition",""
"axon-spring-boot-autoconfigure-5.0.1",7,70,36,7,100,"org.axonframework.extension.spring.authorization",1,1,14.285714285714286,1.4285714285714286,"org.axonframework.extension.springboot.autoconfig","org.axonframework.extension.springboot.autoconfig.SecurityAutoConfiguration",""
"axon-spring-boot-autoconfigure-5.0.1",7,70,36,7,100,"org.axonframework.extension.spring.conversion.avro",1,1,14.285714285714286,1.4285714285714286,"org.axonframework.extension.springboot.autoconfig","org.axonframework.extension.springboot.autoconfig.AvroSchemaStoreAutoConfiguration",""
"axon-spring-boot-autoconfigure-5.0.1",7,70,36,7,100,"org.axonframework.extension.spring.messaging.unitofwork",1,1,14.285714285714286,1.4285714285714286,"org.axonframework.extension.springboot.autoconfig","org.axonframework.extension.springboot.autoconfig.TransactionAutoConfiguration",""
"axon-spring-boot-autoconfigure-5.0.1",7,70,36,7,100,"org.springframework.beans",1,2,14.285714285714286,2.857142857142857,"org.axonframework.extension.springboot.autoconfig","org.axonframework.extension.springboot.autoconfig.AxonServerAutoConfiguration,org.axonframework.extension.springboot.autoconfig.ConverterAutoConfiguration",""
"axon-spring-boot-autoconfigure-5.0.1",7,70,36,7,100,"org.springframework.beans.factory",1,2,14.285714285714286,2.857142857142857,"org.axonframework.extension.springboot.autoconfig","org.axonframework.extension.springboot.autoconfig.ConverterAutoConfiguration,org.axonframework.extension.springboot.autoconfig.AvroSchemaStoreAutoConfiguration",""
"axon-spring-boot-autoconfigure-5.0.1",7,70,36,7,100,"org.springframework.beans.factory.config",1,1,14.285714285714286,1.4285714285714286,"org.axonframework.extension.springboot.util","org.axonframework.extension.springboot.util.AbstractQualifiedBeanCondition",""
"axon-spring-boot-autoconfigure-5.0.1",7,70,36,7,100,"org.springframework.beans.factory.support",1,1,14.285714285714286,1.4285714285714286,"org.axonframework.extension.springboot.util","org.axonframework.extension.springboot.util.DefaultEntityRegistrar",""
"axon-spring-boot-autoconfigure-5.0.1",7,70,36,7,100,"org.springframework.boot.autoconfigure.orm.jpa",1,1,14.285714285714286,1.4285714285714286,"org.axonframework.extension.springboot.autoconfig","org.axonframework.extension.springboot.autoconfig.JpaEventStoreAutoConfiguration",""
"axon-spring-boot-autoconfigure-5.0.1",7,70,36,7,100,"org.springframework.boot.autoconfigure.service.connection",1,3,14.285714285714286,4.285714285714286,"org.axonframework.extension.springboot.service.connection","org.axonframework.extension.springboot.service.connection.AxonServerTestContainerConnectionDetailsFactory,org.axonframework.extension.springboot.service.connection.AxonServerConnectionDetails,org.axonframework.extension.springboot.service.connection.AxonServerDockerComposeConnectionDetailsFactory",""
"axon-spring-boot-autoconfigure-5.0.1",7,70,36,7,100,"org.springframework.boot.context.properties.bind",1,1,14.285714285714286,1.4285714285714286,"org.axonframework.extension.springboot","org.axonframework.extension.springboot.JpaEventStorageEngineConfigurationProperties",""
"axon-spring-boot-autoconfigure-5.0.1",7,70,36,7,100,"org.springframework.boot.docker.compose.core",1,1,14.285714285714286,1.4285714285714286,"org.axonframework.extension.springboot.service.connection","org.axonframework.extension.springboot.service.connection.AxonServerDockerComposeConnectionDetailsFactory",""
"axon-spring-boot-autoconfigure-5.0.1",7,70,36,7,100,"org.springframework.boot.docker.compose.service.connection",1,1,14.285714285714286,1.4285714285714286,"org.axonframework.extension.springboot.service.connection","org.axonframework.extension.springboot.service.connection.AxonServerDockerComposeConnectionDetailsFactory",""
"axon-spring-boot-autoconfigure-5.0.1",7,70,36,7,100,"org.springframework.boot.testcontainers.service.connection",1,2,14.285714285714286,2.857142857142857,"org.axonframework.extension.springboot.service.connection","org.axonframework.extension.springboot.service.connection.AxonServerTestContainerConnectionDetailsFactory$AxonServerContainerConnectionDetails,org.axonframework.extension.springboot.service.connection.AxonServerTestContainerConnectionDetailsFactory",""
"axon-spring-boot-autoconfigure-5.0.1",7,70,36,7,100,"org.springframework.context",1,3,14.285714285714286,4.285714285714286,"org.axonframework.extension.springboot.autoconfig","org.axonframework.extension.springboot.autoconfig.AxonAutoConfiguration,org.axonframework.extension.springboot.autoconfig.AxonServerAutoConfiguration,org.axonframework.extension.springboot.autoconfig.ConverterAutoConfiguration",""
"axon-spring-boot-autoconfigure-5.0.1",7,70,36,7,100,"org.springframework.core.annotation",1,3,14.285714285714286,4.285714285714286,"org.axonframework.extension.springboot.util","org.axonframework.extension.springboot.util.OnMissingQualifiedBeanCondition,org.axonframework.extension.springboot.util.OnQualifiedBeanCondition,org.axonframework.extension.springboot.util.DefaultEntityRegistrar",""
"axon-spring-boot-autoconfigure-5.0.1",7,70,36,7,100,"org.springframework.core.io",1,1,14.285714285714286,1.4285714285714286,"org.axonframework.extension.springboot.autoconfig","org.axonframework.extension.springboot.autoconfig.AvroSchemaStoreAutoConfiguration",""
"axon-spring-boot-autoconfigure-5.0.1",7,70,36,7,100,"org.springframework.lang",1,1,14.285714285714286,1.4285714285714286,"org.axonframework.extension.springboot.autoconfig","org.axonframework.extension.springboot.autoconfig.AxonServerAutoConfiguration",""
"axon-spring-boot-autoconfigure-5.0.1",7,70,36,7,100,"org.springframework.transaction",1,2,14.285714285714286,2.857142857142857,"org.axonframework.extension.springboot.autoconfig","org.axonframework.extension.springboot.autoconfig.JpaEventStoreAutoConfiguration,org.axonframework.extension.springboot.autoconfig.TransactionAutoConfiguration",""
"axon-spring-boot-autoconfigure-5.0.1",7,70,36,7,100,"org.springframework.util",1,1,14.285714285714286,1.4285714285714286,"org.axonframework.extension.springboot.util","org.axonframework.extension.springboot.util.AbstractQualifiedBeanCondition",""
"axon-test-5.0.1",5,73,11,5,100,"jakarta.annotation",3,24,60,32.87671232876712,"org.axonframework.test,org.axonframework.test.fixture,org.axonframework.test.util","org.axonframework.test.FixtureResourceParameterResolverFactory,org.axonframework.test.AxonAssertionError,org.axonframework.test.FixtureResourceParameterResolverFactory$FailingParameterResolver,org.axonframework.test.fixture.AxonTestPhase$Then$MessageAssertions,org.axonframework.test.fixture.AxonTestPhase$Then$Message,org.axonframework.test.fixture.AxonTestThenEvent,org.axonframework.test.fixture.AxonTestPhase$When,org.axonframework.test.fixture.AxonTestThenCommand,org.axonframework.test.fixture.RecordingCommandBus",""
"axon-test-5.0.1",5,73,11,5,100,"org.hamcrest",3,22,60,30.136986301369863,"org.axonframework.test.fixture,org.axonframework.test.util,org.axonframework.test.matchers","org.axonframework.test.fixture.Reporter,org.axonframework.test.fixture.AxonTestThenEvent,org.axonframework.test.fixture.AxonTestThenCommand,org.axonframework.test.fixture.AxonTestThenMessage,org.axonframework.test.fixture.CommandValidator,org.axonframework.test.util.DescriptionUtils,org.axonframework.test.matchers.PredicateMatcher,org.axonframework.test.matchers.SequenceMatcher,org.axonframework.test.matchers.ListMatcher",""
"axon-test-5.0.1",5,73,11,5,100,"org.jetbrains.annotations",2,3,40,4.10958904109589,"org.axonframework.test.fixture,org.axonframework.test.util","org.axonframework.test.fixture.RecordingEventStore,org.axonframework.test.util.RecordingMessageMonitor,org.axonframework.test.util.MessageMonitorReport",""
"axon-test-5.0.1",5,73,11,5,100,"com.google.gson",1,1,20,1.36986301369863,"org.axonframework.test.server","org.axonframework.test.server.AxonServerContainerUtils",""
"axon-test-5.0.1",5,73,11,5,100,"org.awaitility",1,1,20,1.36986301369863,"org.axonframework.test.fixture","org.axonframework.test.fixture.AxonTestThenMessage",""
"axon-test-5.0.1",5,73,11,5,100,"org.awaitility.core",1,1,20,1.36986301369863,"org.axonframework.test.fixture","org.axonframework.test.fixture.AxonTestThenMessage",""
"axon-test-5.0.1",5,73,11,5,100,"org.junit.jupiter.api",1,1,20,1.36986301369863,"org.axonframework.test.server","org.axonframework.test.server.AxonServerContainerUtils",""
"axon-test-5.0.1",5,73,11,5,100,"org.slf4j",1,1,20,1.36986301369863,"org.axonframework.test.matchers","org.axonframework.test.matchers.DeepEqualsMatcher",""
"axon-test-5.0.1",5,73,11,5,100,"org.testcontainers.containers",1,1,20,1.36986301369863,"org.axonframework.test.server","org.axonframework.test.server.AxonServerContainer",""
"axon-test-5.0.1",5,73,11,5,100,"org.testcontainers.containers.wait.strategy",1,1,20,1.36986301369863,"org.axonframework.test.server","org.axonframework.test.server.AxonServerContainer",""
"axon-test-5.0.1",5,73,11,5,100,"org.testcontainers.utility",1,1,20,1.36986301369863,"org.axonframework.test.server","org.axonframework.test.server.AxonServerContainer",""
"axon-tracing-opentelemetry-5.0.1",1,5,6,1,100,"io.opentelemetry.api",1,1,100,20,"org.axonframework.extension.tracing.opentelemetry","org.axonframework.extension.tracing.opentelemetry.OpenTelemetrySpanFactory$Builder",""
"axon-tracing-opentelemetry-5.0.1",1,5,6,1,100,"io.opentelemetry.api.trace",1,3,100,60,"org.axonframework.extension.tracing.opentelemetry","org.axonframework.extension.tracing.opentelemetry.OpenTelemetrySpan,org.axonframework.extension.tracing.opentelemetry.OpenTelemetrySpanFactory,org.axonframework.extension.tracing.opentelemetry.OpenTelemetrySpanFactory$Builder",""
"axon-tracing-opentelemetry-5.0.1",1,5,6,1,100,"io.opentelemetry.context",1,2,100,40,"org.axonframework.extension.tracing.opentelemetry","org.axonframework.extension.tracing.opentelemetry.OpenTelemetrySpan,org.axonframework.extension.tracing.opentelemetry.OpenTelemetrySpanFactory",""
"axon-tracing-opentelemetry-5.0.1",1,5,6,1,100,"io.opentelemetry.context.propagation",1,4,100,80,"org.axonframework.extension.tracing.opentelemetry","org.axonframework.extension.tracing.opentelemetry.MetadataContextSetter,org.axonframework.extension.tracing.opentelemetry.OpenTelemetrySpanFactory,org.axonframework.extension.tracing.opentelemetry.OpenTelemetrySpanFactory$Builder,org.axonframework.extension.tracing.opentelemetry.MetadataContextGetter",""
"axon-tracing-opentelemetry-5.0.1",1,5,6,1,100,"jakarta.annotation",1,3,100,60,"org.axonframework.extension.tracing.opentelemetry","org.axonframework.extension.tracing.opentelemetry.MetadataContextSetter,org.axonframework.extension.tracing.opentelemetry.OpenTelemetrySpanFactory$Builder,org.axonframework.extension.tracing.opentelemetry.MetadataContextGetter",""
"axon-tracing-opentelemetry-5.0.1",1,5,6,1,100,"org.slf4j",1,1,100,20,"org.axonframework.extension.tracing.opentelemetry","org.axonframework.extension.tracing.opentelemetry.OpenTelemetrySpan",""
"axon-update-5.0.1",5,23,2,5,100,"jakarta.annotation",4,13,80,56.52173913043478,"org.axonframework.update,org.axonframework.update.common,org.axonframework.update.api,org.axonframework.update.configuration","org.axonframework.update.UpdateCheckerHttpClient,org.axonframework.update.UpdateChecker,org.axonframework.update.LoggingUpdateCheckerReporter,org.axonframework.update.UpdateCheckerReporter,org.axonframework.update.UpdateCheckerConfigurationEnhancer,org.axonframework.update.common.DelayedTask,org.axonframework.update.api.UpdateCheckRequest,org.axonframework.update.api.Artifact,org.axonframework.update.api.ArtifactAvailableUpgrade",""
"axon-update-5.0.1",5,23,2,5,100,"org.slf4j",3,7,60,30.43478260869565,"org.axonframework.update,org.axonframework.update.detection,org.axonframework.update.configuration","org.axonframework.update.UpdateCheckerHttpClient,org.axonframework.update.UpdateChecker,org.axonframework.update.LoggingUpdateCheckerReporter,org.axonframework.update.UpdateCheckerConfigurationEnhancer,org.axonframework.update.detection.AxonVersionDetector,org.axonframework.update.detection.MachineId,org.axonframework.update.configuration.PropertyFileUsagePropertyProvider",""
"axon-messaging-5.0.1",57,570,8,56,98.25,"jakarta.annotation",56,375,98.24561403508771,65.78947368421052,"org.axonframework.messaging.monitoring,org.axonframework.messaging.monitoring.interception,org.axonframework.messaging.monitoring.configuration,org.axonframework.messaging.commandhandling,org.axonframework.messaging.commandhandling.distributed,org.axonframework.messaging.commandhandling.annotation,org.axonframework.messaging.commandhandling.interception,org.axonframework.messaging.commandhandling.gateway,org.axonframework.messaging.commandhandling.retry,org.axonframework.messaging.commandhandling.tracing,org.axonframework.messaging.commandhandling.configuration,org.axonframework.messaging.eventhandling,org.axonframework.messaging.eventhandling.annotation,org.axonframework.messaging.eventhandling.replay,org.axonframework.messaging.eventhandling.replay.annotation,org.axonframework.messaging.eventhandling.interception,org.axonframework.messaging.eventhandling.gateway,org.axonframework.messaging.eventhandling.sequencing,org.axonframework.messaging.eventhandling.conversion,org.axonframework.messaging.eventhandling.processing,org.axonframework.messaging.eventhandling.processing.streaming,org.axonframework.messaging.eventhandling.processing.streaming.token,org.axonframework.messaging.eventhandling.processing.streaming.token.annotation,org.axonframework.messaging.eventhandling.processing.streaming.token.store,org.axonframework.messaging.eventhandling.processing.streaming.token.store.inmemory,org.axonframework.messaging.eventhandling.processing.streaming.token.store.jdbc,org.axonframework.messaging.eventhandling.processing.streaming.token.store.jpa,org.axonframework.messaging.eventhandling.processing.streaming.pooled,org.axonframework.messaging.eventhandling.processing.streaming.segmenting,org.axonframework.messaging.eventhandling.processing.subscribing,org.axonframework.messaging.eventhandling.processing.errorhandling,org.axonframework.messaging.eventhandling.tracing,org.axonframework.messaging.eventhandling.configuration,org.axonframework.messaging.eventstreaming,org.axonframework.messaging.queryhandling,org.axonframework.messaging.queryhandling.distributed,org.axonframework.messaging.queryhandling.annotation,org.axonframework.messaging.queryhandling.interception,org.axonframework.messaging.queryhandling.gateway,org.axonframework.messaging.queryhandling.configuration,org.axonframework.messaging.core,org.axonframework.messaging.core.annotation,org.axonframework.messaging.core.reflection,org.axonframework.messaging.core.interception,org.axonframework.messaging.core.interception.annotation,org.axonframework.messaging.core.correlation,org.axonframework.messaging.core.conversion,org.axonframework.messaging.core.retry,org.axonframework.messaging.core.unitofwork,org.axonframework.messaging.core.unitofwork.annotation,org.axonframework.messaging.core.unitofwork.transaction,org.axonframework.messaging.core.timeout,org.axonframework.messaging.core.configuration,org.axonframework.messaging.core.configuration.reflection,org.axonframework.messaging.tracing,org.axonframework.messaging.tracing.attributes","org.axonframework.messaging.monitoring.NoOpMessageMonitor,org.axonframework.messaging.monitoring.MessageMonitor,org.axonframework.messaging.monitoring.MultiMessageMonitor,org.axonframework.messaging.monitoring.interception.MonitoringEventDispatchInterceptor,org.axonframework.messaging.monitoring.interception.MonitoringQueryHandlerInterceptor,org.axonframework.messaging.monitoring.interception.MonitoringEventHandlerInterceptor,org.axonframework.messaging.monitoring.interception.MonitoringCommandHandlerInterceptor,org.axonframework.messaging.monitoring.interception.MonitoringSubscriptionQueryUpdateDispatchInterceptor,org.axonframework.messaging.monitoring.configuration.MessageMonitorRegistry",""
"axon-messaging-5.0.1",57,570,8,56,98.25,"org.slf4j",14,30,24.561403508771928,5.263157894736842,"org.axonframework.messaging.commandhandling,org.axonframework.messaging.commandhandling.distributed,org.axonframework.messaging.eventhandling,org.axonframework.messaging.eventhandling.processing.streaming.token.store.inmemory,org.axonframework.messaging.eventhandling.processing.streaming.token.store.jdbc,org.axonframework.messaging.eventhandling.processing.streaming.token.store.jpa,org.axonframework.messaging.eventhandling.processing.streaming.pooled,org.axonframework.messaging.eventhandling.processing.streaming.segmenting,org.axonframework.messaging.queryhandling,org.axonframework.messaging.queryhandling.distributed,org.axonframework.messaging.core.annotation,org.axonframework.messaging.core.interception,org.axonframework.messaging.core.unitofwork,org.axonframework.messaging.core.timeout","org.axonframework.messaging.commandhandling.SimpleCommandBus,org.axonframework.messaging.commandhandling.distributed.DistributedCommandBus$DistributedHandler,org.axonframework.messaging.commandhandling.distributed.DistributedCommandBus,org.axonframework.messaging.eventhandling.EventSubscribers,org.axonframework.messaging.eventhandling.processing.streaming.token.store.inmemory.InMemoryTokenStore,org.axonframework.messaging.eventhandling.processing.streaming.token.store.jdbc.JdbcTokenStore,org.axonframework.messaging.eventhandling.processing.streaming.token.store.jpa.JpaTokenStore,org.axonframework.messaging.eventhandling.processing.streaming.pooled.CoordinatorTask,org.axonframework.messaging.eventhandling.processing.streaming.pooled.Coordinator",""
"axon-messaging-5.0.1",57,570,8,56,98.25,"reactor.core.publisher",5,8,8.771929824561402,1.4035087719298245,"org.axonframework.messaging.queryhandling,org.axonframework.messaging.queryhandling.annotation,org.axonframework.messaging.queryhandling.gateway,org.axonframework.messaging.core,org.axonframework.messaging.core.annotation","org.axonframework.messaging.queryhandling.MonoSinkWrapper,org.axonframework.messaging.queryhandling.annotation.MethodQueryHandlerDefinition$MethodQueryHandlingMember,org.axonframework.messaging.queryhandling.gateway.DefaultQueryGateway,org.axonframework.messaging.core.FluxMessageStream,org.axonframework.messaging.core.FluxUtils$FluxStreamAdapter,org.axonframework.messaging.core.MonoUtils,org.axonframework.messaging.core.FluxUtils,org.axonframework.messaging.core.annotation.MessageStreamResolverUtils",""
"axon-messaging-5.0.1",57,570,8,56,98.25,"com.fasterxml.jackson.annotation",3,6,5.263157894736842,1.0526315789473684,"org.axonframework.messaging.eventhandling.processing.streaming.token,org.axonframework.messaging.eventhandling.processing.streaming.token.store,org.axonframework.messaging.core","org.axonframework.messaging.eventhandling.processing.streaming.token.GapAwareTrackingToken,org.axonframework.messaging.eventhandling.processing.streaming.token.MergedTrackingToken,org.axonframework.messaging.eventhandling.processing.streaming.token.GlobalSequenceTrackingToken,org.axonframework.messaging.eventhandling.processing.streaming.token.ReplayToken,org.axonframework.messaging.eventhandling.processing.streaming.token.store.ConfigToken,org.axonframework.messaging.core.RemoteExceptionDescription",""
"axon-messaging-5.0.1",57,570,8,56,98.25,"org.reactivestreams",3,6,5.263157894736842,1.0526315789473684,"org.axonframework.messaging.queryhandling.annotation,org.axonframework.messaging.queryhandling.gateway,org.axonframework.messaging.core","org.axonframework.messaging.queryhandling.annotation.MethodQueryHandlerDefinition$MethodQueryHandlingMember,org.axonframework.messaging.queryhandling.gateway.QueryGateway,org.axonframework.messaging.queryhandling.gateway.DefaultQueryGateway,org.axonframework.messaging.core.FluxMessageStream,org.axonframework.messaging.core.FluxUtils,org.axonframework.messaging.core.FluxMessageStream$1",""
"axon-messaging-5.0.1",57,570,8,56,98.25,"jakarta.persistence",1,3,1.7543859649122806,0.5263157894736842,"org.axonframework.messaging.eventhandling.processing.streaming.token.store.jpa","org.axonframework.messaging.eventhandling.processing.streaming.token.store.jpa.JpaTokenStore,org.axonframework.messaging.eventhandling.processing.streaming.token.store.jpa.TokenEntry,org.axonframework.messaging.eventhandling.processing.streaming.token.store.jpa.JpaTokenStoreConfiguration",""
"axon-messaging-5.0.1",57,570,8,56,98.25,"jakarta.validation",1,2,1.7543859649122806,0.3508771929824561,"org.axonframework.messaging.core.interception","org.axonframework.messaging.core.interception.BeanValidationInterceptor,org.axonframework.messaging.core.interception.JSR303ViolationException",""
"axon-messaging-5.0.1",57,570,8,56,98.25,"reactor.util.concurrent",1,2,1.7543859649122806,0.3508771929824561,"org.axonframework.messaging.queryhandling.gateway","org.axonframework.messaging.queryhandling.gateway.QueryGateway,org.axonframework.messaging.queryhandling.gateway.DefaultQueryGateway",""
"axon-common-5.0.1",13,150,11,8,61.54,"jakarta.annotation",6,51,46.15384615384615,34,"org.axonframework.common,org.axonframework.common.util,org.axonframework.common.property,org.axonframework.common.infra,org.axonframework.common.lifecycle,org.axonframework.common.configuration","org.axonframework.common.ReflectionUtils,org.axonframework.common.ConstructorUtils,org.axonframework.common.StringUtils,org.axonframework.common.FutureUtils,org.axonframework.common.TypeReference,org.axonframework.common.AxonThreadFactory,org.axonframework.common.util.ExecutorServiceFactory,org.axonframework.common.property.PropertyAccessStrategy,org.axonframework.common.infra.JacksonComponentDescriptor",""
"axon-common-5.0.1",13,150,11,8,61.54,"org.slf4j",4,8,30.76923076923077,5.333333333333333,"org.axonframework.common,org.axonframework.common.property,org.axonframework.common.lifecycle,org.axonframework.common.configuration","org.axonframework.common.TypeReflectionUtils$VarMap,org.axonframework.common.IdentifierFactory,org.axonframework.common.TypeReflectionUtils,org.axonframework.common.property.AbstractMethodPropertyAccessStrategy,org.axonframework.common.lifecycle.ShutdownLatch,org.axonframework.common.configuration.DefaultComponentRegistry,org.axonframework.common.configuration.DefaultAxonApplication$AxonConfigurationImpl,org.axonframework.common.configuration.DefaultAxonApplication",""
"axon-common-5.0.1",13,150,11,8,61.54,"com.fasterxml.jackson.databind",1,1,7.6923076923076925,0.6666666666666666,"org.axonframework.common.infra","org.axonframework.common.infra.JacksonComponentDescriptor",""
"axon-common-5.0.1",13,150,11,8,61.54,"com.fasterxml.jackson.databind.node",1,1,7.6923076923076925,0.6666666666666666,"org.axonframework.common.infra","org.axonframework.common.infra.JacksonComponentDescriptor",""
"axon-common-5.0.1",13,150,11,8,61.54,"jakarta.persistence",1,2,7.6923076923076925,1.3333333333333333,"org.axonframework.common.jpa","org.axonframework.common.jpa.SimpleEntityManagerProvider,org.axonframework.common.jpa.EntityManagerProvider",""
"axon-common-5.0.1",13,150,11,8,61.54,"javax.cache",1,1,7.6923076923076925,0.6666666666666666,"org.axonframework.common.caching","org.axonframework.common.caching.JCacheAdapter",""
"axon-common-5.0.1",13,150,11,8,61.54,"javax.cache.configuration",1,2,7.6923076923076925,1.3333333333333333,"org.axonframework.common.caching","org.axonframework.common.caching.JCacheAdapter$JCacheListenerAdapter,org.axonframework.common.caching.JCacheAdapter",""
"axon-common-5.0.1",13,150,11,8,61.54,"javax.cache.event",1,1,7.6923076923076925,0.6666666666666666,"org.axonframework.common.caching","org.axonframework.common.caching.JCacheAdapter$JCacheListenerAdapter",""
"axon-common-5.0.1",13,150,11,8,61.54,"org.ehcache.config",1,1,7.6923076923076925,0.6666666666666666,"org.axonframework.common.caching","org.axonframework.common.caching.EhCacheAdapter",""
"axon-common-5.0.1",13,150,11,8,61.54,"org.ehcache.core",1,1,7.6923076923076925,0.6666666666666666,"org.axonframework.common.caching","org.axonframework.common.caching.EhCacheAdapter",""
"axon-common-5.0.1",13,150,11,8,61.54,"org.ehcache.event",1,3,7.6923076923076925,2,"org.axonframework.common.caching","org.axonframework.common.caching.EhCacheAdapter$CacheEventListenerAdapter,org.axonframework.common.caching.EhCacheAdapter,org.axonframework.common.caching.EhCacheAdapter$1",""
